fen,category,our_move,sf_best,cploss,refut,aggressive,drop_fen,game,our_color
r2qk2r/pb1nbpp1/7p/2Pp4/1P1Q2P1/2NpPP1P/P7/R1B1K1NR w KQkq - 1 15,overpush,a2a3,c3d5,102,0,1,q4rk1/5pp1/6np/2P5/1P4P1/2QRP2P/8/r1B1K1N1 b - - 0 30,0,white
2r2k2/1p2Rp2/1bp5/p2p1N1p/r4P1N/6P1/2K4P/3R4 b - - 1 35,minor,a4c4,c8c7,8,0,1,1r3k2/1p4R1/2p2p2/p1bp1N1p/2r2P2/3K1NP1/7P/3R4 w - - 4 41,3,black
r3kbr1/pp1bq2p/2p5/1P3p1P/1nPNp1n1/2N1P3/PB1Q1P2/R3KB1R w KQq - 1 18,downstream,a2a3,a2a3,15,1,1,1r2kbr1/p2b3p/2p5/5p1P/2P5/P1N1q3/1BQ1N3/R3K2R b KQ - 1 24,12,white
1r2kb1r/3n1pp1/P1Q1p2p/p2p4/2pq4/B7/P3BPPP/RN3RK1 b k - 3 17,overpush,d4a1,f8b4,235,0,1,1r2kb1r/P2n1pp1/2Q1p2p/p2pq3/2p5/B7/P3BPPP/1N3RK1 w k - 1 19,15,black
2rr4/3bbk1p/1P3p2/2Pp4/3BnP2/1N2P3/5P1P/2R1K1R1 w - - 1 30,downstream,f2f3,f2f3,-24,0,1,r7/4bk2/1P3p2/2P4p/2RBbP2/4P2P/6r1/3R1K2 b - - 2 38,16,white
1r6/4r1k1/p1p3p1/PpKb1pP1/1P3P2/4p3/2P3BR/4R3 b - - 2 42,other_error,b8d8,d5c4,46,1,0,r7/6k1/pKp3p1/Pp3pP1/1P2rP2/4p3/2P1R3/4R3 w - - 3 46,41,black
r1bq1rk1/pp1nnpp1/4p2p/2p5/3P4/2NBPN2/PPQ2PPP/2R1K2R w - - 0 13,minor,d4c5,h2h3,27,1,1,r2q1rk1/pp1b1pp1/4p2p/1P1nP3/8/5N2/PQ2NPPP/2R2K1R b - - 6 23,46,white
r1b1k2r/p3ppbp/q1pp2p1/2PnP3/P2Q4/2N2N1P/1PPB1PP1/R3K2R w KQkq - 0 14,downstream,c5d6,c5d6,19,1,1,2r2rk1/p4pbp/q5p1/P2pN3/3QbP2/2B4P/1PP3P1/2KRR3 b - - 0 21,54,white
r1bqk2r/4bppp/pp2p3/2nn4/3N4/1P1BP2P/PB3PP1/RN1Q1K1R w kq - 1 12,minor,d4c6,d3e2,26,1,0,r1bqk2r/4bppp/ppN1p3/2n5/8/1P1BP2P/PB4P1/RN1Q1K1R b kq - 0 13,64,white
8/1p6/2P2p2/Pp6/3N1kpp/5P2/4K1Pn/8 b - - 0 45,minor,b7c6,g4f3,4,1,1,8/8/P1p2p2/1p6/3N1kpp/5n2/4K1P1/8 w - - 0 47,69,black
r6r/1p2kp2/2pb1np1/3pN3/1p1P4/1P1BPN1b/P1P2P1P/R3K1R1 w Q - 6 21,minor,f3g5,d3g6,29,0,0,r7/1p1bkp2/2pb2pr/3p2N1/1p1P3P/1P1BP3/P1PN1P1n/R5KR b - - 8 27,78,white
1r2k2N/p2bb1pp/2p1pn2/8/2N5/2PP2P1/PP3P1P/R3K2R w KQ - 1 21,other_error,e1d1,c4e5,212,0,0,5k1N/p2bb1pp/2p2n2/8/8/2PP2P1/P2N1r1P/R2KR3 b - - 3 28,86,white
4k2r/1p5p/2p3pb/p1p4P/P1P1Pp1q/1NNr1Q2/1P3P2/R4RK1 w k - 1 24,overpush,f3d3,f3g2,471,1,1,4k2r/1p5p/2p3pb/p1p4P/P1P1Ppq1/1NNQ4/1P3P1K/R4R2 b k - 2 25,96,white
2kr1b1r/pp2qppp/1n6/2pn1b2/P1p5/2N2N2/1P1BBPPP/R2Q1RK1 b - - 1 13,downstream,d5c3,d5c3,0,1,1,3R1b1r/1k6/1p6/pBp3p1/P7/5Kp1/5P1P/8 w - - 0 36,103,black
8/5k2/K2b4/2p5/1r3pn1/8/1P2R1N1/5R2 b - - 9 65,minor,g4h2,g4f6,5,1,0,8/5k2/K7/2p5/1r3b2/8/1P2R1Nn/8 w - - 0 67,119,black
r1b2k1r/1p3pn1/2pPp1p1/p7/6q1/5NB1/PQ3PK1/R6R b - - 1 26,downstream,h8h1,h8h1,60,1,1,r3b1k1/1p3pn1/2pPpQp1/p3N3/8/5P2/P1q2BK1/7R w - - 3 32,123,black
r1b4r/p3kppp/1pP1pn2/2n5/2PNpB2/P1P5/5PPP/R3KB1R w KQ - 2 15,downstream,d4b5,d4b5,-9,0,0,r1b4r/p3k1pp/2P2p2/2pRp3/2P1p3/P1P5/4BPPP/2K4R b - - 3 22,126,white
r2qkb1r/pp1b2p1/n1pp1n1p/5pN1/2PPp2P/2N1P3/PP2BPP1/R1BQK2R w KQkq - 0 10,downstream,e2h5,e2h5,23,0,1,1r2qb1N/pp2k1p1/n1pp3p/5b1n/2PPN1pP/4P3/PPQ2P2/R1B1K2R b KQ - 0 16,132,white
r3k2r/pp2qp1p/1np1bp2/1N2p2Q/3bP3/6NP/PPP1BPP1/3RK2R b Kkq - 5 16,downstream,c6b5,c6b5,8,0,1,r5kr/pp2qp1p/1n2bp1Q/1B2p3/1p2P3/2P3NP/PP3KP1/3R3R w - - 4 21,137,black
r3r2k/pb3p1B/1p3bp1/2pq4/3p4/PP3N1P/2QPNPP1/1R2K2R w K - 0 19,downstream,h7g6,h7g6,1,1,1,r3r2k/pb4b1/1p6/2p5/3pQ3/PP3N1P/3PNPP1/1R2K2R b K - 0 22,140,white
r1bq1r2/2p1b1k1/3p2pp/p1pPpp2/P1P1P3/1PN2N1P/3Q1PP1/2R1R1K1 w - - 0 20,minor,d2e3,c1d1,-4,0,0,5r2/4b1k1/3pP3/p1p1p2q/P1P1PpN1/1r3Pp1/3R2P1/3QR1K1 b - - 1 32,142,white
r1b1kb1r/1p3pp1/2pp1n1p/p2Pp3/nqP1P3/4B2P/P1B1NPP1/1R1Q1RK1 b kq - 1 13,downstream,a4b2,a4b2,0,0,0,2r1kb1r/2P2pp1/b2p1n1p/p3p3/p3P3/4B2P/PR3PP1/2Q3K1 w k - 3 21,143,black
r1b1k1r1/ppp1b2B/2npqp2/8/8/2P2N1P/P1Q2PP1/R1B2RK1 b q - 0 14,downstream,g8g2,g8g2,9,1,1,r1b1k3/ppp5/3p4/5pb1/8/2Pn1N1R/P3KP2/R7 w q - 0 27,163,black
8/1b2rpk1/6P1/2Q4p/1P2r1nP/q4NP1/3PP1R1/3RK3 w - - 0 35,overpush,g6f7,d2d3,142,1,1,8/1b2rPk1/8/6Qp/1P2r1nP/5qP1/3PP1R1/3RK3 b - - 1 36,166,white
r1b1k2r/1p3pb1/3p1np1/p2P2np/3B3P/6P1/Pq2NPB1/2RQ1RK1 b kq - 1 19,downstream,g5f3,g5f3,35,1,1,r1b1k2r/1p3pb1/3p1np1/pq1P3p/3B3P/5BP1/P3NP2/2RQ1RK1 w kq - 1 21,169,black
2r1qrk1/N2n1pbp/5np1/4pb2/Q2B4/1P1P4/P1P2PPP/RN2KB1R w KQ - 0 15,other_error,d4c3,d4e3,141,0,0,r4rk1/N2n1pbp/5qp1/5b2/Q2Pp3/NP2P2P/P1P3P1/R3KB1R b KQ - 0 21,174,white
3r1rk1/pp2pp1p/2q2np1/2p2RN1/2P5/1P1P2P1/PB1Q3P/4R1K1 b - - 0 20,downstream,g6f5,g6f5,-13,1,1,5rk1/pp2R3/2q1pn1p/2p2p2/2P5/1P1Q2P1/PB5P/6K1 w - - 0 24,175,black
r4r1k/1bq2p1p/p4p1N/Pp1p3B/1bpN3P/6P1/4RP2/3QR1K1 b - - 0 27,downstream,a8b8,a8b8,45,0,0,b1r2r1k/2q2p1p/p4p1N/P2p3B/1ppN3P/6P1/4RP2/4Q1K1 w - - 0 32,177,black
r1b2k1r/1p1p4/pR1P1pp1/B1p4p/2p2qn1/5B1P/2Q2PP1/3R2K1 b - - 0 24,downstream,f4h2,f4h2,-26,0,1,2b2k2/rp1p1n1r/pR1P4/2pB1p2/2p3Pp/8/1Q1B1PP1/4RK1q w - - 1 34,179,black
2rqr1k1/1n2pp2/p5p1/1p1P2Pp/1Q3P1P/P1N1P3/1PP5/2KR3R w - - 1 24,other_error,b4e4,d1d4,38,0,0,4r1k1/4pp2/p2n2p1/3PQ1Pp/1Pr2P1P/4P3/1PP5/qNK1R2R b - - 2 29,182,white
1r4k1/pp1R2p1/1qr1p2p/5P1P/2p3Q1/2P3P1/4R1nK/8 b - - 1 51,downstream,g7g5,g7g5,139,0,1,5rk1/1p1R4/pqr1P2p/6pP/2p3Q1/2P3P1/4R1K1/8 w - - 0 54,189,black
4r1k1/RR5p/5b2/B2p1p2/P7/5K2/8/3r4 b - - 6 37,minor,f6d4,d1d3,-64,0,0,6k1/RR5p/P7/3p1p2/8/2r5/r3K3/8 w - - 13 57,191,black
r4r1k/pp4pp/2pP3n/1q2Pb2/8/2Q3P1/PP1P2BP/R1B3KR w - - 3 20,overpush,d2d4,d2d3,125,0,1,r4r1k/pp4pp/2pP3n/4P3/P2Pb3/1P4qP/3Q2B1/R1B3KR b - - 0 24,200,white
3rk2r/pp3ppp/4bn2/2q5/2p5/1nN2BQ1/PB4PP/R3R2K b k - 1 19,downstream,b3a1,b3a1,0,1,1,4kr2/pp3p1p/4bQ2/2q5/2p5/2Nr1B2/PB4PP/n3R2K w - - 1 22,215,black
2brk2r/1RQ3pp/2n2p2/p2p4/7P/3p1NP1/2qBnP1K/4RB2 b k - 3 24,downstream,c8b7,c8b7,-25,1,1,3rkr2/1b4Qp/5p2/p2pN3/7P/6P1/3BRP1K/3q4 w - - 1 29,219,black
r4bk1/5p1p/r2p1Bp1/qp2p1P1/1pn1PPRP/8/PPP2Q2/1KNR4 w - - 0 30,other_error,f2f3,b2b3,215,1,0,r4bk1/q4p1p/r2p1Bp1/1p2p1P1/2n1PPRP/1P1R1Q2/p1P5/K1N5 b - - 1 34,220,white
r4k1r/1p3ppp/p4n2/2b2N2/3p4/1P3P2/1P1B1P1P/R3R1K1 b - - 2 21,other_error,a8e8,f6d5,94,0,0,4kbr1/1R3p1p/p4np1/8/8/1P1pNP2/1P1B1P1P/6K1 w - - 2 27,247,black
r1bRnk1r/1p2b1pp/4p3/p3Np2/2N2BP1/2PQ3P/qP3P2/2KR4 b - - 2 19,overpush,e7d8,a5a4,167,1,1,r1bQnk1r/1p4pp/4p3/p3N3/2N2BP1/2P5/1P3P2/q1KR4 w - - 1 22,251,black
rn1q1rk1/1p3pb1/p2p2pp/2pP3n/2P3b1/1Q1BBN2/PP3PPP/RN3RK1 w - - 7 13,overpush,b3b7,b1d2,206,0,1,5rk1/5pb1/p2Q2pp/2pPn2n/2P4q/2N1BP2/Pr2BP1P/3R1RK1 b - - 1 19,262,white
4k3/5p1p/4b1p1/4R3/p5P1/4PP1P/2p1BK2/8 w - - 0 39,downstream,e5c5,e5c5,-8,0,0,3k4/5p1p/6p1/1B6/6P1/pb2PP1P/2R2K2/8 b - - 0 43,266,white
2b5/5Q2/p5pk/P6p/4P3/6P1/1r2rP1P/6K1 w - - 1 46,minor,f7f8,f7f4,0,0,1,8/7k/Q5p1/P6p/4P3/6P1/5r1r/6K1 b - - 5 52,272,white
r1b1k2r/pp1p1p1p/2n3pB/q2N4/8/6P1/3NPPBP/b2QK2R b Kkq - 3 16,minor,a1e5,c6e7,2,0,0,r1b1k2r/1p1p1p1p/2n3pB/p2Nbq2/8/5NP1/4PPBP/2QR2K1 w kq - 8 23,273,black
6k1/b1N4p/4p3/PP6/R7/7p/1P2K3/6r1 w - - 3 44,overpush,c7e6,a4h4,259,0,1,6k1/b6p/4N3/PP6/5R2/8/1P2K2p/6r1 b - - 1 45,284,white
r1b2rk1/pp3p2/2np3p/2qN2p1/4P2P/1R4p1/P1PQB1K1/5R2 b - - 0 21,other_error,c5d4,c8e6,70,1,0,r6k/pp3p2/2nR1NBp/4q1p1/2b4P/2P2Rp1/P2Q2K1/8 w - - 0 32,285,black
r1b2k1r/1p3ppp/p3pn2/3nN3/2p1P1P1/2N5/PP2P1BP/2KR3R b - - 1 15,downstream,d5e3,d5e3,41,0,0,r1bRnk1r/1p3ppp/p3p3/4N3/2p1P1P1/2N1n3/PP2P1BP/2K4R w - - 4 17,287,black
6k1/5pp1/5p1p/bR1P4/4P3/4KP1P/r5P1/2r2B1R w - - 1 33,overpush,b5b8,d5d6,90,0,1,8/1R3ppk/5p1p/3P4/3KP3/5P1P/r2b2P1/2r2B1R b - - 6 35,292,white
1br2k1r/ppq2pp1/2b1pn2/3pP2p/1P1P3B/4P2P/P1R3P1/RB1Q2K1 b - - 0 21,overpush,a7a6,f6d7,40,0,1,2r2k2/1pb2p1r/4pB2/1q1bP2p/3Pp3/4P2P/2R3P1/R1Q3K1 w - - 0 33,293,black
1R2b1rk/1R5p/2pBpb1P/p1prN1p1/q1Np2Pn/3P1P1K/2P1Q3/8 b - - 3 40,downstream,a4a1,a4a1,6,0,0,1R2b1rk/7p/2pBpb1P/p1prN1p1/2Np2Pn/3P1P1K/q1P1Q3/1R6 w - - 6 42,297,black
4k2r/p4p1p/4p3/3p4/3Pn3/P3P3/P1r2PPP/R3BK1R w k - 5 19,minor,a1b1,h2h4,-2,0,0,6k1/p4p1p/1r2p3/3p4/3P2P1/P3PP2/P1r4P/3R1KR1 b - - 0 25,298,white
3r1k1r/2R1pP2/5b2/1p3K1p/p4N2/7P/B4PP1/4n3 b - - 1 37,other_error,d8b8,f8g7,1194,0,0,1r3k2/2R1pP2/5bKr/1p5p/p4N2/7P/B4PP1/4n3 w - - 4 39,303,black
1Q6/p2b1ppk/4pP1p/q2p4/2pP4/b4B2/K1P1PP1P/3R3R w - - 3 25,other_error,a2b1,d1a1,337,0,0,1Q6/p4ppk/4pP1p/qb1p4/2pP4/b1P2B2/4PP1P/1K1R3R b - - 0 26,310,white
r1bqk2r/1p2npp1/p2b3p/8/3PQ2P/5N2/PP3PP1/R1B1KB1R w KQkq - 2 14,overpush,h4h5,f1e2,74,0,1,r1bqr1k1/1p2npp1/p2b3p/7P/3P3R/5N2/PP2QPP1/R1B1KB2 b Q - 4 16,326,white
4bk2/4bpp1/r1p1P3/1p5p/3NRPnP/2PP2P1/PR6/1K6 w - - 1 30,other_error,b2e2,c3c4,103,0,0,4bk2/4b1p1/r1p1Pp2/7p/2PNRPnP/6P1/P3R3/1K6 b - - 0 32,328,white
r7/3Q1pk1/2P2q2/4b3/2P5/p2P3P/Rr3PP1/4R1K1 w - - 5 40,overpush,a2b2,d7g4,66,1,1,r7/5pk1/2P2q2/3Qb3/2P5/3P3P/1p3PP1/4R1K1 b - - 1 41,338,white
5bk1/1r6/5Pb1/q6p/2PB4/1P6/1Q6/3K2R1 w - - 1 53,overpush,g1g6,b2c2,423,0,1,5b2/3r1k2/5P2/7p/2PBq3/1P6/1Q1R4/3K4 b - - 8 57,370,white
r3kb1r/pp1b1pp1/2npp3/8/4PPqp/2N2N2/PPPQ1BPP/R3K2R b KQkq - 1 13,minor,g4g2,h4h3,0,0,1,r3kb2/pp1b1pp1/2npp3/7r/4PP1p/2N2N1q/PPPQKB1P/6RR w q - 4 16,371,black
2r1k2r/1pp5/4N1n1/p4p1p/P2Nb1pn/1B4K1/1P1B1P2/2R1R3 b k - 7 30,other_error,h8h7,c7c5,75,0,0,2r1k3/1pp4r/4N1n1/p4pBp/P2Nb1p1/1B3nK1/1P3P2/2R1R3 w - - 10 32,379,black
r1bqr1k1/pp3ppp/3b4/2p1n3/PnB5/1P2PN1P/3N1PP1/RQBR2K1 b - - 1 16,overpush,e5f3,e5c4,153,1,1,r1b1r1k1/pp3ppp/8/2p5/PnB5/1P2PN1P/5PPK/RQBq4 w - - 0 19,387,black
8/7k/6p1/pNP5/P1qP1P2/6p1/3B2Pn/R5K1 w - - 1 38,overpush,d2a5,a1e1,100,0,1,8/7k/6p1/BNP5/P2P1Pn1/6p1/4q1P1/4R2K b - - 4 40,388,white
r5k1/pp2ppb1/8/q1p1n1PN/2br4/2N1Q2P/PP1P1P2/1RB1K2R w K - 1 20,downstream,h5g7,h5g7,-4,1,1,8/pp1rpp2/b5k1/3q4/N5P1/1P1nQP2/3P4/BR1K4 b - - 2 31,0,white
2r5/1p5k/5p1b/1P3b2/6nP/1PBn2P1/P2p1P2/3B1RKR w - - 3 33,other_error,c3d4,c3a5,55,0,0,2r2b2/1p5k/5p2/1P3b2/3B1PnP/1P4PR/P2p4/3BnRK1 b - - 2 35,2,white
rn3k1r/1b1pbpp1/p4q2/3P4/1p3N2/2P2NP1/4QPB1/R3R1K1 b - - 4 19,overpush,b4c3,g7g5,158,0,1,rn2k2r/1b1pbpp1/p4q2/3PN3/5N2/2p3P1/4QPB1/R3R1K1 w - - 2 21,25,black
5rk1/N2n2p1/1p1b3p/3P4/P3P3/5P1q/1P3Q2/R2R1K2 w - - 0 29,downstream,f1e2,f1e2,29,0,0,6k1/3q2p1/2N4p/3P4/P1n1Pb2/1r6/1P6/1R1K2QR b - - 7 35,30,white
5rk1/1q1p2r1/4p3/QP1bPp2/2pP1npp/2P2P2/P2N2PP/1R1RN2K w - - 0 31,other_error,a5a3,a5a6,252,1,0,5rk1/1q1p2r1/4p3/1P1bPp2/2pP1n1p/Q1P2N2/P2N2PP/1R1R3K b - - 0 32,42,white
2k2b1r/pp1r1Npp/4pn2/8/8/1P1nN3/P2PKPPP/R1B4R b - - 0 15,downstream,d3f4,d3f4,-4,0,1,2kr4/pp3rpp/4p3/7n/1b1PK1N1/1P6/P4PPP/R1B4R w - - 3 21,45,black
7r/qN5k/2Q3p1/4pp1p/p2p3P/8/3B2P1/7K b - - 1 38,other_error,h8b8,h8g8,50,1,0,7k/q5r1/8/5pNp/p3p2P/6P1/1Q1B3K/8 w - - 3 51,47,black
r2k1b1r/1p3p2/1q1pbn1p/pB4p1/PP2p3/7P/3N1PP1/1RBQ1RK1 b - - 0 17,other_error,b6c7,a5b4,121,0,0,3k3r/1pq2pb1/3p1n2/rB1b2pp/P2Bp3/7P/3N1PP1/1R1QR1K1 w - - 0 22,51,black
1rbq1knr/pp2bp2/2npp1p1/2p1P3/2P2B1P/2NP1N2/PP3PBP/R2QK2R w KQ - 1 11,overpush,e5d6,d1d2,82,1,1,1rb2k1r/pp2qp2/2n3p1/2p1p3/2P1Nn1P/3P1N2/PPQ2P1P/1K1RR2B b - - 7 18,56,white
r2r2k1/pb4pp/4p3/1N6/2B5/4PN2/PP5P/4K2R w - - 1 20,overpush,c4e6,h1f1,65,0,1,5r1k/pb6/6p1/7p/3Nr1B1/4PN1P/PP2K3/6R1 b - - 1 26,62,white
8/5ppk/P7/3p1P1K/3P4/2Q4P/7r/6r1 w - - 1 41,other_error,c3f3,c3e3,211,0,0,8/6pk/2Q2p2/3P1P2/4r3/6KP/8/3r4 b - - 2 50,70,white
r3k2r/1ppqppbp/2n3p1/1N1n1b2/3p3N/1P1P2PP/P2BPPB1/R2Q1RK1 b kq - 9 13,downstream,f5e6,f5e6,33,0,0,r1kr4/1ppqpp2/4bbp1/P1R4p/1n1p3P/2NP1NP1/2QBPPBK/5R2 w - - 0 25,105,black
q4rk1/1pB1ppbp/4b1p1/1Nnp4/1P1Nn3/2P2P1P/4P1P1/3QKB1R w K - 0 16,downstream,b4c5,b4c5,6,1,1,q1r3k1/1p1b1pb1/3B2p1/1Nnpp3/3N4/2P1PP2/6P1/3QKB1R b K - 1 21,120,white
rn6/p2k1p1p/2p5/1p1pP3/5B2/2PP2P1/P1P4P/4R1K1 w - - 2 18,other_error,g1g2,e5e6,190,0,0,8/3n1p1p/2p1k3/p3P2P/1pP1R1P1/6B1/P1PK4/2r5 b - - 8 31,138,white
3q1rk1/1r2p3/6pp/2N2p2/R1P5/2bPB1PP/4PP2/5K1R w - - 0 24,downstream,c5b7,c5b7,52,0,1,1r4k1/R3p3/3q3p/N5P1/2P2p2/2bPB1P1/4PPK1/7R b - - 0 29,140,white
2bq1rk1/1pp1b2p/r2p2p1/8/3p2Pn/2PP1B2/P4P1P/RNBQR1K1 w - - 1 15,minor,f3d5,f3h1,-11,0,1,2b2r2/1p4kp/r1pb1qp1/3pR1P1/3P1P1n/3P4/P6P/RNBQ2KB b - - 0 21,150,white
1b6/5pk1/2Q1p1pq/1P5r/3P4/1P3P2/3RR2P/7K w - - 9 38,other_error,c6b6,c6c3,121,1,0,8/5pk1/1Q2p1p1/1P5R/3P4/1P3P2/6K1/3q4 b - - 2 41,172,white
8/5p1k/7p/3b2n1/PP1B2P1/4P1b1/4r1P1/5RRK w - - 1 41,other_error,f1f5,a4a5,71,0,0,5k2/6R1/7p/6P1/PP1Bb3/6bn/4r1P1/6RK b - - 0 45,176,white
r4k2/R4p2/1B1pp1p1/Pp1n2P1/1P3P2/2b5/8/2R4K b - - 4 49,downstream,a8a7,a8a7,-3,1,1,5k2/5p2/P2pp1p1/1p4P1/1b6/8/4n3/2R3BK w - - 2 53,185,black
rnb2rk1/p3bppp/5n2/3pp3/2NqP3/1PNBB2P/1PQ2PP1/R3K2R w KQ - 0 17,overpush,c3d5,e3d4,93,1,1,rn3rk1/5ppp/bN6/p1BPp3/Rb2q3/1P1B3P/1PQ2PP1/6KR b - - 5 23,192,white
2r2rk1/pp1b2pp/q1p1p3/P1bp2Nn/1PPP4/3Q3P/5RPB/R5K1 b - - 1 21,other_error,h5f6,f8f5,935,1,0,2r3k1/pp1b2pp/q1p1pr2/P1bp2N1/1PPP4/3Q3P/6PB/R5K1 w - - 0 23,193,black
4b3/6k1/8/3Pb1p1/4P1P1/1P6/4BPK1/8 w - - 2 50,minor,b3b4,e2a6,21,0,1,8/8/8/bP1P2p1/3kP1P1/5PK1/B7/3b4 b - - 4 58,200,white
2r3k1/pp1bpr1p/n5pB/2pPp3/2P3P1/q1N4P/5P2/R3QBK1 b - - 2 24,downstream,a3b2,a3b2,-44,0,0,2r3k1/pp1bpr1p/n5pB/2pPp3/2P3P1/2N4P/2q2P2/1R2QBK1 w - - 5 26,227,black
r4knr/1p3p1p/p2p4/2pNp2R/4P1Q1/1P1PB3/2q3P1/6K1 b - - 1 19,overpush,c2b3,h7h6,96,0,1,1r3knr/1p3p2/p2p4/2pNp1Qp/4P3/3qB1R1/6PK/8 w - - 0 25,259,black
5rk1/1p2pp1p/8/5Qp1/P2P4/Pqr1P1P1/6BP/K1R4R w - - 0 28,overpush,f5g5,c1c3,187,0,1,8/3R4/1k6/3P4/P7/P1r3P1/2B1r2P/1K6 b - - 4 48,268,white
r2qkbnr/pp2pp1p/n1Pp2p1/8/2P1b3/5N1P/PP2PPP1/RNBQKB1R w KQkq - 1 7,downstream,c6b7,c6b7,-4,1,1,r6r/pb1kpp1p/n2p2p1/8/2P3nP/P1P1BNP1/4PP2/R2K1B1R b - - 0 16,276,white
4kb1r/rp3ppp/3p4/p1pPp3/N1P5/PR2BP2/1P2N1PP/4K2n b k - 1 19,downstream,f8e7,f8e7,5,0,0,6k1/rp2bppp/3p4/p1pPp3/N1P5/PR2BP2/1P4PP/4K2n w - - 0 23,293,black
7b/2k2N2/7B/4PpP1/2K2P1p/4r3/8/8 w - - 0 57,overpush,f7h8,c4d5,34,0,1,7N/2k5/6PB/4Pp2/2K2P2/4r2p/8/8 b - - 0 58,310,white
3r2r1/1q3pk1/8/b4p1Q/Pn1N3P/2NbP1P1/3P1P2/2R1K2R w K - 5 29,other_error,h1g1,d4f5,122,1,0,3br3/1q3pk1/8/1N3p1Q/Pn1P3P/3b2P1/3P1P2/2RK2R1 b - - 4 32,328,white
2kr4/1pp5/4b3/p7/1n2N3/P1b3PP/2p2PBB/2R3K1 w - - 2 34,downstream,e4c3,e4c3,2,0,1,3k4/8/1B2b3/8/6P1/P6P/5P2/1r3BK1 b - - 0 43,330,white
5bk1/5pp1/r6p/4PB1P/8/2P1P1P1/1q2NP2/3QK2R w K - 1 33,other_error,d1b1,e1g1,619,0,0,5bk1/5pp1/7p/4PB1P/8/2P1P1P1/1q2NP2/r2QK2R b K - 4 34,344,white
1rr3k1/1b3p2/1p1ppqpp/pPb5/3N4/P3P1P1/1P2QPBP/R2R2K1 b - - 1 19,overpush,b7g2,c5d4,65,1,1,2r3k1/5p2/1p1p1qpp/pP1Qp3/8/P3P1P1/1P3PKP/R7 w - - 1 25,345,black
2r2rk1/3b1pb1/6p1/q2P3p/1p2B1nP/3P2P1/1PPNQ3/2KR2BR w - - 1 25,other_error,d2b3,d2c4,94,0,0,2r2rk1/3b1pb1/6p1/3P3p/1p1PB1nP/1N4P1/qPP1Q3/2KR2BR b - - 0 26,366,white
2r2k2/p7/3p1p2/2p1pNb1/4q3/1R6/PP3P2/3Q1K1N b - - 1 34,downstream,e4h1,e4h1,-3,0,1,r5k1/pR6/3p1p2/2p1p1bQ/8/4N3/Pq2KP2/8 w - - 0 41,367,black
r3k2r/ppp5/1bnpNqpp/2P1pb2/8/P4QP1/1P1P1PBP/R1B2RK1 b kq - 0 14,downstream,d6c5,d6c5,3,0,1,5k1r/ppp5/1bnq3p/2pB1p2/7Q/P2p4/1P1B1P1P/4R2K w - - 1 25,381,black
r3kb1r/pppbq1p1/3p3p/8/2Pn1p2/P1N1PP2/1P1P2PP/R1BQKB1R w KQkq - 0 14,other_error,c3d5,f1d3,581,1,0,r3kb1r/pppb2p1/3p3p/3N4/2Pn1p1q/P3PPP1/1P1P3P/R1BQKB1R b KQkq - 0 15,394,white
r1qk3r/1p2pp1p/n4npQ/p1p5/2Pp4/2N2NPb/PP2BP2/3RR1K1 b - - 1 18,downstream,h3e6,h3e6,19,0,0,r3kr2/1p1qppQp/n4np1/p1pP2N1/3p4/6P1/PP2BP2/3RR1K1 w - - 3 23,5,black
2r3k1/5p1p/3p2p1/1N1P4/1PBpPb2/P4R2/6PP/6K1 w - - 1 32,downstream,f3f4,f3f4,-69,1,1,3N4/8/kP2P3/P2P4/1K6/7p/8/2r5 b - - 0 65,10,white
r4r2/p5bk/1p6/P1pQp2p/2P1P1pq/1nB5/4BPPP/R4RK1 w - - 2 25,downstream,a1a3,a1a3,29,0,0,3r1r2/pQ4bk/1p6/P1p1p2p/2P1P1pq/R1B5/4BPPP/2R3K1 b - - 0 27,24,white
3q1rk1/4bpp1/2n1b3/2p1p3/2P2n1P/P1QP1N1P/3N1P2/R3KB1R w KQ - 4 20,other_error,a1d1,h1g1,91,0,0,4r1k1/2qbbpp1/8/2p5/2Pp1n1P/P2P3P/1RQN1P2/4KB1R b K - 3 25,26,white
4r3/1r3pbk/3Bbnpp/2R5/3pp2P/2PP2P1/qP2PPB1/2Q1K1NR w K - 1 23,other_error,d6e5,b2b4,287,1,0,4r3/5pbk/4bnpp/2R1B2P/3Pp3/3P2P1/q3PPB1/1rQ1K1NR b K - 0 25,32,white
3r2k1/5pp1/7p/P3p2P/r3PnP1/1RRPQB2/5P1q/5K2 w - - 1 40,other_error,b3a3,b3b1,182,1,0,3r2k1/5pp1/7p/P3p2P/4PnP1/R2PQB2/1r3P1q/R4K2 b - - 6 42,38,white
3q1rk1/1p3ppp/3Rb3/r3Q1b1/2pP4/P1N2N2/P1P2PPP/4K2R w K - 1 20,overpush,d4d5,e5g5,211,0,1,5rk1/1p3ppp/3R4/r2P1b2/P1N2b2/2N5/P1P2PPP/5K1R b - - 0 24,40,white
r2n1bnr/pp3p1p/4k3/2P1N1p1/4pB2/2P5/PP3PPP/RN2K2R w KQ - 0 11,other_error,f4g3,f4e3,185,0,0,r2n1bnr/pp6/4k3/2P3pp/4pp2/2P1N1B1/PP1N1PPP/R3K2R b KQ - 1 14,46,white
1k6/pb3pp1/1b3q2/3P4/P1P4P/1P1Q1N2/5rP1/1R2K2R w - - 4 31,other_error,h1h2,a4a5,255,0,0,1k6/p2b1pp1/8/bP1P4/P1Q4P/4qN2/2R2rPR/3K4 b - - 2 38,52,white
4r3/kppr2p1/3N4/4p2p/P1N1n3/1Q2P2P/1B3qP1/2R4K b - - 1 34,downstream,c7d6,c7d6,31,0,1,1k1rr3/1p4p1/1Q6/3pp2p/P1N1n3/B3P2P/5qP1/2R4K w - - 2 38,53,black
6k1/6p1/p1b4p/2BpP2P/1P5R/P4pP1/2q1nP2/5Q1K w - - 4 41,other_error,c5e7,h1h2,249,0,0,6k1/3b2p1/p6p/4P2P/1P5R/P4pP1/2qBnP1K/5Q2 b - - 0 45,64,white
6k1/4bp2/1n6/p3P1pp/4P3/PN2P3/KP5P/4r1NR w - - 2 31,overpush,b3a5,b3d4,125,0,1,6k1/5p2/1n2P3/N1b3pp/4P3/P3P3/KP5P/4r1NR b - - 0 32,68,white
1k1r1b1r/Np3pp1/4q2p/P1p1p3/Qn6/4BNP1/5PBP/1R4K1 b - - 1 21,other_error,f8d6,e5e4,127,0,0,1kr4r/1p3pp1/3bq2p/PNp1p3/Qn6/4BNP1/5PBP/1R4K1 w - - 4 23,69,black
4rrk1/pb2q1bp/1ppp1pp1/3Pn1P1/Q1P1N2P/P1N1P3/1P3P2/R1B2K1R w - - 0 19,overpush,e4d6,f2f4,256,1,1,4rrk1/Qb4bp/1ppq1pp1/3Pn1P1/2P4P/P1N1P3/1P3P2/R1B2K1R b - - 0 20,74,white
1r2k2r/p2n2b1/3np1p1/1P3p1p/8/B1N3P1/R2NKP1P/2R5 b - - 0 22,overpush,d6b5,d6c8,38,1,1,1r1k3r/p2n2b1/3Np1p1/5p1p/8/B5P1/R3KP1P/2R5 w - - 4 26,77,black
5r2/3q4/1kp3B1/4b1Pp/1PnnQ1bP/2N5/2P2P2/2K1B1NR w - - 0 37,overpush,c3a4,e4d3,63,0,1,8/2k5/2p5/1q2b1Pp/rPnnB1PP/2Q5/2P5/2K1B1NR b - - 1 42,84,white
4rrk1/3b2pp/p1n1pb1B/2pqp3/Pp4Q1/3P3P/1P1NBPP1/2R1R1K1 b - - 2 19,downstream,c6d4,c6d4,-7,0,0,4rrk1/3b2pp/p3pb1B/2pqp3/Pp2N1Q1/3P3P/1P2nPP1/2R1R1K1 w - - 0 21,95,black
1rr3k1/5pb1/6p1/7p/q2N4/3QP1P1/PP2P2P/1K1R3R w - - 0 26,downstream,d1c1,d1c1,-26,0,0,8/3R1pbk/6p1/7p/1P6/2r1P1P1/q1NQ3P/3K4 b - - 3 47,116,white
rq2k2r/1b1p1pp1/p2bpn2/1pp1P3/7p/P1NP1BP1/1PPN3P/R1BQ1RK1 b kq - 0 15,downstream,d6e5,d6e5,-6,1,1,r3k2r/1q3pp1/p3pn2/1ppp4/3b4/P1NP1QP1/1PPN2K1/R1B2R2 w kq - 0 20,119,black
8/q4k2/4N3/3p1P1p/3Pn3/1P2r1P1/6R1/1R1K1B2 w - - 0 51,overpush,g3g4,e6c5,214,0,1,8/5k2/8/q2p1PNp/3Pn1P1/1P2r3/6R1/1R1K1B2 b - - 2 52,128,white
rnbqk2r/pp3pbp/6p1/2pn4/5N2/4P1P1/PP1P1PBP/R1BQK2R w KQkq - 0 10,overpush,g2d5,f4d5,185,0,1,r1bq1rk1/pp1n1pbp/8/2pB2pQ/5N2/4P1P1/PP1P1P1P/1RB1K1R1 b - - 5 13,148,white
6k1/4b3/K3p3/1P6/p5pp/4P3/6r1/1R5R b - - 3 34,other_error,g2e2,a4a3,395,0,0,6k1/1P2b3/4p3/1Kr5/p5pp/4P3/8/1R5R w - - 3 38,151,black
5r2/p6p/1pP2k2/2p5/4Bb2/3P2R1/PP4KP/8 w - - 0 38,downstream,g3g4,g3g4,-2,0,0,7b/8/1pPk4/8/p3B2P/1P1P4/6K1/8 b - - 0 47,152,white
2r1k2r/2nNq1pp/4p3/1pp2p2/2P2P2/1pP3P1/1K1RQ2P/3R4 b k - 3 26,overpush,b5c4,c8a8,157,0,1,1r2k2r/2nR2pp/1N2pq2/2p2p2/2p2P2/1pP3P1/1K2Q2P/3R4 w k - 4 29,153,black
5k2/1p6/p5b1/2p5/2P5/PK3PBP/1P4P1/2br1B1R w - - 0 32,downstream,g3e5,g3e5,-11,0,0,4k3/8/pp1B2b1/2p5/2P4P/PK2bP2/1P4P1/2r2B1R b - - 3 36,164,white
r1b2knr/3nb1pp/p1p1p3/2P1qpN1/Pp6/4BQ2/1P1N1PPP/2KR1B1R b - - 1 16,overpush,e7g5,d7c5,46,1,1,r4k1r/1b1n2pp/p1p1pn2/2P1qpB1/PpB5/5Q2/1P1N1PPP/2KR3R w - - 3 19,165,black
3rkbbr/1p4pp/2pqPp2/p1nn4/P1QN3P/2B1N1PB/1P2PP2/R3K2R w KQk - 9 19,minor,e3f5,d4f5,4,0,0,7r/4nk2/1pp2p2/p1b4p/P2rB1PP/1b2NP2/1P1BP1R1/R3K3 b Q - 0 33,182,white
1r1q1rk1/1p3ppp/p1n2b2/2RNp3/4P1b1/1B1PQN2/PP3PPP/R5K1 w - - 20 23,minor,b3a4,a1c1,20,1,0,1r1q1r1k/1p5p/p2b4/4p3/3n1p2/1BRP4/PPN2PPP/R2Q2K1 b - - 1 32,190,white
r1b2rk1/1pR4p/q3ppp1/p6P/3QB3/6P1/5PK1/2R5 b - - 0 31,overpush,e6e5,a6b5,62,0,1,5rk1/3r3R/5pP1/pp1qp3/7Q/6P1/5PK1/2R5 w - - 3 38,193,black
2r2rk1/pp1bbp2/2n1p2B/qN4nQ/3P2R1/8/PP3PPP/R5K1 b - - 7 21,downstream,a5b5,a5b5,8,1,1,2r2rk1/pp1b1p2/2n1p3/1q4bQ/3P2R1/8/PP3PPP/R5K1 w - - 0 23,209,black
2k4r/p1q5/1p1n3p/1PP2pb1/Q2p1Np1/PB1P1bP1/5P1P/5KR1 w - - 1 27,downstream,f4e6,f4e6,-28,0,0,1k2r3/p7/1p1qB2p/1P3p2/2QN2pP/P2P1bP1/3b1P2/5KR1 b - - 4 32,242,white
r3k1r1/pp1n3p/3Bp1p1/1B1p4/3Qn3/7P/2q3P1/2R1R2K b q - 1 25,overpush,c2c1,c2f2,213,1,1,r3k1r1/pp1n3p/4pQp1/1B1p1n2/8/7P/6P1/2R4K w q - 2 28,247,black
6r1/4k2p/2p1p3/1p2B1p1/nb1RKP2/8/6PP/R7 b - - 1 30,downstream,c6c5,c6c5,1,0,1,8/7k/5R2/1p2p2P/2p1K3/b2n4/8/5R2 w - - 1 45,257,black
r3qrk1/2p3pp/p2b1n2/1b1pNP2/3P3P/1QB1N3/1P3PP1/R3K2R w KQ - 1 21,downstream,e3d5,e3d5,-39,1,1,4rr1k/6pp/p7/1bpP3P/2N2bPq/3QNR2/1PR2P2/4K3 b - - 4 33,260,white
rq1k1br1/p1pb2pp/2N2p2/7Q/Np2p3/8/3B1PPP/R4RK1 b - - 0 18,downstream,d7c6,d7c6,8,0,1,r1k2b1r/2pb2pp/1p3p2/8/1p2pB2/8/5PPP/R1R3K1 w - - 0 25,261,black
8/3k4/3P4/2p1Ppp1/2P5/1r4P1/p4K2/3R4 w - - 1 46,overpush,e5e6,d1a1,142,1,1,8/3P4/4k3/2p2pp1/2P5/1r4P1/p4K2/3R4 b - - 0 47,272,white
r2k1b1r/1b2q1pp/ppnppn2/2p5/2P1N3/1P2PB2/P4PPP/RNBQ1RK1 b - - 7 12,overpush,f6e4,c6e5,172,1,1,r2k1b1r/1b4pp/ppnpp3/2p5/2P1B2q/1P2P3/P4PPP/RNBQ1RK1 w - - 1 14,273,black
r3r1k1/5ppp/4p2P/2Q1R3/2p5/4R1P1/P4PK1/2q5 b - - 0 31,other_error,e8c8,c1b2,194,0,0,r1r3k1/5p1p/4p2Q/4R3/2p1R3/6P1/P4qK1/8 w - - 0 38,279,black
2k5/p2n3p/2p4B/8/Pn1b4/6P1/6KP/5R2 b - - 2 36,other_error,d7e5,c6c5,35,1,0,3R4/p4nBP/8/8/2pb4/2kn2P1/6K1/8 w - - 3 47,301,black
r2qk2r/1pp1bppp/2b2n2/n7/2pP4/P1N2N1P/2Q1BPP1/1RB1K2R b Kkq - 3 14,overpush,c6f3,e8g8,57,1,1,r3k2r/1pp1bppp/5n2/nR6/2pq4/P1N2B1P/2Q2PP1/2B2RK1 w kq - 4 18,321,black
rnr3k1/p2p1ppp/1p2pn2/8/2qN4/P1B2QP1/1P2PPKP/R4R2 b - - 1 15,overpush,e6e5,c4d5,218,0,1,rnr3k1/p2p1ppp/1p6/3n1N2/2q1pQ2/P1B3P1/1P2PPKP/R4R2 w - - 2 18,325,black
1k2r1r1/ppn3p1/1n1bq1Np/3p1R1P/1P3BQ1/P5P1/6B1/2R4K b - - 0 33,other_error,c7b5,b6c8,48,0,0,1k2rr2/pp4p1/1n1b3p/1n1p1Q1P/1P3B2/P5P1/6B1/2R4K w - - 0 36,353,black
r2qkb1r/pp4pp/4p3/nbp2p2/1n1PB3/P1Q1PN1P/1P1N1PP1/R1B1K2R w KQkq - 0 15,downstream,d4c5,d4c5,-20,1,1,r2nk2r/1p4pp/4pb2/p1P2p2/1P1N2P1/P2bP2P/R2N1P2/2B1K2R b Kkq - 1 23,354,white
6k1/6pp/p3n3/5p2/PP2p1P1/8/1R2NK1P/r7 b - - 0 33,minor,f5f4,f5g4,-11,0,1,8/5kpp/pP6/6n1/P4pP1/4p3/1R2N1KP/r7 w - - 1 37,367,black
5rk1/p2Q1pbp/2N3p1/7n/4q3/4B2P/Pr3PP1/R3KB1R w KQ - 0 18,downstream,f1d3,f1d3,0,1,0,5r1k/p2QNpbp/6p1/7n/8/3B1q1P/P4B2/2K3RR b - - 0 22,382,white
2bq1rk1/1pp1bpp1/1rn5/p3B3/Q2PP3/P2P2P1/1P5P/RN2KB1R w KQ - 3 17,minor,b1c3,a4c2,26,1,0,2bq1rk1/1pp1bpp1/2n5/p3B3/Q2PP3/P1NP2P1/1r2B2P/R3K2R b KQ - 1 18,386,white
2r1r1k1/4n2p/pq3bp1/p1nb1pN1/2B1P3/BP5P/2Q2PP1/3R2K1 b - - 0 26,downstream,d5c4,d5c4,-90,1,1,2r3rk/2q1Q1b1/p2R2pp/p1n2pN1/4P3/1P5P/1B3PP1/6K1 w - - 2 32,397,black
2r1r1k1/1b3p1p/p2B1qp1/1p1P4/4P3/1B5P/PbQ2PP1/3RR1K1 w - - 1 24,other_error,c2d2,d6c7,322,0,0,2r1r1k1/1b3p1p/6p1/1p1P4/p3PB2/7P/P3RPP1/3B2K1 b - - 1 29,14,white
5knr/p4pbp/b2P2p1/1q1Pn3/6P1/7P/PBQ5/2KRR3 b - - 2 25,overpush,e5d3,e5c4,530,1,1,5knr/p4p1p/b2P2p1/1q1P4/6P1/3R3P/PbQ5/2K1R3 w - - 0 27,19,black
1r1q2kr/pB3pb1/2P3p1/5n2/Q2P2bp/3P2P1/PB1NP2P/R3K2R w - - 0 20,minor,a1c1,d2e4,14,0,0,1r4k1/pBq2pb1/2P3p1/4Pn2/Q2P2b1/3Pr3/PB1N3P/2R2K1R b - - 2 24,28,white
8/8/R7/4p3/2P1kb2/1P5P/P1r5/5NK1 w - - 1 67,overpush,a2a4,b3b4,303,0,1,8/8/5R2/4p3/P1P2b2/1P3k1P/6r1/5N1K b - - 4 69,36,white
8/1p3p2/p5n1/7k/4P1p1/P3BP2/1PK3P1/8 w - - 2 39,overpush,f3f4,c2d3,292,0,1,8/1p3p2/p5n1/5P1k/4P3/P3B1p1/1PK3P1/8 b - - 0 40,54,white
r3r3/pQbk2pp/2p5/8/4P3/2P2P1b/PP1N3q/R1B1KR2 w Q - 0 17,downstream,f1f2,f1f2,-2,1,0,rr2k3/p1b3pp/2Q5/8/4P3/2P2P1b/PP1R4/R1B1KNq1 b Q - 0 20,62,white
6k1/3r3n/1p2R3/p6q/2P5/PP1p1P2/5P1P/3Q1RK1 w - - 2 27,overpush,e6b6,e6e3,79,0,1,8/3r1k2/8/pR6/2P3q1/PP1p1n2/5P1P/3Q1R1K b - - 3 31,110,white
4rrk1/pp1q3n/2n1bp2/3Bp2p/2P4N/2NP2Pp/PR1QP2K/5R2 b - - 1 24,minor,e6d5,b7b6,9,1,1,4r1k1/pp1q1r1n/5p2/3Pp2p/4P2N/3P2Pp/PR1Q3K/5R2 w - - 1 28,119,black
2krr3/pp2pp1p/n4bpn/B1P1q3/3p4/6PP/P2N1PB1/R2Q1RK1 b - - 0 21,minor,a6c5,d4d3,20,0,1,2k1r3/p2rpp1p/3q1bpn/B1p5/Q2p4/6PP/P4PB1/2R2RK1 w - - 2 26,139,black
2kr4/8/p5p1/P6p/qPnBP1P1/1bP4P/4QP2/1K5R w - - 0 32,overpush,g4h5,h1c1,350,1,1,2k5/3r4/p7/P3P2p/qPnB4/1bP4P/4QP2/1K3R2 b - - 0 34,150,white
8/5k2/6p1/rpR1p1Pp/1pp5/4P1P1/1PP3P1/1K6 w - - 2 30,downstream,c5e5,c5e5,0,0,1,8/5k2/6p1/1p4P1/R5Pp/1p2P3/1P4P1/1K6 b - - 0 34,152,white
q3rb1k/7p/4b1p1/p5Pn/1pRP4/1Q2P1P1/PP2NP1R/4K3 w - - 1 26,other_error,e2f4,b3c2,61,1,0,q3r2k/7p/3bb1p1/p2P2P1/1pR2P2/1Q2P3/PP3P1R/4K3 b - - 0 28,158,white
5rk1/1p1b1pp1/8/1N1P3p/rb6/4B1P1/P3PP1P/1R1K3R w - - 0 21,other_error,b5d4,e3d2,145,0,0,6k1/1p3pp1/8/3P1b1p/1b2rP1P/1N1RB1P1/1K2P3/8 b - - 5 33,168,white
r3k1r1/1R3pBp/p1nbb2P/3p4/2pp1N2/3qPQ2/3N1PP1/5RK1 b q - 2 20,downstream,d6f4,d6f4,39,1,1,2r1k3/1R3p1p/p1nQbB1P/3p4/2pp4/3qP3/5PK1/5R2 w - - 1 25,195,black
rnb1k2r/1p5p/1np1p1pB/p4P2/2pq4/5QP1/PP3PBP/RN3RK1 b kq - 0 14,overpush,d4b2,d4f6,221,0,1,rnb1k2r/1p5p/2p3pB/p2p1P2/2p5/5QP1/Pq3PBP/R4RK1 w kq - 0 17,223,black
r1b1q1kr/1p2n1p1/2p1p2p/p3P3/n6P/B4RP1/2Q1PPB1/3R2K1 b - - 2 21,downstream,a4b6,a4b6,21,0,0,4q1k1/4P1pr/2p4p/Qp2p2P/4P3/B4RPb/2n2PK1/8 w - - 0 33,237,black
8/8/5Q2/6P1/2p3K1/3q4/5P1P/4k3 w - - 0 53,overpush,h2h4,g5g6,339,0,1,8/8/8/6P1/6KP/3q1P2/2p5/Q3k3 b - - 1 55,238,white
r1b2rk1/p1q2pp1/2pb1n1p/2p1N3/Q3P3/2PP1N2/PP4PP/R1B1K2R w KQ - 3 13,overpush,a4c6,e5c4,324,1,1,r1b2rk1/p1q2pp1/2Q2n1p/2p1N3/4P3/2PP4/PP4PP/R1B1K2R b KQ - 0 14,266,white
2bqr1k1/2pn1pb1/r2p2pp/1Q6/N1P1p3/P2P1NP1/1P2PP1P/R1B1K2R w KQ - 0 16,downstream,d3e4,d3e4,-2,1,1,2b1q1k1/2pn1pb1/r2p2pp/r7/2P5/PQN1P1P1/1P1N1P1P/R1B1K1R1 b Q - 4 21,290,white
3rr1k1/Npp1np1p/2n4B/p1P1b1p1/QPNpP1q1/P2P2P1/6KP/4RR2 b - - 0 25,other_error,g4h5,a5b4,70,1,0,3rr1k1/Npp1np1p/2n4B/pPP3pq/Q1NpP3/P2P2b1/6KP/4RR2 w - - 0 27,291,black
r3k1r1/1p3pbp/nqppp3/p2P1p2/P1PNn3/1P2P3/1B3PPP/RN1Q1RK1 w q - 3 14,downstream,d5e6,d5e6,-6,1,1,r7/1p2k1rp/n1qp4/p1p2Qn1/P1P5/1PN1PP2/6PP/R2R2K1 b - - 2 21,294,white
2rq1k1r/4bpp1/4bn2/p2n2N1/N1P4p/7P/PB3PP1/2QRR1K1 b - - 0 22,other_error,d8d7,d8e8,251,1,0,2r2k1r/3nbpp1/4bn2/p5N1/2P4p/7P/PB3PP1/2Q1R1K1 w - - 0 25,299,black
3n2k1/5pb1/2b2qp1/2P1p2p/2B2PnP/NP2P3/2N3P1/2Q2K1R w - - 0 28,other_error,c4e2,c1d2,127,0,0,6k1/5pb1/2b2qp1/4p3/1Q2nPpP/NP2P3/2N3P1/5K1R b - - 3 32,302,white
r3k2r/2Qbp2p/ppn2pp1/q2p4/P2P2B1/B6P/3P1PP1/R4RK1 b kq - 5 17,downstream,f6f5,f6f5,23,0,1,r4k1r/3bp2p/pQn3p1/3p1p2/P7/B4B1P/3q1PP1/2R1R1K1 w - - 1 22,303,black
rnbqk2r/pp4pp/2p2p2/2bn4/Q2N3P/2N3P1/PP1BPPB1/R3K2R b KQkq - 2 11,downstream,d5b6,d5b6,-14,1,0,rnbqk2r/p5pp/2p2p2/8/2n1N2P/6P1/PPQBPbB1/R3K2R w KQkq - 0 15,311,black
r1b2rk1/1p1n3p/2p2p1Q/p3pp2/P2qn3/2N4P/1PP1B1P1/R3BR1K b - - 1 18,other_error,d7c5,e4d6,46,0,0,r1b2rk1/1p5p/4np1Q/3Rpp2/Pp6/7P/1PP3PK/5B2 w - - 1 25,315,black
2rr2k1/p4ppp/2p1bn2/8/1b6/1PNB3P/PB3PP1/1K1R3R b - - 6 17,downstream,d8d3,d8d3,20,1,1,2r3k1/p4ppp/2p5/3n1b2/1b6/1PNR3P/PBK2PP1/7R w - - 3 20,333,black
1r3rk1/pQ2pbbp/5pp1/3p4/3P1qP1/5N1P/PP1N1P2/2KR1B1R w - - 3 20,overpush,b7a7,b7e7,139,0,1,1r3rk1/5bbp/6p1/3pq3/4p1P1/QP5P/P2N1P2/2KRNB1R b - - 3 24,336,white
8/8/3Pk2p/6R1/nB1KP3/P7/5rp1/8 w - - 0 53,other_error,g5g7,d4e3,114,0,0,5n2/5k2/8/P2KP2p/3B4/6R1/r5p1/8 b - - 4 64,384,white
1r6/3k2Bp/8/3P4/p7/4KP1P/6P1/8 w - - 0 39,other_error,g7e5,g2g4,162,0,0,8/7p/3k4/3P4/p2BK3/1r3P1P/6P1/8 b - - 9 43,406,white
r1bq1rk1/1p1pbppp/2p2n2/4p1N1/p1BnP3/2NPB3/PPP2PPP/R2QR1K1 w - - 0 10,downstream,g5f7,g5f7,-2,1,1,r1b5/1p1p1kpp/2p2n2/4p3/3nP3/1PqPB3/P4PPP/2RQR1K1 b - - 1 16,412,white
4r1k1/1p2q2p/1n3p1P/1N1p1p2/PPpR2p1/6P1/3Q1PK1/1R1Br3 b - - 4 38,other_error,e7e5,e7f7,97,0,0,6k1/q3n2p/p4p1P/1P1prp2/2pR2p1/6P1/R2QNPK1/3Br3 w - - 0 46,417,black
r2qnrk1/4bppp/p7/1ppPR3/8/2NB1Q1P/PPP2PP1/2K4R w - - 0 19,overpush,a2a4,d5d6,206,0,1,r2qnrk1/5p1p/p4bp1/1ppP3R/P7/2NB2QP/1PP2PP1/2K4R b - - 1 21,428,white
4r3/5p2/5R2/2Ppp1P1/P2P2p1/4P3/K6k/8 w - - 2 52,overpush,f6f7,f6h6,95,0,1,4r3/8/8/2Ppp1P1/P2P4/4P3/1K3Rpk/8 b - - 1 54,432,white
r2q1knr/3Pbpp1/p1Q4p/1pp5/2b5/5NP1/P4PBP/1RB2RK1 b - - 4 22,downstream,c4f1,c4f1,-5,1,1,1r1q2kr/2BP1pp1/p4n2/1pp4p/8/5QPB/P4P1P/3R2K1 w - - 2 33,449,black
2kr3r/1p1bn3/1qn1p2p/p1ppbp1N/PP3N2/2PPB1P1/4Q1BP/R4R1K b - - 0 22,minor,a5b4,d5d4,10,1,1,1k1r3r/1p2n3/q1n1Q2p/P1Bp1p1N/1p6/2bP2P1/6BP/R4R1K w - - 1 27,455,black
r1b1k2r/pp2pp1p/3pn1p1/3N1n2/2PP3P/5N2/Pq2BPP1/1R1QK2R b Kkq - 1 13,downstream,b2a2,b2a2,-16,0,1,r1b1k2r/pp2pp1p/3pn1p1/3N1n2/2PP3P/5N2/1q2BPP1/R2QK2R w Kkq - 2 15,459,black
r3k2r/1ppb1pp1/p2p1q1p/3Pp3/4P1Pb/P1NK1N2/1PP1Q3/R1B4R b kq - 0 15,downstream,d7g4,d7g4,21,1,1,r3k2r/1p3p2/p2p1qp1/2pPp2R/3bP1Q1/P4N2/1PP1K3/R1B5 w kq - 0 22,469,black
1r3rk1/2p2pp1/q7/N3p2p/2PnP2P/P1QPNbP1/5P2/R3KR2 w Q - 5 31,other_error,e3d5,e1d2,66,0,0,1r3r1k/5pp1/q7/N1pNp2p/2PnP2P/P1QP1bP1/5P2/R3KR2 b Q - 3 33,472,white
Q7/2q2ppk/7p/3p1P2/1B1Pr1n1/2P5/1P4PP/5RK1 w - - 3 34,overpush,g2g3,b4d6,193,0,1,Q7/5ppk/3B3p/3p1P2/3Pr1n1/2Pq2PP/1P6/5RK1 b - - 2 36,478,white
2krr3/pp3qp1/2p4p/2P1pP2/1P2Q3/P4NPb/1R3P1P/4K1R1 w - - 3 27,downstream,g3g4,g3g4,40,0,1,2k1r3/pp3qp1/2p4p/2P1pP2/1P1r2P1/P3QN1b/1R3P1P/4K1R1 b - - 2 28,488,white
4r2k/1p1r4/2n1p2N/3p2Bp/p2Q4/7P/7K/2R3R1 b - - 0 44,downstream,c6d4,c6d4,60,1,1,4r3/1p4r1/4p2k/3pR2p/p2B4/7P/7K/6R1 w - - 4 49,493,black
3rk3/5pp1/1Pp1p3/2N4r/3P4/2n1PpK1/n1N5/R3B3 b - - 3 30,other_error,h5f5,f3f2,140,0,0,3r1k2/1P3pp1/2pNp3/2N1P2r/8/2n2K2/n7/R3B3 w - - 3 38,497,black
r3k2r/pR2pp1p/2p5/3p4/3Pp3/8/2PN2PP/q2QKR2 b kq - 2 20,overpush,a1d4,a1d1,128,0,1,1r2kr2/1R2ppQ1/p1pq3p/3p4/3Np3/8/2P3PP/5RK1 w - - 2 28,501,black
rnb1k1nr/4b1p1/p1p5/1p1q1pPp/3p4/3B2N1/PPPBQP1P/1K2R1NR b kq - 1 16,overpush,h5h4,c6c5,43,0,1,rnb2knr/4b1N1/p1p5/1p3pP1/3p3p/3B4/PPPBQP1P/1K2R1Nq w - - 1 19,505,black
5r2/8/1p6/pPp1p1pk/3b3p/1P3P2/3R2KN/4R3 b - - 41 90,downstream,d4c3,d4c3,6,0,0,8/8/1p2P1k1/pPp1R3/6pp/1r6/6KN/8 w - - 2 98,509,black
rn2k1nr/1p2pp1p/p2P2p1/q7/2PQ1B2/2P2bPP/P4P2/R3KB1R w KQkq - 0 13,downstream,d4h8,d4h8,-116,0,1,2kR2Q1/1p2pp1p/p1n3p1/q7/2P2B2/2P2bPP/P4P2/4KB1R b K - 0 17,524,white
r2qr1k1/1p3ppp/2P2n2/p3Nb2/PbP5/1Q1P4/1P3PPP/R1B2KNR w - - 1 14,minor,g1f3,c6b7,28,1,0,1r2r1k1/2q2ppp/5n2/p1p2b2/P1PP4/Q2NBN1P/1P1b1PP1/R4K1R b - - 2 19,530,white
2q1k1nr/Q3p3/p5p1/Prp1p1P1/8/7P/6B1/2R2RK1 b k - 0 30,downstream,h8h5,h8h5,-34,0,0,8/5k2/3p1np1/P1p1p1r1/8/7P/6BK/5R2 w - - 0 38,543,black
4r1k1/1q3pp1/2r2n1p/P7/RPbP1B1P/3Q2P1/4BP1R/5K2 w - - 1 32,downstream,d3c4,d3c4,43,1,1,4r3/5k2/8/P3B1p1/1P1Pn3/5qP1/1R3P1R/5K2 b - - 3 40,548,white
r1br2k1/1p3pp1/1p2pn1p/1P1P4/P2P4/R6P/2BN1PP1/4K2R w K - 1 22,overpush,d5e6,d2c4,161,1,1,2r3k1/1p3p2/1p4pp/1P1b4/P1rP4/R1n2N1P/2BR1PP1/2K5 b - - 7 30,562,white
r1b2rk1/5pb1/pq4pp/1pNQ1n2/7B/5N2/PP3PPP/2R2RK1 b - - 0 21,other_error,c8e6,a8a7,143,1,0,4r1k1/8/p3p3/6rp/1p3Np1/1Pb3P1/P1R2PP1/3R2K1 w - - 6 34,573,black
1r3k2/3n1ppp/p3p3/P3P1P1/2pPR2P/2P2K2/1r1B2P1/R7 w - - 3 29,other_error,d2c1,e4e2,109,0,0,4k3/2B1np1p/p3p1p1/Pr2P1P1/2pP3P/2P5/5KP1/4R3 b - - 6 37,588,white
2krr3/6pp/p3p3/Ppb5/2p5/2P1B3/1P2K1PP/R4R2 b - - 5 24,downstream,c5e3,c5e3,17,1,1,4r3/4rR2/p2k3p/Pp2pRp1/2p1K1PP/2P5/1P6/8 w - - 0 34,589,black
r5k1/5pb1/6p1/4P2p/1Q2N1nP/2Pq2B1/r2N1PP1/2K1R2R w - - 1 26,downstream,b4b1,b4b1,89,0,0,r5k1/5pb1/6p1/4P2p/4N1nP/2Pq1PB1/3N2P1/rQK1R2R b - - 0 27,592,white
