fen,src,cls,is_collapse,is_endgame,over_read_cp,kdu_us,kdu_opp,off_us,def_us,off_opp,def_opp,mob_us,mob_opp,npedge,pawn_lead,totpawns,oppb,pieces_cp,capg_cp
r2qk2r/pb1nbpp1/7p/2Pp4/1P1Q2P1/2NpPP1P/P7/R1B1K1NR w KQkq - 1 15,g_base_s0,EVAL,1,0,444,0,0,595,2407,540,1559,25,22,-28,1,13,0,170,207
2r2k2/1p2Rp2/1bp5/p2p1N1p/r4P1N/6P1/2K4P/3R4 b - - 1 35,g_base_s0,PRUNING,1,1,404,0,0,0,410,15,-457,26,31,-277,3,9,0,200,0
8/4B3/8/3p2Pk/1K1P4/4n3/8/8 w - - 34 70,g_base_s0,EVAL,1,1,373,0,0,0,0,0,0,14,12,28,1,3,0,233,0
r3kbr1/pp1bq2p/2p5/1P3p1P/1nPNp1n1/2N1P3/PB1Q1P2/R3KB1R w KQq - 1 18,g_base_s0,EVAL,1,0,143,0,0,679,2283,834,1741,24,26,0,0,12,0,75,0
1r2kb1r/3n1pp1/P1Q1p2p/p2p4/2pq4/B7/P3BPPP/RN3RK1 b k - 3 17,g_base_s0,EVAL,1,0,707,0,0,739,1715,624,1261,33,31,-333,2,12,0,-27,500
2rr4/3bbk1p/1P3p2/2Pp4/3BnP2/1N2P3/5P1P/2R1K1R1 w - - 1 30,g_base_s0,EVAL,1,0,197,0,8,1091,2250,660,1537,24,25,-333,3,9,0,164,0
8/8/8/5k2/4p3/4K3/8/8 b - - 1 79,g_base_s0,EVAL,1,1,439,8,0,0,0,0,0,9,8,0,1,1,0,218,0
4Q3/k3n1pp/pp2B3/B1b1P3/2Pp4/6KP/P5P1/qN3r2 b - - 0 25,g_base_s0,PRUNING,1,0,954,8,7,1403,513,852,43,31,32,230,0,10,0,250,345
r3qk1r/p5b1/3RBn1p/2p3p1/P7/5QP1/1P3P2/3R2K1 b - - 1 29,g_base_s0,EVAL,1,0,461,9,0,344,1553,1506,1918,22,38,305,0,8,1,147,42
1r6/4r1k1/p1p3p1/PpKb1pP1/1P3P2/4p3/2P3BR/4R3 b - - 2 42,g_base_s0,HORIZON,1,1,470,9,0,0,0,0,0,29,28,0,1,11,0,333,0
r1bq1rk1/pp1nnpp1/4p2p/2p5/3P4/2NBPN2/PPQ2PPP/2R1K2R w - - 0 13,g_base_s0,EVAL,1,0,136,0,0,712,2933,304,1629,25,17,0,0,14,0,136,0
5K2/8/1Q6/5nk1/6q1/8/8/8 b - - 31 80,g_base_s0,EVAL,1,1,669,0,0,0,0,0,0,22,28,305,0,0,0,407,0
r1b1k2r/p3ppbp/q1pp2p1/2PnP3/P2Q4/2N2N1P/1PPB1PP1/R3K2R w KQkq - 0 14,g_base_s0,EVAL,1,0,173,0,0,705,2346,648,1967,26,28,-28,1,15,0,122,100
r1bqk2r/4bppp/pp2p3/2nn4/3N4/1P1BP2P/PB3PP1/RN1Q1K1R w kq - 1 12,g_base_s0,HORIZON,1,0,190,0,0,663,2178,597,1955,24,24,0,0,12,0,56,0
8/1p6/2P2p2/Pp6/3N1kpp/5P2/4K1Pn/8 b - - 0 45,g_base_s0,EVAL,1,1,340,0,0,0,0,0,0,13,18,0,1,9,0,58,0
r6r/1p2kp2/2pb1np1/3pN3/1p1P4/1P1BPN1b/P1P2P1P/R3K1R1 w Q - 6 21,g_base_s0,EVAL,1,0,283,0,3,1064,2624,687,1828,24,29,-28,1,13,0,213,0
1r5k/6pP/8/6R1/1Pp5/1r6/1PK1P2R/8 w - - 1 52,g_base_s0,HORIZON,1,1,482,0,3,0,0,0,0,28,21,0,2,6,0,354,0
8/8/8/8/6k1/7p/3r4/4R2K b - - 33 106,g_base_s0,HORIZON,1,1,504,3,0,0,0,0,0,21,15,0,1,1,0,264,0
1r2k2N/p2bb1pp/2p1pn2/8/2N5/2PP2P1/PP3P1P/R3K2R w KQ - 1 21,g_base_s0,EVAL,1,1,332,0,3,0,390,0,290,21,22,202,2,12,0,407,0
4k2r/1p5p/2p3pb/p1p4P/P1P1Pp1q/1NNr1Q2/1P3P2/R4RK1 w k - 1 24,g_base_s0,EVAL,1,0,1218,17,0,473,1584,871,1876,24,28,277,-1,13,0,336,504
2kr1b1r/pp2qppp/1n6/2pn1b2/P1p5/2N2N2/1P1BBPPP/R2Q1RK1 b - - 1 13,g_base_s0,EVAL,1,0,199,0,0,922,2508,428,1827,30,22,0,2,12,0,215,0
8/8/8/3k1nN1/8/4p3/8/4K3 b - - 1 72,g_base_s0,EVAL,1,1,463,0,0,0,0,0,0,15,11,0,1,1,0,287,0
8/5k2/K2b4/2p5/1r3pn1/8/1P2R1N1/5R2 b - - 9 65,g_base_s0,EVAL,1,1,112,0,0,0,0,0,0,25,26,-230,1,3,0,65,0
r3k3/pp1n1p1p/2p1b3/2n5/2PBP3/2P4P/P1BN1Pr1/R3K2R w KQq - 0 21,g_base_s0,EVAL,1,0,50,0,0,683,2157,697,1898,23,27,28,1,11,0,121,0
r1b2k1r/1p3pn1/2pPp1p1/p7/6q1/5NB1/PQ3PK1/R6R b - - 1 26,g_base_s0,HORIZON,1,0,782,0,10,732,1637,703,1369,26,32,0,3,9,1,494,0
r1b4r/p3kppp/1pP1pn2/2n5/2PNpB2/P1P5/5PPP/R3KB1R w KQ - 2 15,g_base_s0,EVAL,1,0,128,0,4,1009,2211,621,1436,27,20,28,0,14,0,105,0
r2qkb1r/pp1b2p1/n1pp1n1p/5pN1/2PPp2P/2N1P3/PP2BPP1/R1BQK2R w KQkq - 0 10,g_base_s0,EVAL,1,0,92,0,0,750,1871,521,1800,24,20,0,0,16,0,75,0
r3k2r/pp2qp1p/1np1bp2/1N2p2Q/3bP3/6NP/PPP1BPP1/3RK2R b Kkq - 5 16,g_base_s0,EVAL,1,0,358,0,0,843,2233,688,1860,28,28,28,0,14,0,-7,206
3r1b1r/pkp2pp1/2q2n1p/8/N2B2b1/1P3NP1/P1PQPP1P/R3K2R w KQ - 1 16,g_base_s0,HORIZON,1,0,499,0,10,839,1951,635,1141,21,29,-28,2,12,0,355,0
r3r2k/pb3p1B/1p3bp1/2pq4/3p4/PP3N1P/2QPNPP1/1R2K2R w K - 0 19,g_base_s0,EVAL,1,0,362,4,6,618,1800,897,1883,26,27,277,0,12,0,307,-138
r1bq1r2/2p1b1k1/3p2pp/p1pPpp2/P1P1P3/1PN2N1P/3Q1PP1/2R1R1K1 w - - 0 20,g_base_s0,HORIZON,1,0,401,0,0,791,2041,411,937,24,21,-56,0,16,0,276,0
r1b1kb1r/1p3pp1/2pp1n1p/p2Pp3/nqP1P3/4B2P/P1B1NPP1/1R1Q1RK1 b kq - 1 13,g_base_s0,EVAL,1,0,252,0,0,654,2145,699,1919,30,26,305,1,15,0,400,-220
8/8/2k1p3/1p3p1B/1P1p3P/P5K1/8/2b5 b - - 0 58,g_base_s0,EVAL,1,1,409,0,0,0,0,0,0,19,15,0,1,7,1,272,44
r2qk3/1b3p2/1pp1pb2/p2p4/2P1P3/2N3P1/PP4K1/R2Q1R2 b q - 0 18,g_base_s0,EVAL,1,0,334,0,1,459,1630,513,717,23,25,-202,1,11,0,145,100
r5k1/pp2ppb1/8/q1p1n1PN/2br4/2N1Q2P/PP1P1P2/1RB1K2R w K - 1 20,g_base_s1,EVAL,1,0,202,2,3,470,1806,1330,1980,22,34,-28,1,11,0,47,-43
2r5/1p5k/5p1b/1P3b2/6nP/1PBn2P1/P2p1P2/3B1RKR w - - 3 33,g_base_s1,EVAL,1,0,343,0,0,307,1371,1063,1038,23,28,-47,3,9,0,137,0
8/8/8/4k3/4p3/8/1r6/2R2K2 b - - 14 61,g_base_s1,PRUNING,1,1,474,0,0,0,0,0,0,23,15,0,1,1,0,262,0
r3r1k1/2p2p2/1p1p3p/2nP2pP/p1Pq1PR1/P5P1/1PQ1P1B1/4K2R w - - 3 24,g_base_s1,EVAL,1,0,311,11,5,647,1576,1087,1822,25,32,28,1,15,0,96,70
rn3k1r/1b1pbpp1/p4q2/3P4/1p3N2/2P2NP1/4QPB1/R3R1K1 b - - 4 19,g_base_s1,EVAL,1,0,327,3,0,516,1598,784,2083,27,30,28,1,9,0,91,70
r2qk2r/pp1n1ppB/2p2n2/4b3/P7/5N1P/1PP1QPP1/R1B1K2R b KQkq - 0 12,g_base_s1,PRUNING,1,0,38,0,0,582,1875,508,1938,26,27,-28,-1,11,0,-122,0
5rk1/1q1p2r1/4p3/QP1bPp2/2pP1npp/2P2P2/P2N2PP/1R1RN2K w - - 0 31,g_base_s1,HORIZON,1,0,517,5,0,480,1202,757,1846,26,27,-28,2,14,0,303,0
8/8/2N5/8/2K5/3N4/k7/8 w - - 11 74,g_base_s1,EVAL,1,1,1414,5,0,0,0,0,0,18,5,610,0,0,0,871,0
2k2b1r/pp1r1Npp/4pn2/8/8/1P1nN3/P2PKPPP/R1B4R b - - 0 15,g_base_s1,EVAL,1,0,406,1,19,1078,1949,493,909,28,24,0,-1,11,0,-20,345
7r/qN5k/2Q3p1/4pp1p/p2p3P/8/3B2P1/7K b - - 1 38,g_base_s1,EVAL,1,0,648,14,0,312,204,619,675,20,31,-75,4,8,0,546,0
1r3rk1/4npb1/2p1b2p/p1q1p1p1/1nN1P3/1P1p2P1/PB1N1P1P/RQ1R1BK1 b - - 1 23,g_base_s1,HORIZON,1,0,146,0,0,966,2102,530,1844,28,22,0,1,13,0,183,-66
r2k1b1r/1p3p2/1q1pbn1p/pB4p1/PP2p3/7P/3N1PP1/1RBQ1RK1 b - - 0 17,g_base_s1,HORIZON,1,0,441,0,0,639,2764,623,1523,32,23,0,2,12,0,269,0
1rbq1knr/pp2bp2/2npp1p1/2p1P3/2P2B1P/2NP1N2/PP3PBP/R2QK2R w KQ - 1 11,g_base_s1,HORIZON,1,0,20,0,0,778,2508,400,1850,21,19,0,1,15,0,118,-85
4bk2/4bpp1/r1p1P3/1p5p/3NRPnP/2PP2P1/PR6/1K6 w - - 1 30,g_base_s1,EVAL,1,1,298,0,0,0,0,0,0,21,25,-103,2,12,0,126,0
r2r2k1/pb4pp/4p3/1N6/2B5/4PN2/PP5P/4K2R w - - 1 20,g_base_s1,EVAL,1,1,75,0,0,0,0,0,0,21,22,47,0,8,0,191,0
8/PR1pk3/4ppp1/1P2n3/7p/r7/8/1K1R4 b - - 0 40,g_base_s1,EVAL,1,1,706,0,0,0,0,0,0,25,20,-258,3,7,0,336,0
r4r1k/pp4pp/2pP3n/1q2Pb2/8/2Q3P1/PP1P2BP/R1B3KR w - - 3 20,g_base_s1,EVAL,1,0,287,4,0,486,1448,727,1322,23,29,28,2,12,0,165,0
8/5ppk/P7/3p1P1K/3P4/2Q4P/7r/6r1 w - - 1 41,g_base_s1,EVAL,1,1,621,4,0,0,0,0,0,27,26,-176,1,7,0,220,0
2r1k2r/1p4pp/p2Pnp2/1b2p3/4P3/3B1N2/PPnB1PPP/2R2K1R w k - 2 19,g_base_s1,HORIZON,1,0,594,0,0,644,2175,816,2565,27,25,28,1,13,0,207,325
5R2/8/8/2n5/6k1/3b4/7K/8 b - - 33 143,g_base_s1,EVAL,1,1,571,0,0,0,0,0,0,23,19,75,0,0,0,319,0
8/1k5p/8/2B5/4PP1p/3K1N2/8/7r w - - 2 52,g_base_s1,HORIZON,1,1,489,0,0,0,0,0,0,23,19,75,0,4,0,452,0
1r6/8/8/4k3/R7/5p1K/8/8 b - - 23 91,g_base_s1,EVAL,1,1,446,0,0,0,0,0,0,24,17,0,1,1,0,229,0
r3k2r/1ppqppbp/2n3p1/1N1n1b2/3p3N/1P1P2PP/P2BPPB1/R2Q1RK1 b kq - 9 13,g_base_s1,EVAL,1,0,164,0,0,884,2279,542,1800,26,26,0,0,14,0,95,72
3rk2r/pp3ppp/4bn2/2q5/2p5/1nN2BQ1/PB4PP/R3R2K b k - 1 19,g_base_s1,EVAL,1,0,565,2,0,988,2377,827,1571,35,29,-28,3,9,0,343,74
q4rk1/1pB1ppbp/4b1p1/1Nnp4/1P1Nn3/2P2P1P/4P1P1/3QKB1R w K - 0 16,g_base_s1,EVAL,1,0,204,0,0,744,1577,936,1797,27,31,0,0,12,0,-43,225
1r1b2k1/5ppp/R7/4p1P1/3pP3/2r3P1/5P2/2B2RK1 b - - 0 29,g_base_s1,HORIZON,1,1,335,0,0,0,0,0,0,30,26,0,1,9,0,272,0
rn6/p2k1p1p/2p5/1p1pP3/5B2/2PP2P1/P1P4P/4R1K1 w - - 2 18,g_base_s1,EVAL,1,1,122,0,0,0,0,0,0,21,13,28,1,13,0,219,0
r1k3r1/1p1n1pP1/1bp4p/p6q/1PBPRB2/P1p3Q1/2P3pP/4R1K1 b - - 2 24,g_base_s1,EVAL,1,0,375,1,8,686,1995,1348,2367,31,37,-28,1,13,0,99,0
3q1rk1/1r2p3/6pp/2N2p2/R1P5/2bPB1PP/4PP2/5K1R w - - 0 24,g_base_s1,EVAL,1,0,293,0,0,624,1712,613,2010,28,31,-645,2,10,0,-367,423
1R1qk1r1/3bpp2/8/r1pn1P1p/2P2pnN/3P1B1K/1Q6/1R6 b - - 1 49,g_base_s1,PRUNING,1,0,1144,3,11,1325,1591,721,858,31,35,305,2,8,0,783,0
r4bk1/5p1p/r2p1Bp1/qp2p1P1/1pn1PPRP/8/PPP2Q2/1KNR4 w - - 0 30,g_base_s1,HORIZON,1,0,297,4,5,909,1375,564,1423,29,25,0,0,14,0,38,0
8/4pR2/1r1pP1pk/3Bb2p/4p2P/P5P1/4rP2/3R2K1 w - - 2 37,g_base_s1,EVAL,1,1,-16,4,5,0,0,0,0,30,30,0,0,10,1,-43,42
2bq1rk1/1pp1b2p/r2p2p1/8/3p2Pn/2PP1B2/P4P1P/RNBQR1K1 w - - 1 15,g_base_s1,EVAL,1,0,256,0,3,643,1894,630,1850,27,26,0,0,12,0,3,100
r1bqk2r/pppnbppp/3p1n2/3P4/2P1p1P1/2N1P2P/PP3P2/R1BQKBNR b KQkq - 0 7,g_base_s0,CONTROL,0,0,-42,0,0,483,1833,521,2014,16,20,0,0,16,0,-17,0
6k1/1p2rp1p/3p4/3P1Nb1/2Pp4/1p1BP2P/6K1/8 w - - 0 30,g_base_s0,CONTROL,0,1,-354,10,0,0,0,0,0,22,21,-258,-2,10,1,-403,75
1r2r2k/2p1q1pb/1p3p1p/2p4P/2P2QP1/2R1P3/P1NR4/2K5 b - - 5 32,g_base_s0,CONTROL,0,0,-190,2,7,514,1177,678,1723,21,30,28,1,11,0,191,0
rnbqkb1r/pp2pp2/2p2np1/3p4/2PP3p/BP4P1/P2NPPBP/R2QK1NR b KQkq - 0 7,g_base_s0,CONTROL,0,0,-52,0,0,437,1740,589,1638,19,20,0,0,16,0,23,0
1n6/3k4/p3pb2/1p1p2N1/1P1P4/4P3/PB3P2/4K3 w - - 2 35,g_base_s0,CONTROL,0,1,86,0,0,0,0,0,0,20,16,0,1,9,0,106,0
rn5R/p7/1p1kp1p1/1p4p1/P2P4/1P6/1B4r1/2K2R2 w - - 0 30,g_base_s0,CONTROL,0,1,-444,0,0,0,0,0,0,32,24,28,-3,9,0,-269,70
2qr2k1/4bppp/r7/p7/PB2Q1P1/3NP2b/1P3P1P/R3K1R1 b Q - 0 22,g_base_s0,CONTROL,0,0,-274,0,0,639,1578,673,2328,31,31,28,-2,10,0,-241,172
2rqk1r1/3b1pp1/n2Ppn2/1pp1N1Qp/pP2P3/P2B2PP/1B1R1P2/4R1K1 b - - 9 27,g_base_s0,CONTROL,0,0,300,5,0,425,1764,1080,2511,20,33,-28,0,14,0,-184,80
8/5p2/4pp2/1Pk4p/p3P2P/Pbp3P1/4BP2/2K5 w - - 3 55,g_base_s0,CONTROL,0,1,-184,0,5,0,0,0,0,19,18,0,0,12,0,-8,45
r1bqk1nr/2p1b1p1/p3p3/4Pp1p/1p1N3P/3B2N1/PPP1QPP1/R1B1K2R b KQkq - 0 12,g_base_s0,CONTROL,0,0,236,0,0,332,1550,778,2153,21,26,-305,0,14,0,-430,325
r1bq2k1/1p2brp1/p4p2/7p/3P4/3Q1PPP/PP2P3/R1B2K1R w - - 4 20,g_base_s0,CONTROL,0,0,315,0,5,412,1846,251,1410,27,25,-333,2,12,0,-23,0
rnbqkb1r/1p2ppp1/p4n2/3p3p/3p4/N4NPP/PPP1PPB1/R1BQ1RK1 b kq - 1 7,g_base_s0,CONTROL,0,0,101,0,0,470,1756,384,1815,20,18,0,1,15,0,119,-42
4k3/1b1q1p2/4pQp1/1p1pB3/7P/7K/P3PPB1/8 w - - 5 35,g_base_s0,CONTROL,0,1,17,0,0,16,-132,0,410,28,14,333,-1,9,0,344,0
1r2kbr1/p2bq2p/2p5/5p1P/2PN2n1/P1N1P3/1BQ2P2/R3K2R b KQ - 2 22,g_base_s0,CONTROL,0,0,-413,0,0,630,1642,628,2701,27,25,28,-1,9,0,-205,-42
1R6/p2k2Bp/4q3/2p4P/P3b3/K1N5/3r1p2/R7 w - - 4 50,g_base_s0,CONTROL,0,0,285,6,8,1451,1085,1435,353,29,37,-82,-2,6,1,-436,8
2k5/2pn3p/R2p1n1b/1N6/2PPpP2/1P4r1/2KQBq2/2B5 b - - 0 27,g_base_s0,CONTROL,0,0,183,16,0,1195,1425,966,877,29,27,-28,0,8,0,156,0
5r1k/6p1/p4q1p/1p1P4/1P4Q1/1P6/5r1P/R4R1K w - - 0 25,g_base_s0,CONTROL,0,0,140,2,0,352,932,864,1073,31,33,0,0,8,0,-16,0
1n1r1k2/1Q3pp1/3qp2p/pN1p4/B1p5/6P1/P4P1P/1R4K1 b - - 2 27,g_base_s0,CONTROL,0,0,433,0,0,352,1478,589,1235,22,30,-333,3,11,0,122,0
R7/4k3/4p2p/1N1p2p1/p1p2pP1/P4P1P/8/5K2 w - - 3 55,g_base_s0,CONTROL,0,1,162,0,0,0,0,0,0,24,14,868,-3,11,0,421,47
2rr2k1/pq2b2p/5p2/P1Pp1bp1/P2BnN2/1N1QP1P1/5P1P/2R1K1R1 w - - 2 25,g_base_s0,CONTROL,0,0,345,0,0,915,2824,838,2376,25,29,-28,2,12,0,198,0
r1b2rk1/p3b1pp/n1p1p3/2Pq1p2/3P3P/P4NP1/2Q2PB1/R1B2RK1 b - - 0 17,g_base_s0,CONTROL,0,0,224,0,0,507,1640,539,1739,26,25,0,0,12,0,7,0
8/nb1r3p/2pBpk1p/2P2p1B/P2P4/1Q4P1/5PK1/4r3 w - - 7 45,g_base_s0,CONTROL,0,0,-452,4,15,1496,194,1178,665,34,25,-148,0,10,0,62,0
r1bqkbnr/1p3p1p/p1npp1p1/2pP4/2P5/P1N1P1P1/1P3P1P/R1BQKBNR b KQkq - 0 7,g_base_s0,CONTROL,0,0,2,0,0,392,2020,515,2021,19,21,0,0,16,0,6,0
3r2k1/1p5p/p7/P3P1P1/2P5/2B2NPP/4Kn2/7R w - - 1 35,g_base_s0,CONTROL,0,1,1076,0,0,0,0,0,0,24,22,333,3,9,0,900,228
r1bqk1n1/1p4r1/1R1B1p2/p1Q1p1p1/6Pp/P2B3P/5P2/3R2K1 w q - 2 30,g_base_s0,CONTROL,0,0,-466,0,8,1538,1818,275,2070,36,21,28,-2,10,0,-99,0
1rb2rk1/q4pp1/7p/3pP3/4P1n1/1pPB2P1/PQ5P/1K1RR3 w - - 0 25,g_base_s0,CONTROL,0,0,409,8,0,529,1742,582,1393,24,32,-305,1,11,0,-238,93
r1b1k1nr/3p3p/1p3p2/p7/4B3/2P1pP2/5qPP/3K2R1 b kq - 3 22,g_base_s0,CONTROL,0,0,1876,0,17,777,1473,372,1720,28,21,1818,2,10,0,2258,0
4k2r/2p3p1/r3p3/Np2p2p/1P1b4/5P2/1N1K2PP/1R5R b k - 0 27,g_base_s0,CONTROL,0,1,22,0,17,0,290,15,-485,27,21,-277,2,10,0,-114,0
r1b2rk1/1pq1bpp1/2npp2p/p7/1PP3n1/P2QBNP1/3NPPBP/3RK2R w K - 0 15,g_base_s0,CONTROL,0,0,150,0,0,837,2221,510,1813,26,22,0,0,14,0,51,0
r1bq1rk1/ppp1bppp/1n1ppn2/3P4/5B2/PPN3P1/4PPBP/R2QK1NR w KQ - 1 10,g_base_s0,CONTROL,0,0,107,0,0,679,1939,428,1714,23,17,0,-1,15,0,-94,0
1B4k1/6pp/pb6/1p6/2p1pPP1/7P/2b1n2K/6r1 b - f3 0 37,g_base_s0,CONTROL,0,1,2209,0,0,0,0,0,0,30,11,1201,3,9,0,2101,0
6k1/6pp/1r2p3/3n4/3P4/P2P2PP/1p3K2/1R6 w - - 1 30,g_base_s0,CONTROL,0,1,9,0,0,0,0,0,0,20,22,-305,1,9,0,-398,0
7N/r3k1pp/4p3/8/1b2B2R/1p2P1P1/5P1P/3K3R b - - 0 27,g_base_s0,CONTROL,0,1,-971,8,16,0,0,0,0,25,25,-868,0,8,1,-877,-42
4r3/2k3p1/2p4p/p2r4/1bNp1P2/1P1K2PP/1P2P3/R4R2 w - - 7 30,g_base_s0,CONTROL,0,1,-194,16,8,0,0,0,0,24,27,-28,1,11,0,-48,0
rnbqr1k1/pp1pbppp/4pn2/2p5/2P2B2/1P1P1NPP/P3PP2/RN1QKB1R b KQ - 2 7,g_base_s0,CONTROL,0,0,-163,0,0,333,1669,532,1870,17,22,0,0,16,0,-54,0
1r5k/1p3p1p/2b5/p1p2pP1/P1Pn3P/1P1P4/3N1K2/2R5 w - - 3 35,g_base_s0,CONTROL,0,1,-39,0,0,0,0,0,0,19,23,-333,0,12,0,-333,0
3rr1k1/3n1ppp/p3q3/4p3/2Pp2P1/R2P2NP/5PB1/3Q1RK1 w - - 1 25,g_base_s0,CONTROL,0,0,-401,0,0,480,1580,458,1558,25,21,333,-1,11,0,140,0
1r1qk1nr/5pp1/4p2p/1p1pPb2/1bpP4/N3BN2/4BPPP/R2QR1K1 w k - 0 15,g_base_s0,CONTROL,0,0,210,0,0,643,1885,640,2073,21,28,305,-2,12,0,112,0
3q1rk1/5pp1/6b1/4P2p/3n1Q2/4RPPP/2p3K1/2R5 b - - 7 42,g_base_s0,CONTROL,0,0,-222,1,0,600,1318,482,723,29,25,75,0,8,0,314,0
1k1r4/4n1pp/pp2B3/n1b1P3/Q1Pp4/7P/P2B1KP1/qN3R2 b - - 0 22,g_base_s0,CONTROL,0,0,87,1,0,829,2485,881,780,27,30,-28,0,10,0,190,0
r1bq1r2/1p4bk/2p3pp/p7/P2PQn1N/1N2B3/1P2PPB1/R1R2K2 w - - 4 25,g_base_s0,CONTROL,0,0,412,0,0,886,2143,702,1184,27,28,305,0,10,0,473,0
rn2k2r/pp2ppb1/5npp/q2P4/7N/2B3PB/PP3P2/R2Q1RK1 b kq - 6 17,g_base_s0,CONTROL,0,0,196,0,0,362,1866,758,1833,24,29,-28,1,11,0,64,75
r2q1r1k/pp1bb1pp/2n2p2/2p1p3/2Q5/1PNPBNP1/P3PP1P/R3KR2 w Q - 3 15,g_base_s0,CONTROL,0,0,349,0,4,767,2388,449,1433,23,20,-28,0,14,0,69,42
1r1k1b1r/p3pppp/2q5/2p5/2N5/2NPB1P1/PP1KPP1P/R7 b - - 0 17,g_base_s0,CONTROL,0,0,473,0,1,362,1670,654,1249,25,25,903,-1,13,0,737,0
5rk1/6pp/1Q2p3/2n5/2P3n1/3B4/PP3PPP/RNBR2K1 b - - 0 17,g_base_s0,CONTROL,0,0,-2395,1,0,564,1282,626,1605,25,34,-1874,-3,9,0,-2374,0
5rk1/p7/2pp3p/4p3/5p2/2PB4/P2K1N1P/n3R3 w - - 0 30,g_base_s0,CONTROL,0,1,-433,0,1,0,0,0,0,24,21,333,-3,9,0,-49,130
4r1k1/Bb1n2p1/4rp2/3qNn2/p4P2/PpPP3p/1P3RPP/2QR2K1 w - - 0 30,g_base_s0,CONTROL,0,0,490,3,0,690,1678,866,2380,25,30,-305,2,12,1,-109,100
5r2/3b4/3P3k/3R2p1/p1P5/Pp2K2p/1P5P/8 b - - 0 57,g_base_s0,CONTROL,0,1,-267,0,3,0,0,0,0,26,20,333,-1,9,0,156,0
4r1k1/2r2pb1/p1p3p1/PpBb2P1/1P2p2R/7B/2P2P2/2K4R b - - 0 32,g_base_s0,CONTROL,0,0,275,3,11,1016,1923,827,1435,27,31,0,1,11,0,178,0
r4rk1/p3Bpbp/1qn3p1/3p4/1p1P4/5NP1/PPb1QPBP/R3R1K1 b - - 0 17,g_base_s0,CONTROL,0,0,-24,0,0,696,1605,786,1732,28,28,0,0,12,0,-22,104
2r3k1/5pb1/8/5p1P/p2P3P/P4N2/1p3P2/4R1K1 w - - 0 45,g_base_s0,CONTROL,0,1,356,0,0,0,0,0,0,21,24,-28,1,9,0,121,0
1r4k1/4nn1p/pq2p1pP/1pb2p2/P2pP3/1Q1P1NPB/1P3P2/R4RK1 b - - 1 27,g_base_s0,CONTROL,0,0,253,0,0,584,1854,531,1791,26,26,-258,0,14,1,-192,108
8/2b1nk1p/8/4pp2/RP1p4/3P2P1/5P2/5K1B w - - 1 55,g_base_s0,CONTROL,0,1,-128,0,0,0,0,0,0,21,20,258,0,8,1,206,0
r2qkbnr/1p1n1pp1/p2pb2p/4p3/2P1P2P/4BN2/PP3PP1/RN1QKB1R w KQkq - 1 10,g_base_s0,CONTROL,0,0,55,0,0,634,2115,439,1775,25,22,0,0,14,0,26,0
r5k1/6p1/7p/3r4/1p3P1P/1Pb3P1/P3R2R/6K1 b - - 4 37,g_base_s0,CONTROL,0,1,-165,0,0,0,0,0,0,30,18,333,-2,8,0,179,0
3rk2r/1pq2pb1/p1np3p/5PpP/1P3P2/P3B3/3QB1P1/3R1RK1 b k - 0 22,g_base_s0,CONTROL,0,0,92,0,0,438,2038,642,1853,24,29,-28,0,12,0,-5,0
r1bqk2r/pppnnppp/4p3/8/3P4/2N2N2/PP2PPPP/2RQKB1R w kq - 6 10,g_base_s0,CONTROL,0,0,42,0,0,523,1782,251,1527,19,14,0,0,14,0,80,0
r1b1k3/1p4R1/3np1Nr/pP6/3P3p/K2B4/6PP/2R5 b - - 7 27,g_base_s0,CONTROL,0,0,229,12,10,479,1741,1793,717,20,37,0,0,8,0,12,0
r2n1r1k/1b2q1pp/2pbpn2/pp6/8/PQNBPN2/1PPB1PPP/3RK2R b K - 2 17,g_base_s0,CONTROL,0,0,-137,0,0,620,1756,668,2452,25,24,0,-1,13,0,-93,0
r1b1k1nr/p1ppq1pp/1p1bp3/8/1n1Pp3/2N2N2/PPPQBPPP/R1B2RK1 w kq - 0 10,g_base_s0,CONTROL,0,0,-24,0,0,537,1834,534,1738,22,24,0,-1,15,0,-14,75
4rrk1/1p4p1/n3b1p1/2b4n/p7/P1NQ1N1P/1P3P2/R1B2K1R b - - 1 22,g_base_s0,CONTROL,0,0,-661,2,4,953,2048,592,2347,31,31,-617,0,8,0,-620,-72
r2r1nk1/5pp1/2pqbn1p/p1p1p3/P1P1P3/3P1N1P/1RQBBPP1/1R4K1 w - - 8 20,g_base_s0,CONTROL,0,0,-172,0,0,596,2052,715,2048,27,24,28,0,14,0,15,0
2r3k1/1r2b2p/p3bp2/n3p3/Pnp4P/4PN2/1B1PBPP1/1R2K2R b K - 1 22,g_base_s0,CONTROL,0,0,-318,0,0,802,2453,390,1973,28,17,305,-1,11,0,231,0
r2qk2r/pppbbpp1/2n5/1P1np2p/8/P3PP2/1B1P2PP/RN1QKBNR w KQkq - 1 10,g_base_s0,CONTROL,0,0,6,0,0,323,1743,614,1917,20,25,0,0,14,0,-13,90
r1b1k2r/p2pppbp/q1p2np1/2P1P3/3Q4/2N2N1P/PPPB1PP1/R3K2R b KQkq - 0 12,g_base_s0,CONTROL,0,0,38,0,0,456,1670,735,2340,23,27,28,-1,15,0,-134,0
r1b1kb1r/pp1ppp1p/2n2np1/q1P5/3N4/2N1P2P/PPP2PP1/R1BQKB1R b KQkq - 6 7,g_base_s0,CONTROL,0,0,10,0,0,436,1777,608,2185,24,24,0,-1,15,0,-110,106
2r1kb2/3p1p2/p3p1pp/2P1P3/1P1N1P2/P2KP2P/2P5/4R3 w - - 0 35,g_base_s0,CONTROL,0,1,-133,0,0,0,0,0,0,24,14,-28,2,14,0,224,0
3k4/3p4/3Np3/2P1P2r/1PP4p/3KP1bR/8/8 b - - 6 62,g_base_s0,CONTROL,0,1,51,0,0,0,0,0,0,16,21,28,-2,8,0,-195,47
2qr3k/5pp1/N4b2/7p/P4Q1P/4P3/1P4P1/5RK1 b - - 0 32,g_base_s0,CONTROL,0,0,-40,2,4,541,1114,478,1156,33,28,28,-2,8,0,-240,228
2rr2k1/3n1pbp/b2B2p1/1qpP4/1p6/PQ2PBPP/1P1N1P2/2R1K2R b K - 0 22,g_base_s0,CONTROL,0,0,-509,0,0,798,1740,894,2425,25,29,0,-2,12,0,-246,0
r3k2r/1p1n1pb1/1q1pb1p1/p1p3Bp/1nP5/2N2NPP/PP1QPPB1/3R1RK1 w kq - 4 15,g_base_s0,CONTROL,0,0,-169,0,0,1007,2166,756,2409,25,25,0,0,14,0,43,-1
r1bqkb1r/1p3p1p/n1pp2p1/p3p3/2PPP3/3Bn3/PP1QNPPP/RN2K2R w KQkq - 0 10,g_base_s0,CONTROL,0,0,90,0,0,470,1730,745,1807,20,28,-333,0,16,0,-393,325
3r2k1/1p6/2p4p/p5b1/2P2Nqp/1P2P3/P2R2P1/2Q3K1 b - - 3 37,g_base_s0,CONTROL,0,0,-41,3,11,563,1583,642,1540,30,26,28,0,10,0,-66,80
3r1rk1/1p3p1p/1q1p1Qp1/pbp2P2/2P1P3/1PN4P/P5P1/R4RK1 b - - 0 22,g_base_s0,CONTROL,0,0,156,3,0,229,1268,760,1529,19,26,28,0,14,0,0,0
1r2k3/1p3pp1/prn1p2p/3pP3/PP1P4/6PP/4RPKN/1R6 w - - 9 30,g_base_s0,CONTROL,0,1,201,0,3,0,0,0,0,23,18,0,0,14,0,68,0
8/1p2kp2/p3p2p/n2pP3/P2P3P/5NP1/1r6/R3K3 b - - 0 57,g_base_s0,CONTROL,0,1,-212,3,0,0,0,0,0,24,17,0,1,11,0,125,0
7R/5pk1/1p2p3/3pPn1P/p2P4/5N2/4K3/r7 w - - 1 85,g_base_s0,CONTROL,0,1,-98,0,3,0,0,0,0,24,27,0,-2,8,0,-248,0
3qkBnr/1p3pp1/p3p3/1N1pP2p/2r5/Q4NPP/1R3P1K/8 w - - 3 30,g_base_s0,CONTROL,0,0,-688,6,8,1178,608,591,1652,30,29,75,-3,11,0,-312,0
2r3r1/Bb2kp1p/p7/1p2p3/8/1P2P2P/Pn1N2P1/1R3KR1 b - - 3 22,g_base_s0,CONTROL,0,0,-219,0,2,895,881,334,1819,31,18,0,0,10,1,-25,0
rnbq1k1r/1pp2pp1/p3pn2/7p/1bPP4/P2BPN1P/1B1N1PP1/R2Q1RK1 b - - 0 12,g_base_s0,CONTROL,0,0,204,0,0,452,2233,757,2141,22,25,0,0,14,0,-43,0
6k1/1p4p1/p1r1b3/2p5/P2q4/B5PP/4QPNK/4R3 w - - 5 40,g_base_s0,CONTROL,0,0,-317,0,0,334,678,645,1441,26,34,305,0,8,1,240,-43
3r2k1/r1p1bppp/1p2pn2/pQ2Bq2/P2P4/1PP2N2/5PPP/1RR3K1 w - - 1 20,g_base_s0,CONTROL,0,0,66,0,0,755,1708,602,1762,29,28,0,0,14,0,34,0
r3kb1r/1bpn1pp1/pp2pqn1/6Np/3P3P/2PB1N1R/PP1BQPP1/R3K3 b Qkq - 3 12,g_base_s0,CONTROL,0,0,137,0,0,647,2180,804,2104,25,25,0,0,14,0,15,0
r1bq1rk1/1p1nppbp/6p1/p1PQ2B1/P3n3/1NP2N2/1P2PPPP/R3KB1R b KQ - 0 12,g_base_s0,CONTROL,0,0,-391,0,0,643,1686,836,2265,23,31,0,-2,14,0,-281,14
4k3/2Q5/2b4p/p1P5/P6N/2B1Pp2/5KpP/6R1 w - - 3 40,g_base_s0,CONTROL,0,1,2786,0,0,0,0,0,0,36,16,1818,0,8,1,2197,667
3r4/p5k1/5np1/qpp2b2/6P1/PQ2PN1P/1P3P2/5K1R b - - 0 22,g_base_s0,CONTROL,0,0,-325,13,0,969,1031,542,1637,32,27,333,-2,10,0,-14,0
r1bqkb1r/1p3p1p/p1n1pnp1/8/2BP4/1QN2N2/PP3PPP/R1B2RK1 w kq - 0 10,g_base_s0,CONTROL,0,0,-61,0,0,680,1833,522,2145,27,22,0,0,12,0,62,-42
r7/5k2/bp4p1/p4p1p/5P2/3R1N2/1b2K3/2q5 b - - 3 37,g_base_s0,CONTROL,0,1,2340,0,0,15,-383,15,-485,37,19,1311,4,6,0,2404,108
2r2bk1/p3pp2/p3b1p1/4P2p/Pr3P1P/2N1R1P1/5R1N/6K1 b - - 2 32,g_base_s0,CONTROL,0,0,-297,0,0,717,1841,519,2010,31,20,56,1,11,0,76,0
r1bqkb1r/pp1npp1p/2n3p1/4p3/3P1P2/3B1N1P/PP4P1/RNBQK2R w KQkq - 0 10,g_base_s0,CONTROL,0,0,72,0,0,531,2478,412,1615,23,17,0,-1,13,0,-114,100
rnbqr1k1/5pbp/1Pp2np1/3pp3/1B2P3/3P4/P1PNBPPP/RN1Q1RK1 b - - 0 12,g_base_s0,CONTROL,0,0,-12,0,0,580,1850,533,1577,25,22,0,-2,14,0,-236,186
4Q3/7p/8/3p1k2/1B1K1n2/P1P5/3N1PnP/6r1 w - - 14 40,g_base_s0,CONTROL,0,1,1003,0,0,0,0,0,0,32,21,415,2,6,0,1029,0
rn2k1nr/pp2bp1p/2p1p3/3p2p1/3P4/P1PQP1B1/1q1N1PPP/R3K1NR w KQkq - 0 10,g_base_s0,CONTROL,0,0,-7,0,0,675,2053,430,1544,25,26,0,-1,15,0,-60,0
r3k2r/pp1nbp1p/1qp1p2n/3p1bp1/2PP4/P1NBP1B1/1P3PPP/R2QK1NR w KQkq - 3 10,g_base_s0,CONTROL,0,0,-89,0,0,736,2405,672,2086,25,26,0,0,16,0,15,-101
5k2/2r2p2/2P1pPn1/6p1/4N3/2K3P1/1p3P2/6r1 b - - 1 37,g_base_s0,CONTROL,0,1,1241,0,0,0,0,0,0,24,18,1126,0,8,0,1246,95
7r/1p2k3/2pb1pp1/3p4/1p1P1P1r/1P1BPN1b/P1P2K2/R6R b - - 2 32,g_base_s0,CONTROL,0,0,-58,3,6,1191,920,662,1768,28,23,28,0,12,0,-34,0
r1b2k1r/1pp1npp1/3pqn2/p6p/4p2P/QPN1P3/P1PP1PP1/R3KBNR b KQ - 0 12,g_base_s0,CONTROL,0,0,22,0,0,604,1955,361,1964,22,23,0,0,16,0,22,0
r1b2k1r/ppp1n1pp/8/7Q/4p3/2N1B3/PPq2PPP/R3K2R w KQ - 5 15,g_base_s0,CONTROL,0,0,-334,8,2,622,2334,708,1526,32,29,0,-1,11,1,-72,0
r4rk1/pp4p1/1np1pq2/6pP/4Q3/P1N3P1/1P2PP2/R3K2R w KQ - 0 20,g_base_s0,CONTROL,0,0,-16,0,7,536,1719,466,1409,29,24,0,0,12,0,64,0
2r4k/6pP/1p1R4/8/2pp4/Pr6/1PK1P2R/8 b - - 1 47,g_base_s0,CONTROL,0,1,-103,7,0,0,0,0,0,23,26,0,0,8,0,-93,0
r5kr/p4pp1/q1pBp3/2P4p/P2Pn2P/5NP1/2Q2PB1/3R2K1 b - - 4 32,g_base_s0,CONTROL,0,0,210,0,0,460,1282,816,1894,28,27,-103,0,12,0,-205,14
5k2/p3r3/P1p3p1/4q2p/2B1p2P/2Q3P1/5P2/4R1K1 w - - 6 60,g_base_s0,CONTROL,0,0,-277,0,2,657,1646,455,1638,31,27,333,-1,9,0,265,0
r1bqk2r/pppnnpbp/6p1/3Pp3/8/3P1NP1/PPPB1PBP/RN1QK2R b KQkq - 0 7,g_base_s0,CONTROL,0,0,-35,0,0,452,1737,454,1892,16,21,0,-1,15,0,-105,43
r5k1/4qp2/2pN2pp/2PnB3/p2Q3P/P5P1/3N2K1/4R3 w - - 1 35,g_base_s0,CONTROL,0,0,-109,1,0,1376,1287,421,1598,35,29,638,-1,9,0,427,0
4bk1N/p3b1pp/2p1Rn2/8/8/2PP2P1/P2N1r1P/R2K4 b - - 1 27,g_base_s0,CONTROL,0,1,-470,0,1,0,350,0,330,24,22,-202,-1,9,0,-263,42
r1b2rk1/2pp1ppp/ppnb1q2/3Bp3/2P1N3/P2P2P1/1P2PP1P/R1BQK2R b KQ - 3 12,g_base_s0,CONTROL,0,0,175,0,0,554,1662,694,1844,22,23,0,0,16,0,30,0
rnb2rk1/1p2ppbp/2p3pn/p2qP3/3P4/1N1B1Q2/PP3PPP/R1B1K1NR w KQ - 0 10,g_base_s0,CONTROL,0,0,45,0,0,691,2524,447,1566,28,22,0,0,14,0,-13,0
rnbqk2r/pp2ppbp/2p3pn/3pP3/2PP4/3B1N2/PP1N1PPP/R1BQK2R b KQkq - 4 7,g_base_s0,CONTROL,0,0,12,0,0,351,1712,676,2122,18,22,0,0,16,0,-22,0
r1bqk2r/p1n1bppp/1p1p1n2/2pP4/2B5/1PN1PN2/P4PPP/R1BQK2R w KQkq - 2 10,g_base_s0,CONTROL,0,0,52,0,0,753,2538,428,1992,22,20,0,0,14,0,51,0
2b2rk1/2n2qp1/1Q1p3p/2pP1p1P/2P4R/4PN2/5PP1/5K2 b - - 4 37,g_base_s0,CONTROL,0,0,-237,0,0,336,1345,657,1565,21,30,333,-1,11,0,163,-42
r3r1k1/pb3q2/1p1p2pp/2pP4/7P/1P6/P2R1PPN/3Q1RK1 b - - 1 22,g_base_s0,CONTROL,0,0,98,0,0,536,1839,260,1197,29,21,28,0,12,0,80,0
r1bqr3/1pb1nkp1/5n1p/pBPp3P/8/P1N1P3/1PQB1PP1/2R1K2R b K - 2 17,g_base_s0,CONTROL,0,0,-286,3,0,665,1710,773,2363,25,30,305,-2,12,0,-107,0
2r1r1k1/pp5p/1np2pp1/3p1q2/3P3P/1Q2PN2/PP3PP1/3RBK1R w - - 2 20,g_base_s0,CONTROL,0,0,-170,0,0,442,1836,671,1974,24,27,333,0,14,0,295,0
6k1/6np/1p1r1pq1/p2p3p/P3rR2/1P2P1P1/1B3PNK/2R2Q2 b - - 6 47,g_base_s0,CONTROL,0,0,254,4,3,717,1713,684,1051,22,27,-333,1,11,0,-195,0
4r1k1/6n1/1p2rp1p/p6p/P1RRP1qN/1P4P1/1B3P2/5QK1 w - - 2 75,g_base_s0,CONTROL,0,0,-115,6,0,932,1872,502,1710,30,25,333,0,10,0,442,0
4k2r/1p5p/2p3pb/p1p4P/P1P1P3/1NN2q2/1P3P2/R4RK1 b k - 1 27,g_base_s0,CONTROL,0,0,-472,2,12,667,1419,420,1408,31,20,110,0,12,0,76,-10
r4k2/4np1p/4q3/p4p2/P3p2P/2Q1P1PB/1P3P2/3R2K1 b - - 5 32,g_base_s0,CONTROL,0,0,94,6,0,406,1340,683,1705,24,34,-28,-1,11,0,-187,0
2r1k2r/1Qbq2p1/p1n2n1p/2ppp3/P7/2NP1N2/1PPB1PPP/R3R1K1 b k - 0 17,g_base_s0,CONTROL,0,0,-353,0,0,679,2529,651,1960,24,31,0,-1,13,0,-232,-41
r2qk2r/3nbppp/3p1n2/1QpPp3/P6N/8/1PPP1PPP/R1B2RK1 b kq - 2 12,g_base_s0,CONTROL,0,0,-171,0,0,465,1738,355,1209,20,27,305,-2,14,0,76,42
rn2kb1r/p3pp1p/b2p1np1/q1pP4/2B1P3/5PP1/PP5P/RNBQ1KNR w kq - 2 10,g_base_s0,CONTROL,0,0,-3,0,0,574,2198,493,1849,24,27,0,0,14,0,-14,0
rr6/5p1p/5b1k/3PnP1P/2p1P1p1/1PN3P1/P7/3R1K1R b - - 0 37,g_base_s0,CONTROL,0,1,-648,0,0,16,-198,0,270,29,21,333,-3,11,0,-187,70
rn2k2r/p2p1p1p/3b2p1/2pN3n/6P1/5P2/PP2NK1P/R1B4R b kq - 0 17,g_base_s0,CONTROL,0,0,370,0,0,625,1827,615,1308,18,24,0,1,11,0,182,0
r2qr1k1/1b1n1pp1/p2b1n1p/1ppP4/8/2NBBN2/PP3PPP/2RQR1K1 w - - 4 15,g_base_s0,CONTROL,0,0,154,0,0,986,2328,754,2352,27,27,0,0,12,0,67,-65
r1b1kb1r/pp2qppp/1n3n2/2pP4/2p5/2N2N2/PP2BPPP/R1BQK2R w KQkq - 5 10,g_base_s0,CONTROL,0,0,-136,0,0,576,1990,613,1961,23,25,0,-1,13,0,-72,0
r1bqk1nr/p2pbppp/1pn1p3/8/2PNP3/P5P1/1P3P1P/RNBQKB1R b KQkq - 0 7,g_base_s0,CONTROL,0,0,-33,0,0,311,1655,542,2012,19,25,0,0,14,0,12,0
r1bqk1nr/p2pbppp/1pn1p3/8/2PNP3/P5P1/1P3P1P/RNBQKB1R b KQkq - 0 7,g_base_s0,CONTROL,0,0,-33,0,0,311,1655,542,2012,19,25,0,0,14,0,12,0
4r1k1/2b3p1/1q2p2p/3pP3/1P2n3/2BQP2P/r5P1/2R1N1KR b - - 2 32,g_base_s0,CONTROL,0,0,-389,0,3,971,1608,557,1617,36,23,0,-1,9,0,-75,8
r4k1r/1p1b1pp1/pnpqpn1p/8/3PP3/P2B1N1P/1PQ1NPP1/R4RK1 w - - 0 20,g_base_s0,CONTROL,0,0,-254,0,0,641,2039,587,2276,26,27,0,0,14,0,28,0
1rb1k2r/2q2pp1/p3pn2/1N2p3/4P2p/b2BBP1Q/1PP3PP/2KRR3 b k - 0 17,g_base_s0,CONTROL,0,0,-206,3,0,568,2552,980,2078,30,26,0,0,12,0,-77,0
b1r1k3/4np1r/P1nQpp2/1Bp4p/1p2P3/5NP1/1P3P1P/3R2K1 b - - 0 27,g_base_s0,CONTROL,0,0,230,7,0,489,1861,1035,1828,21,31,-82,0,12,0,-230,-43
4r3/5pk1/4n2r/4p2p/1p5P/1P4P1/5P2/1Q1RNK1B w - - 1 55,g_base_s0,CONTROL,0,0,223,0,8,699,1700,348,964,28,19,720,0,8,0,898,0
r2qk2r/pp2ppb1/2pn1n2/3pQp2/3P1P1P/2P5/PP1NP1BP/R1B1K2R w KQkq - 3 15,g_base_s0,CONTROL,0,0,289,0,0,685,1891,522,1908,23,19,28,1,15,0,80,0
8/1p1k1p2/1P1np3/3p4/3P1qp1/2P1B3/4Q3/4K3 b - - 1 42,g_base_s0,CONTROL,0,1,104,0,0,0,0,0,0,24,23,-28,2,8,0,376,0
r5kr/4B1b1/P4pp1/R2pN3/3Pb1Pp/8/4PK1P/2R5 w - - 0 30,g_base_s0,CONTROL,0,0,-371,6,0,1076,408,1053,1615,35,22,-28,1,9,0,131,0
r2r2k1/pp1n1pp1/7p/3b1B2/3P3R/1PB2NP1/P4K2/8 b - - 3 22,g_base_s0,CONTROL,0,1,-378,0,6,3,551,15,-383,19,31,230,1,9,0,130,0
rn2k1nr/p4p2/2p5/1b1q2pp/2pPp3/Q1B1P3/P3NPPP/1R2KB1R w Kkq - 0 15,g_base_s0,CONTROL,0,0,-286,0,5,643,1843,569,1796,22,23,28,-1,13,0,-77,0
r1b1k2r/1P2ppbp/pq4p1/8/2P2P2/8/PP1B2PP/R2QKBNR b KQkq - 0 12,g_base_s0,CONTROL,0,0,-227,0,4,496,1673,278,1540,29,24,-305,-2,12,0,-484,212
rn1qkb1r/1bp1pp2/p5p1/1p1P3p/3P1P2/1B3N2/PPP3PP/R1BQK2R w KQkq - 2 10,g_base_s0,CONTROL,0,0,-111,0,0,642,2040,205,1423,20,17,0,1,15,0,65,-42
2b2rk1/1p3pbp/q2p1np1/2p1n1N1/2P1P3/1N5P/r4PP1/1QBRRBK1 b - - 5 22,g_base_s0,CONTROL,0,0,-63,0,0,804,1730,789,1933,31,25,0,1,11,0,62,42
r1bqkb1r/1p1npp1p/2pp1np1/p7/P2PPB2/2P4P/1P1N1PP1/R2QKBNR b KQkq - 0 7,g_base_s0,CONTROL,0,0,-43,0,0,390,1679,571,1791,18,25,0,0,16,0,-14,0
2k4r/4p3/1Q3np1/2p3q1/P6p/2P4P/1PB2P2/3R1K2 w - - 11 35,g_base_s0,CONTROL,0,0,-33,10,27,1170,1449,575,1537,34,26,28,1,9,0,175,0
2r5/4kppp/b1r5/bp4P1/p2PPP2/P4N2/R3N2P/3K3R b - - 6 32,g_base_s0,CONTROL,0,0,-505,16,4,1168,963,835,2175,25,18,56,-1,11,0,-236,0
rn1qkbnr/1b1p1p2/1p2p2p/pNpPP3/2P3pP/P3BN2/1PQ2PP1/R3KB1R w KQkq - 2 15,g_base_s0,CONTROL,0,0,-257,0,0,893,2540,312,1588,30,19,0,0,16,0,24,0
2N3n1/3Rb1kr/4Qp2/p1p2Pqp/R7/8/KP6/8 b - - 5 42,g_base_s0,CONTROL,0,0,271,3,1,447,527,1148,545,20,34,-230,2,6,0,6,0
r4rk1/p4pp1/8/P1bP2Pp/2Q4P/5P2/Rq1N4/4K2R b K - 2 27,g_base_s0,CONTROL,0,0,-264,0,12,663,1232,445,1594,31,30,28,-1,9,0,-97,0
2k2b1r/pp2pp2/1npr1np1/3qNb1p/P2P1B1P/4PP2/1P1N2P1/R1Q1KB1R w KQ - 1 15,g_base_s0,CONTROL,0,0,-362,0,0,886,2183,916,2907,26,28,0,0,14,0,-27,0
2k5/pp1n1p2/2p5/2n1P1r1/2PB1P2/2P4b/P1BNK3/R7 b - - 0 27,g_base_s0,CONTROL,0,1,-159,11,9,0,0,0,0,25,24,-28,-1,9,0,-152,0
r3k2r/1ppb4/p2p4/3Pp1n1/1P2P1p1/P1NQ1pN1/2P2P1q/R2RK3 b - - 1 27,g_base_s0,CONTROL,0,0,-355,0,8,672,1969,654,2048,29,21,28,1,13,0,123,0
2rk4/2p3r1/p2N4/Pp1Pp2q/1P2P3/3P4/2R5/1KR5 w - - 1 55,g_base_s0,CONTROL,0,0,-162,1,17,1073,1530,313,1397,26,30,-645,1,9,0,-504,123
4kb1r/2pn1p2/3p1np1/7p/Q1bqPP2/2N5/1PP2NPP/2BR2K1 b k - 5 17,g_base_s0,CONTROL,0,0,505,0,4,908,1821,540,1581,28,30,333,-1,11,0,268,0
r1b4r/p3kppp/1pP1pn2/2n5/2PNpB2/P1P5/5PPP/R3KB1R w KQ - 2 15,g_base_s0,CONTROL,0,0,128,0,4,1009,2211,621,1436,27,20,28,0,14,0,105,0
8/8/2Pk2p1/p2P4/P1P1p1Bp/4p2P/5r2/3K4 b - - 3 42,g_base_s0,CONTROL,0,1,-82,4,0,0,0,0,0,26,13,230,0,10,0,144,0
r1b1kbnr/ppqn1ppp/2pp4/4p3/N1PPP3/3BB3/PP3PPP/R2QK1NR b KQkq - 0 7,g_base_s0,CONTROL,0,0,-22,0,0,336,1783,603,2241,15,23,0,0,16,0,-28,0
r5rk/5pp1/2pP3p/4P3/p2B1bq1/8/PP3P1P/3RRB1K w - - 0 35,g_base_s0,CONTROL,0,0,-56,14,0,666,1520,568,910,24,32,-617,1,11,0,-495,0
3r2kr/2q2ppp/p2b1n1P/4p3/Ppp1P3/5Q2/PBP2PP1/3RKB1R b K - 0 22,g_base_s0,CONTROL,0,0,183,0,0,728,1766,583,1892,27,27,-28,0,14,0,96,0
r2q1rk1/1p3ppn/p3p3/2B5/1nP2P2/1P3P2/P2PN2P/RQ2K2R b KQ - 0 17,g_base_s0,CONTROL,0,0,-233,5,5,384,1150,578,1891,25,28,-28,-2,12,0,-233,0
r3k2r/ppq1bppp/2n1pn2/2ppN3/5P2/1P2P3/PBPP2PP/RN1QK2R w KQkq - 4 10,g_base_s0,CONTROL,0,0,-76,0,0,604,1885,565,2372,21,20,0,0,16,0,-47,0
1r6/pp6/n1pPknbb/7p/3Pq1pP/BP2P3/P3QP1R/R3K3 w Q - 0 25,g_base_s0,CONTROL,0,0,264,0,15,1068,1345,1052,1147,25,32,-380,2,12,0,-84,0
2kr2nr/pp1bb1pp/n1p2q2/3p1p2/QPPP4/2N2N2/P3BPPP/1RB2RK1 b - - 0 12,g_base_s0,CONTROL,0,0,254,0,0,463,2000,630,1856,20,25,0,0,14,0,-40,0
1rbqkb1r/pp3ppp/2nppn2/2p5/4PP2/1B1P1N2/PPP3PP/RNBQ1RK1 b k - 2 7,g_base_s0,CONTROL,0,0,-16,0,0,501,2188,580,1752,18,19,0,0,16,0,3,0
r1b1kb1r/pp3ppp/1q1ppn2/n1p5/P3PP2/1BNPBN2/1PP3PP/R2QK2R w KQk - 5 10,g_base_s0,CONTROL,0,0,-9,0,0,798,2771,469,2291,21,21,0,0,16,0,22,0
3R4/2p3p1/b3p1Pk/4N2p/p1P1P2P/2P5/P3KP2/8 b - - 0 32,g_base_s0,CONTROL,0,1,-555,7,19,0,0,0,0,14,28,-535,-2,12,0,-882,0
3r1b1r/pkp2pp1/2q2n1p/8/N2B4/1P3PP1/P1PQ1P1P/R4RK1 b - - 0 17,g_base_s0,CONTROL,0,0,-296,12,0,523,892,723,1569,28,25,0,-2,12,0,-397,41
2kr1bnr/ppp2pp1/2npb2q/3N3p/4P2P/1P4P1/PBP1NPB1/R2QK2R b KQ - 2 12,g_base_s0,CONTROL,0,0,139,0,0,497,2012,855,2075,23,25,0,0,14,0,17,0
r2qr2k/pb3ppB/1pn2b2/2ppp3/2P5/PP2PN1P/2QPNPP1/1R2K2R w K - 0 15,g_base_s0,CONTROL,0,0,209,0,7,808,2092,641,1562,25,21,-28,1,15,0,191,0
b4r1k/8/1p3P2/pNp5/Pr6/1P5P/3b2PK/1R3R2 b - - 6 42,g_base_s0,CONTROL,0,1,-221,7,0,3,118,8,-149,29,22,361,-2,8,0,121,0
r3r1k1/1p2qppp/2p1bnn1/p7/N1P5/P3P2P/1BQ1BPP1/2R2RK1 w - - 9 20,g_base_s0,CONTROL,0,0,-84,0,0,514,1744,501,1920,26,25,28,0,12,0,-32,0
7k/1p2r1pp/2pNnp2/2r5/p5PP/P3P3/3R1K2/B4Q2 b - - 1 47,g_base_s0,CONTROL,0,0,132,0,0,712,1345,771,678,24,33,-720,2,10,0,-487,0
r1bqk2r/2p1bp2/3p2pp/pNpPp3/P1P1P3/1P1Q1N1P/5PP1/2R1R1K1 b kq - 0 17,g_base_s0,CONTROL,0,0,-209,0,0,332,1466,791,1947,20,24,56,0,16,0,-139,0
r1b1kb1r/5pp1/2Pp1n1p/pp2p3/B3P3/4B2P/PR2qPP1/2Q2RK1 b kq - 1 17,g_base_s0,CONTROL,0,0,706,0,0,622,2005,508,1503,34,28,305,1,13,0,431,0
r2q1rk1/1p2bppp/p2p1n2/2p1p3/2PnP3/1PNPBN1P/P4PP1/2RQK2R b K - 0 12,g_base_s0,CONTROL,0,0,-48,0,0,736,1667,633,2350,25,20,0,0,16,0,-13,0
1r6/7p/p2p2k1/2p5/2Pp2N1/3P1PKP/P7/8 w - - 5 40,g_base_s0,CONTROL,0,1,278,0,0,0,0,0,0,13,24,-258,0,10,0,-146,0
3r3k/p3N2p/4QP1q/n3p3/1p6/3p3P/PPP3PK/5R2 w - - 0 30,g_base_s0,CONTROL,0,0,-220,3,7,917,536,532,952,30,30,0,1,11,0,139,38
3r1rk1/1pn1b2p/p3p1p1/6P1/2pP3P/2P1P3/P1qBB1Q1/R3K1R1 w Q - 7 25,g_base_s0,CONTROL,0,0,112,5,0,442,1784,942,1979,25,35,28,0,12,0,-81,145
r1brn1k1/2p1bp1p/pp2q1p1/3pP3/3P2P1/P1NBP2P/1P1B2Q1/R4RK1 w - - 1 20,g_base_s0,CONTROL,0,0,-221,0,0,891,2082,389,1974,27,23,0,0,14,0,-28,0
1r3rk1/1qn1ppbp/2b2np1/8/1p2PB2/1PNB1N2/2Q2PPP/R2R2K1 w - - 0 20,g_base_s0,CONTROL,0,0,196,0,0,895,2317,507,1881,29,21,0,0,10,0,100,0
r2qk2r/p3p1bp/np1p1pp1/1b6/1PP5/P7/1B3PPP/R2QRBK1 w k - 0 20,g_base_s0,CONTROL,0,0,-304,0,0,686,1477,335,1803,28,18,-305,-1,13,0,-351,138
1r6/2nk4/3bp3/1p1pBp1p/1P3P2/P1R5/6KP/5B2 b - - 3 47,g_base_s0,CONTROL,0,1,82,0,0,0,0,0,0,19,24,-28,1,9,0,164,0
1k1rr3/1p1bqp2/p1pp4/P1b1n3/3NPNp1/1BP1Q3/5PP1/R3R1K1 w - - 0 25,g_base_s0,CONTROL,0,0,256,0,0,843,2021,618,2203,27,23,-28,-1,11,0,-106,0
r1b1k1nr/ppppqppp/2n5/2b5/3pP3/3B4/PPPNNPPP/R1BQ1RK1 b kq - 9 7,g_base_s0,CONTROL,0,0,86,0,0,540,1761,458,1759,19,17,0,1,15,0,81,0
1k1r1br1/ppq2p2/2n1b3/2pp3p/5P2/PP1P1N2/3NPPBP/Q1R1K1R1 b - - 0 17,g_base_s0,CONTROL,0,0,-304,0,0,672,1909,642,2053,25,23,28,-1,13,0,-112,42
r3k2r/ppq2pp1/2n1bn1p/4p3/1b2P3/2BP1NP1/3N1PBP/R2Q1RK1 w kq - 0 15,g_base_s0,CONTROL,0,0,-120,0,0,574,1883,708,3210,25,28,0,-1,11,0,-185,0
N1b2bk1/p3n3/1p1p2pp/2nP4/2P4P/3pP1P1/PP4Qq/R1B1K1R1 b Q - 5 22,g_base_s0,CONTROL,0,0,-599,0,5,712,1780,376,1832,27,23,-488,-1,13,0,-387,0
rnb1kb1r/pp2pp1p/3p1np1/q1p5/2P1P1P1/2N2N1P/PP1P1P2/1RBQKB1R b Kkq - 0 7,g_base_s1,CONTROL,0,0,-27,0,0,402,1913,545,1848,23,20,0,0,16,0,10,0
8/p2rpp2/1p4k1/8/Nn4P1/1P1b1P2/3P4/BRK5 w - - 0 35,g_base_s1,CONTROL,0,1,197,0,0,0,0,0,0,16,26,0,0,8,1,-19,0
3R4/5pk1/2p1r1pp/p3b3/8/7P/4BPP1/6K1 w - - 2 30,g_base_s1,CONTROL,0,1,-402,0,0,0,0,0,0,25,23,0,-2,8,1,-343,0
4r3/1p5k/1p3p1b/2n2b2/2P3nP/1P4P1/PB1pBP2/5RKR w - - 3 30,g_base_s1,CONTROL,0,0,376,0,0,363,1467,1070,1160,22,30,-47,2,10,0,98,0
r3k1r1/pp2qp2/n4b1p/1Np1P3/P1N3p1/1P6/4QPPP/3R1RK1 b q - 0 22,g_base_s1,CONTROL,0,0,230,8,0,290,1732,1042,1526,20,28,28,0,12,0,-112,0
r1b1kb1r/pp1p1ppp/1q2pn2/n1p5/2P5/P1NP1NP1/1P2PPBP/R1BQK2R b KQkq - 2 7,g_base_s1,CONTROL,0,0,-8,0,0,442,1882,583,2097,21,20,0,0,16,0,-43,0
R4nk1/1B3p1p/4b1p1/8/5P2/P3K3/1P1N3P/6R1 w - - 2 35,g_base_s1,CONTROL,0,1,1095,0,0,0,0,0,0,34,12,1126,1,7,0,1451,0
4k2r/p2bbppp/1q3n2/8/3p4/6P1/2RNPPBP/2Q2RK1 w k - 4 25,g_base_s1,CONTROL,0,0,-258,0,0,564,1522,477,1703,25,30,230,-1,9,0,115,0
rnb2rk1/3pqpbp/1pp2np1/p1P5/1PNP4/P1N1PQ2/6PP/R1B1KB1R b KQ - 1 12,g_base_s1,CONTROL,0,0,-134,0,0,448,1630,765,2618,19,25,0,0,14,0,-25,0
r3k2r/pp2qp1p/2p2npb/3p1b2/PnPPp3/BQN1P3/3N1PPP/R3KB1R b KQkq - 1 12,g_base_s1,CONTROL,0,0,266,0,0,1018,2358,512,2100,26,19,0,1,15,0,137,0
r1bq1rk1/1p2ppbp/1np3p1/3p4/p2P2nN/2PQB1P1/PPN1PPBP/R2R2K1 b - - 11 12,g_base_s1,CONTROL,0,0,-224,0,0,666,1673,714,2130,23,23,0,0,16,0,-84,8
5k2/1p3p1p/2p1b3/q3Pp2/3P3P/4Q1P1/prN3K1/3B4 w - - 0 40,g_base_s1,CONTROL,0,0,-335,0,10,457,186,664,1197,26,29,-258,-2,10,0,-508,0
2b3k1/4q3/4prpp/1p6/p1nR3P/P2R2P1/P4PB1/4Q1K1 b - - 4 32,g_base_s1,CONTROL,0,0,259,0,0,577,1920,806,1752,30,30,-258,0,10,0,-156,41
r4rk1/1pp1n3/2npq1pp/8/pP2PP2/2P1B2P/P3Q1B1/R4RK1 b - - 0 22,g_base_s1,CONTROL,0,0,97,0,0,567,2179,556,1863,29,27,-56,0,12,0,19,0
6k1/2p2r2/1p4pp/q2pP3/1n3P2/p1Q1B2P/P4RBK/8 w - - 0 50,g_base_s1,CONTROL,0,0,-331,0,0,623,1026,440,1618,28,25,361,-2,10,0,92,0
2r3k1/p4n1p/3p4/2r1p3/4qP2/6PP/PPP4Q/1KR4R w - - 2 30,g_base_s1,CONTROL,0,0,128,0,0,96,965,868,1618,17,32,-305,2,10,0,-96,0
2kr1b1r/ppqn2pp/8/4pBN1/2b5/6P1/PB2PP1P/R2Q1RK1 w - - 5 20,g_base_s1,CONTROL,0,0,-315,0,3,656,1665,627,1610,28,25,0,0,10,0,15,41
r3kb1r/1pqn1pp1/p3p1n1/2ppP2p/3P4/2N2NB1/PPPQ1PPP/R3R1K1 w kq - 0 15,g_base_s1,CONTROL,0,0,146,0,0,834,2041,499,1957,22,23,0,0,16,0,108,0
2r1k2r/1pqn1ppp/p2bp1b1/3pN3/Q2P1B2/2P5/P3BPPP/R3R1K1 w k - 1 15,g_base_s1,CONTROL,0,0,-130,0,0,772,1832,651,2373,28,24,0,-1,13,0,-65,-83
r3k2r/1p1nnp2/2p1p1p1/1p1pP3/3P1PBP/P1P1B3/2P5/R3K2R b KQkq - 0 17,g_base_s1,CONTROL,0,0,-185,4,0,416,1674,528,2483,21,22,-56,0,14,0,-30,0
rn2kbnr/pp3p1p/4p1p1/2PpP3/5P2/N2BBQ1P/P1P3P1/q4RK1 b kq - 1 12,g_base_s1,CONTROL,0,0,517,0,0,371,1808,755,1844,25,26,535,0,14,0,456,71
6k1/1p3pb1/4p1p1/p7/P2P1PPp/1qr1P2R/3Q4/R3K1B1 b - - 3 32,g_base_s1,CONTROL,0,0,-494,0,2,817,1168,308,1743,30,24,-563,1,11,0,-380,-66
r1b1k1nr/1p5p/3pppp1/p1pn4/P5P1/1P3N1P/1Q3PB1/5RK1 w kq - 0 20,g_base_s1,CONTROL,0,0,-566,0,0,356,1440,455,2419,24,21,82,-3,13,0,-323,0
rnbqr1k1/p1p2pbp/1p1p1np1/3Pp3/2P5/P1NQ1NP1/1P2PPBP/R1B1K2R w KQ - 2 10,g_base_s1,CONTROL,0,0,74,0,0,729,2373,478,1828,23,19,0,0,16,0,38,0
5r2/2p2pk1/1p1p4/3Pn2P/p1P2RP1/P4P2/1P1K4/8 b - - 6 37,g_base_s1,CONTROL,0,1,-328,0,0,0,0,0,0,21,18,305,-2,12,0,-22,0
r1q1r1k1/2p1ppbp/npNp1np1/p2P1b2/2P5/P1N1B1PP/1P2PPB1/R2QK2R b KQ - 4 12,g_base_s1,CONTROL,0,0,11,0,0,686,1836,941,2117,20,30,0,0,16,0,4,0
r3kb1r/pR1b1ppp/2n1p3/q7/2QPnB2/2N2N1P/P4PP1/4KB1R w Kkq - 1 15,g_base_s1,CONTROL,0,0,505,0,0,1071,2511,759,2225,32,28,0,0,10,0,61,228
r3k2r/pb1n1ppp/q1p1p3/bp1nP3/3P4/PR1B1N1P/2QN1PP1/2B1K2R w Kkq - 1 15,g_base_s1,CONTROL,0,0,-118,0,0,753,2417,604,2373,25,21,0,-1,13,0,-129,41
6QR/6p1/2p2rk1/3p1p1p/8/7P/5PPK/4q3 b - - 10 42,g_base_s1,CONTROL,0,0,612,9,11,596,394,719,-130,28,19,0,2,8,0,353,42
r3r1k1/4qpb1/b2p2p1/2nP3p/p3PNB1/P3B1P1/1PQ4P/2RR2K1 b - - 0 27,g_base_s1,CONTROL,0,0,-193,0,0,872,1824,912,2794,28,27,0,-1,11,0,-162,265
rn2kb1r/1b1p1pp1/p4q2/3p3p/1p2P3/2P2NP1/4NPBP/R2Q1RK1 w kq - 0 15,g_base_s1,CONTROL,0,0,-349,0,0,483,1676,454,1666,23,26,-28,-2,12,0,-193,0
3r1rk1/pp3ppp/8/qPp5/P2n1P2/2N5/3QPP1P/4KBR1 w - - 3 20,g_base_s1,CONTROL,0,0,110,0,0,416,1299,558,1304,23,25,-230,0,12,0,-263,0
r1b1kb1r/pp2nppp/8/1Pp1p3/2Pq4/P1N2P2/5PPP/R1BQKB1R w KQkq - 1 10,g_base_s1,CONTROL,0,0,-118,5,0,426,1788,712,1658,23,27,0,0,14,0,-18,0
4rk2/1p2N1p1/5p1r/7q/P1p3R1/3p1KP1/3Q4/4R3 b - - 4 37,g_base_s1,CONTROL,0,0,226,8,7,681,1312,1155,1105,27,36,-305,3,7,0,269,112
r3k3/pp1nqpp1/2p2n2/4b2r/P4B2/5N1P/1PP1QPP1/R4RK1 w q - 4 15,g_base_s1,CONTROL,0,0,-154,0,0,396,1801,724,1983,24,29,-305,1,11,0,-175,20
5rk1/N2n2p1/1p1b3p/3Pqp2/P7/4P2P/1PQ3P1/R2R2K1 w - - 1 25,g_base_s1,CONTROL,0,0,334,9,0,490,1491,703,1713,27,27,230,2,10,0,407,-42
rnbqk2r/pp3pp1/2p1pn1p/3p4/1bPP4/4PN1P/PPQN1PP1/R1B1KB1R b KQkq - 0 7,g_base_s1,CONTROL,0,0,43,0,0,532,2293,565,1972,22,23,0,0,16,0,38,0
5kr1/5p2/r1N1p2p/p7/4n2P/PP6/7K/2R5 w - - 2 35,g_base_s1,CONTROL,0,1,-694,0,0,0,0,0,0,24,23,-563,-1,7,0,-810,0
1r1qkbnr/1p3ppp/p2p4/2n1pb2/8/2N2NPP/PPP1PPB1/R1BQK2R w KQk - 4 10,g_base_s1,CONTROL,0,0,-87,0,0,586,2030,629,2171,21,24,0,0,14,0,43,0
r1bqk2r/pp1pbpp1/5n1p/2p5/2Pp4/PN4P1/1P2PPBP/R1BQK2R w KQkq - 0 10,g_base_s1,CONTROL,0,0,-32,0,0,481,1707,416,1615,24,20,0,-1,15,0,-66,0
2N3k1/pp6/3P2pp/B5b1/2bP4/PP3RP1/4r3/R2K4 b - - 2 37,g_base_s1,CONTROL,0,1,-834,0,0,0,0,0,0,33,28,-535,-1,9,0,-691,0
3rr1k1/1p3pp1/1Q1p1n1p/3Pqb2/p1P5/B5P1/P4PBP/2R2RK1 w - - 4 25,g_base_s1,CONTROL,0,0,-143,0,0,602,1405,837,2072,28,32,28,0,12,0,-44,41
rnb1k1nr/pp2ppbp/1q1p2p1/8/2BPP3/5N2/PP3PPP/RNBQK2R b KQkq - 0 7,g_base_s1,CONTROL,0,0,-41,0,0,367,1882,666,2327,21,25,0,0,14,0,11,0
r2q1rk1/1p1bnpb1/1n1p2pp/pP2p1P1/7Q/P1NPPN2/1B3PBP/1R2K2R b K - 0 17,g_base_s1,CONTROL,0,0,-223,0,0,545,1961,728,2986,24,24,0,0,14,0,-81,0
8/1p4k1/1P6/pB4p1/P3P2q/3P3b/1R1Knr1P/R7 w - - 6 45,g_base_s1,CONTROL,0,0,-102,12,0,451,649,1605,-35,25,28,-692,2,8,0,-485,-41
2q2rkb/8/p1nrp1p1/1p2pnNp/1P5P/P3P1P1/1B2QPB1/1RR3K1 b - - 3 27,g_base_s1,CONTROL,0,0,307,0,0,951,2397,834,1963,28,27,-28,0,12,0,-68,0
r1b2rk1/pp2qpbp/n1pp1np1/4p3/2P1P3/2NP1N2/PPQ1BPPP/R1B2RK1 w - - 4 10,g_base_s1,CONTROL,0,0,65,0,0,581,1865,504,1734,20,20,0,0,16,0,24,0
q5k1/pp4b1/2ppn1r1/4p2R/2P1P3/3PQP2/PP3P2/3R1K2 b - - 9 37,g_base_s1,CONTROL,0,0,-272,10,2,691,1656,686,1549,23,30,75,-2,12,0,-49,0
r5k1/pp4q1/1n1pP1b1/2p1n3/2P1p3/PQB1P3/1P2B3/1K4RR b - - 0 32,g_base_s1,CONTROL,0,0,179,9,0,774,1803,696,1961,25,33,-286,0,10,0,-328,0
r1r3k1/1bqp4/3bp2p/p4pp1/1PpPPn2/B1P2N2/P1QN1PPP/1RR3K1 w - - 1 20,g_base_s1,CONTROL,0,0,394,0,0,557,1823,846,2366,20,27,-28,1,15,0,115,100
br6/3pn3/1P2p3/P3Ppk1/2pP4/2P3P1/7K/5R2 b - - 2 47,g_base_s1,CONTROL,0,1,104,0,0,0,0,0,0,23,20,638,-2,10,0,436,0
3r1kr1/5pp1/pN2qn2/2Pp2Bp/3PpQ2/1P2R3/P4PK1/6R1 b - - 7 27,g_base_s1,CONTROL,0,0,371,0,8,815,1785,814,1107,21,30,-333,1,11,0,-61,0
r4b1r/np1k1pp1/1n2p2p/1P1pP3/3P4/5N2/3BNPPP/R1R3K1 w - - 3 20,g_base_s1,CONTROL,0,0,177,0,8,1315,1924,351,1146,28,22,0,0,12,0,164,-44
2kr1bnr/pp2pppp/2n5/3NP3/8/8/PP1P1PPP/R1B1K1NR w KQ - 1 10,g_base_s1,CONTROL,0,0,181,0,3,527,1563,255,1704,18,16,0,1,13,0,129,0
1k3r2/p6R/3bR3/6p1/3PK3/1r2B1P1/5P1N/8 b - - 3 37,g_base_s1,CONTROL,0,1,-342,3,0,3,317,150,-550,28,28,-305,-1,5,0,-536,0
4brk1/r3b3/4p1q1/3pP3/1p1P1pp1/1P6/3NNPP1/1R1QR1K1 b - - 1 32,g_base_s1,CONTROL,0,0,-346,0,1,595,2033,457,1654,35,19,56,0,10,0,-1,0
r1b1k2r/1p3pp1/2P1pq2/p2p3p/8/P1P5/2B3PP/RNB1Q2K b kq - 0 17,g_base_s1,CONTROL,0,0,300,0,0,398,1716,453,1001,26,29,-75,2,12,0,138,70
1q5k/8/6p1/4ppNp/p1Qp3P/8/3B2PK/1r6 w - - 14 45,g_base_s1,CONTROL,0,0,-970,7,10,689,267,730,730,32,29,75,-4,8,0,-573,73
5rk1/1pp3b1/r3b2p/5ppP/4p3/P1N1P1P1/1P3PB1/2B2K1R w - - 2 30,g_base_s1,CONTROL,0,1,29,7,10,0,490,3,251,19,29,-258,0,12,0,-306,0
1r1q1rk1/4npb1/2p1b2p/p1P1p1p1/Nn1pP3/1P4P1/P2N1PBP/RQBR2K1 w - - 3 20,g_base_s1,CONTROL,0,0,-162,0,0,542,1735,838,2034,18,27,0,0,14,0,-82,0
5nk1/3r1pb1/7p/BP2p1p1/P3P3/q3N1PP/2Q1BPK1/8 b - - 0 47,g_base_s1,CONTROL,0,0,255,0,0,636,1460,560,632,28,30,230,-2,10,0,-31,0
3q4/1P4k1/3b4/1Q1PpB1p/6p1/4B1P1/5P1K/8 w - - 2 75,g_base_s1,CONTROL,0,1,554,0,0,8,-141,16,-413,36,26,333,1,7,0,864,0
r1bqkb1r/pppp1p2/2n2n1p/4p1p1/P3P3/2PP4/1P1NBPPP/1RBQK1NR b Kkq - 0 7,g_base_s1,CONTROL,0,0,86,0,0,507,1840,345,1615,21,17,0,0,16,0,47,0
4k3/1R1n2b1/8/r4ppp/P3p3/7P/5PP1/3R2K1 w - - 0 35,g_base_s1,CONTROL,0,1,-238,0,0,0,0,0,0,25,26,-75,0,8,0,-310,126
1r4k1/5p1p/3p2pb/q1nPp3/p1P2B2/Q4N1P/2B2PP1/4R1K1 b - - 0 32,g_base_s1,CONTROL,0,0,-213,0,0,546,1601,718,2071,29,31,-333,1,11,0,-270,242
r1bqkb1r/pp1n1ppp/4pn2/2p5/2BP4/4PN2/PPQ2PPP/RNB1K2R b KQkq - 0 7,g_base_s1,CONTROL,0,0,-112,0,0,403,1715,596,2722,19,25,0,0,14,0,-70,0
5k2/6p1/p3b1Q1/3P1p2/4pq2/P1N5/1r6/3RK2R w - - 0 35,g_base_s1,CONTROL,0,0,245,25,11,763,1773,1328,1343,33,35,535,-2,6,0,220,138
r5k1/pb1r1pp1/5q1p/1PB1pN2/1Q2P3/2R2P2/1P4PP/5BK1 w - - 3 30,g_base_s1,CONTROL,0,0,-44,0,0,1012,1802,485,1642,27,25,75,1,11,0,317,0
7k/p1rq2p1/5p1p/1P1Pp3/7P/5PP1/Q4B2/5BK1 b - - 3 57,g_base_s1,CONTROL,0,0,53,0,0,371,868,416,1350,25,29,-103,0,10,0,-248,0
1rbqkbnr/pp1p1p2/2n1p1p1/2p4p/2P1PB2/3P1NP1/PP3PBP/RN1QK2R b KQk - 3 7,g_base_s1,CONTROL,0,0,19,0,0,354,1757,655,2294,19,23,0,0,16,0,-1,0
7r/pp3k2/2q2p2/2p1pbp1/2P2r2/P2PRP2/1P1Q4/1K3RN1 w - - 2 35,g_base_s1,CONTROL,0,0,286,0,0,311,1573,849,1064,19,33,-28,-1,11,0,-9,0
7r/3q4/5pk1/2R1p1p1/pp1r4/PP1PRP2/8/1K1Q4 b - - 1 62,g_base_s1,CONTROL,0,0,-415,0,5,762,853,649,1901,34,24,0,1,9,0,-19,0
4k3/3bbpp1/r1p5/1p2n2p/3NP2P/2PP2P1/P2R1P2/1K2R3 w - - 2 25,g_base_s1,CONTROL,0,1,183,5,0,0,0,0,0,21,26,-103,2,12,0,30,0
q4k1r/2p2ppp/p2b1n2/8/Pp2p3/3P1NP1/1P2PP1P/R1BNK2R w KQ - 0 15,g_base_s1,CONTROL,0,0,127,0,0,306,1765,519,1741,17,26,-82,0,14,0,-144,0
r3k2r/p3bpp1/2p4p/8/5B2/2PP1NPb/P4P1P/R3K1R1 b Qkq - 4 17,g_base_s1,CONTROL,0,0,-196,0,0,316,1738,556,2282,23,21,28,-1,11,0,-159,0
2r5/5k2/p4pp1/2P4p/P4P1P/K5P1/3R1B2/8 w - - 2 45,g_base_s1,CONTROL,0,1,308,0,0,0,0,0,0,20,18,333,1,9,0,587,0
1r2k2r/2qpb1p1/1p6/pP1B1p1p/P4P2/1P6/R3Q1K1/2B2R2 b k - 2 32,g_base_s1,CONTROL,0,0,514,4,10,481,1610,856,974,27,30,-333,2,10,0,132,0
8/2kpb2r/1p4p1/pP1B1p2/P4P1p/1P1R4/3B4/7K w - - 23 60,g_base_s1,CONTROL,0,1,-332,10,4,0,0,0,0,24,21,333,-2,10,0,36,0
1rbr4/1p1pkppp/pN1Np1n1/2q1n3/4P3/6P1/PP1QB2P/1K3R1R w - - 0 20,g_base_s1,CONTROL,0,0,-202,4,12,1281,1887,721,1116,35,30,0,-2,12,0,-14,-130
5k2/4p3/pp3b2/2p4p/n1P2Pp1/6P1/2b1N3/4KNB1 b - - 4 47,g_base_s1,CONTROL,0,1,168,0,1,0,0,0,0,26,14,28,3,9,0,525,0
1rbqkbr1/8/2n1pp1p/1ppn4/7P/2P2NP1/1P2QPB1/R1BR1NK1 b - - 1 17,g_base_s1,CONTROL,0,0,328,0,0,702,2509,618,2034,26,27,0,0,10,0,-13,0
2k1q2r/Q6P/2r4B/1p2p3/1P6/6P1/5P2/R5K1 w - - 4 45,g_base_s1,CONTROL,0,0,-216,0,15,822,1277,331,1679,31,26,-230,2,6,0,166,0
1r4k1/3p1p1p/3P2p1/pbN5/8/4P1P1/r4P1P/2R1K1R1 w - - 5 30,g_base_s1,CONTROL,0,1,164,0,15,0,0,0,0,24,26,-28,0,10,0,-57,0
r2k3r/3p1ppp/bnp2b2/pNn5/Pp2N3/6P1/1P2PPBP/R1B2RK1 b - - 11 17,g_base_s1,CONTROL,0,0,88,0,0,572,2471,776,1621,26,22,0,1,13,0,140,105
r2q1r1k/pp2b1pp/2pN3n/2P1Pb2/8/1Q4P1/PP1P2BP/R1B3KR b - - 2 17,g_base_s1,CONTROL,0,0,-353,0,0,522,1390,830,1582,24,29,0,-2,12,0,-197,0
6rk/pp2P1p1/2bP3p/P1p5/5B1P/1P4K1/8/8 w - - 3 45,g_base_s1,CONTROL,0,1,-211,0,0,0,0,0,0,18,21,-563,0,10,1,-395,0
2r1r1k1/1p6/3qb1p1/1Pp2pP1/2Pp1b2/P2Q1N1P/3BR1B1/5RK1 b - - 2 27,g_base_s1,CONTROL,0,0,95,4,0,1010,2328,761,2288,27,27,-305,0,10,0,-233,0
6k1/5b2/1p4pP/1Pp2pP1/2Ppq3/3N2Q1/8/5BK1 w - - 5 55,g_base_s1,CONTROL,0,1,-314,0,4,3,218,3,278,25,27,305,-1,9,0,192,-45
1r3rk1/3Q1ppp/4p3/qB1p4/3Pn1P1/2b1PN1P/PPbB1P2/R3K2R w KQ - 0 20,g_base_s1,CONTROL,0,0,435,0,0,689,2203,982,1398,34,32,0,2,12,0,190,0
1r2k2r/2qn1ppp/3bpn2/NQ1p1b2/3P4/2N1P3/PP1B1PPP/R3KB1R w KQk - 1 15,g_base_s1,CONTROL,0,0,40,0,0,646,2068,912,2708,25,30,0,2,12,0,175,0
4k3/p1b4p/b7/4PP2/3P1B2/PP2P2P/7r/RN1K4 b - - 2 27,g_base_s1,CONTROL,0,1,-790,0,0,0,0,0,0,26,20,28,-5,9,0,-777,76
q2r1rk1/p4pbp/1p2p1p1/8/Q4P2/P1N1R1P1/1P5P/2R3K1 w - - 1 25,g_base_s1,CONTROL,0,0,158,1,0,643,2098,679,1394,30,25,-28,-1,11,0,-135,0
1k1r1r2/ppp1p1b1/1nnqb1pp/1PN2p2/8/P2PPNP1/2Q2PBP/1RB2RK1 b - - 0 17,g_base_s1,CONTROL,0,0,396,0,0,991,2457,751,1810,29,25,0,0,14,0,98,0
r1bqkb1r/ppp2p1p/6p1/3Pp3/2BnP3/2N2NnP/PPP3P1/R1BQK2R w KQkq - 4 10,g_base_s1,CONTROL,0,0,188,0,0,797,2700,1049,1903,24,31,0,0,14,0,-1,104
r1b1kb1r/pppn1p1p/3p2p1/3P4/3pPP1q/2N4P/PPP1K1P1/R1BQ1B1R w kq - 0 10,g_base_s1,CONTROL,0,0,-55,2,0,510,713,666,1579,20,24,0,0,16,0,-172,75
rknR4/1p3p2/p1ppb3/8/6P1/1P1B3P/P1P1KQ2/8 b - - 4 37,g_base_s1,CONTROL,0,1,-635,0,2,3,471,15,-485,14,34,-645,0,10,0,-960,0
r1nr3k/1p2q1p1/7p/2p2p2/2Pp4/PQ3PPb/2BNP2P/3RK2R b K - 1 27,g_base_s1,CONTROL,0,0,-210,0,3,733,1298,396,1807,30,22,0,0,12,0,33,0
r2qk2r/1pp1nppp/3p1b2/p1nP4/8/5NP1/PP1QPPBP/R1BR2K1 b kq - 2 12,g_base_s1,CONTROL,0,0,3,0,0,539,1893,534,1738,25,21,-28,0,14,0,-12,0
2r3k1/3R1pp1/q4r1p/p6P/5P2/1P2PB2/P1Q2P1K/8 w - - 3 40,g_base_s1,CONTROL,0,0,-138,1,4,917,435,390,1500,35,27,-230,2,10,0,-70,0
r1bqk1nr/1pp2ppp/p1nbp3/8/P1pP4/2N1PNP1/1P3P1P/R1BQKB1R b KQkq - 2 7,g_base_s1,CONTROL,0,0,-4,0,0,518,2306,552,2163,24,20,0,1,15,0,100,-43
r2q1bnr/pp1nk3/2p1ppQ1/3p4/N2P3p/4PN2/PPP2PPP/R3K2R w KQ - 2 15,g_base_s1,CONTROL,0,0,241,0,0,725,2149,361,971,30,21,-333,1,15,0,-68,0
3b1rr1/3k4/1n2p3/8/p1pPPqN1/1p4QP/1P3P1P/2R2RK1 b - - 7 42,g_base_s1,CONTROL,0,0,-464,3,0,657,1005,513,1321,30,22,333,-2,10,0,-29,104
5b2/8/3kP3/3n3P/3r1p1P/1p3P2/1pp5/4R1RK w - - 1 70,g_base_s1,CONTROL,0,1,-208,0,3,0,0,0,0,19,25,-75,0,8,0,-445,0
1k4r1/1p2bp1p/p3p3/2p2p2/2Pn1P1P/PPR3P1/8/1KNr1N1R w - - 8 30,g_base_s1,CONTROL,0,0,242,3,0,253,1753,913,1820,18,30,-28,-1,13,0,-117,0
3r4/1p3pb1/k1n1p2p/p1p2p2/P1P2Pr1/1P3NP1/6R1/1KN2R2 b - - 13 57,g_base_s1,CONTROL,0,0,-86,3,3,1198,958,468,1999,30,19,28,2,12,0,185,0
8/1k3p2/1p2p1r1/p1p2p2/P1Pn1P1b/1PNR4/8/1KN5 w - - 0 85,g_base_s1,CONTROL,0,1,-82,3,3,0,0,0,0,17,28,-28,-2,10,0,-318,0
3r1k2/rp3p2/1N3q2/p1p2P1p/3nB3/4Q3/5P1P/1R4RK w - - 0 30,g_base_s1,CONTROL,0,0,-403,0,6,1026,1425,586,1648,36,28,333,-2,8,0,116,-42
1r1nnrk1/1pp1qp1p/3p2p1/3Pp3/1P2P1QN/2N1P3/2P3PP/R4RK1 w - - 4 20,g_base_s1,CONTROL,0,0,136,0,0,830,1695,211,1499,33,17,0,0,14,0,115,0
r2r2k1/1p3p1p/3p2p1/1N6/PP2qP2/3p4/6PP/R2Q1R1K w - - 0 25,g_base_s1,CONTROL,0,0,-297,1,0,305,925,426,1382,26,29,305,-1,11,0,175,-42
2rnk2r/1p1b1ppp/p2P4/4p3/1n2P3/8/PP2BPPP/R1B2KNR w k - 0 15,g_base_s1,CONTROL,0,0,239,0,0,345,1397,501,1634,24,26,28,1,13,0,166,0
r1b1k2r/pp3ppp/2n5/2q2p2/2p4P/8/PP1BBPP1/R2QK1NR b KQkq - 0 12,g_base_s1,CONTROL,0,0,223,0,2,524,2061,166,1371,26,22,-333,2,12,0,-121,0
8/6q1/p3p1rk/Pp3p1p/2p2P1P/4Q1P1/1P2B2K/3R4 w - - 1 40,g_base_s1,CONTROL,0,0,-162,0,7,690,741,437,451,31,23,333,-1,11,0,244,0
2b3k1/1p2b1q1/r1n5/p3pr1P/2Pp2N1/P2P1PP1/1PQN4/R3K2R b KQ - 0 22,g_base_s1,CONTROL,0,0,-286,10,0,714,2027,520,2167,26,24,361,-3,11,0,-82,0
2b1k2r/1pp1b1p1/r1n1p3/2Pq1pNp/p2p2nP/P2P1NP1/1PQ1PPB1/1RB2RK1 b k - 1 17,g_base_s1,CONTROL,0,0,151,0,2,891,2360,694,1921,27,22,0,0,16,0,24,42
2b5/6R1/N1pk2p1/4p2p/3p1p1n/3P1P2/4PK2/8 w - - 2 45,g_base_s1,CONTROL,0,1,-446,2,0,0,0,0,0,21,17,230,-3,9,0,-299,0
r2q1rk1/B2bpp1p/1p1P2pn/8/8/Q1P2P1P/P3BP2/R3K2R b KQ - 0 17,g_base_s1,CONTROL,0,0,-410,0,0,175,1344,301,1501,19,26,-28,-1,11,0,-39,0
r1bqkbnr/pp1npp1p/6p1/3P4/2pQ4/2N5/PP3PPP/R1B1KBNR b KQkq - 2 7,g_base_s1,CONTROL,0,0,-486,0,0,284,1411,581,2358,17,29,0,1,13,0,85,-425
rn2kb1r/ppp2ppp/4b3/P3p3/3qP3/3P4/1P1B1PPP/R2QKBNR w KQkq - 1 10,g_base_s1,CONTROL,0,0,-43,0,0,283,1491,639,2093,23,30,0,0,14,0,-6,-41
8/1kp3pp/8/7P/3NP3/4KPB1/pn4P1/3q1B1R b - - 3 37,g_base_s1,CONTROL,0,1,-873,0,0,0,0,0,0,25,24,-279,0,8,0,-307,0
2krr3/p7/Nnp5/5bp1/P6p/8/6PP/R1R2B1K b - - 3 32,g_base_s1,CONTROL,0,0,314,7,3,809,2252,591,910,32,20,0,1,7,0,196,0
r3k2r/ppq1bppp/2pp1n2/4n3/N1PBP1b1/3B1N2/PP2QPPP/2R2RK1 b kq - 8 12,g_base_s1,CONTROL,0,0,-159,0,0,603,2613,765,2103,22,22,0,0,14,0,-70,20
r5rk/5pp1/2pP3p/4Pq2/p2B1b2/5R1P/PP3P2/4RB1K w - - 7 40,g_base_s1,CONTROL,0,0,-122,7,0,623,1865,596,958,26,30,-617,1,11,0,-506,0
3r1bkr/2q2pnp/p6B/4p3/P1p1P3/2P2Q2/p4PP1/R3KB1R b K - 3 27,g_base_s1,CONTROL,0,0,60,8,0,802,1325,433,1909,28,26,-28,1,11,0,79,-84
2r1k1r1/ppq2p1p/3bb1p1/1P6/P2pQ1n1/2P5/1B2PPPP/RN2KB1R b K - 9 22,g_base_s1,CONTROL,0,0,-243,0,0,820,2557,420,1577,30,24,0,-1,13,0,-32,2
r1r3k1/pp2pp1p/1q2b1p1/3pb3/2p3P1/2P4P/PPQ1PPB1/R1B2RK1 b - - 1 17,g_base_s1,CONTROL,0,0,200,2,3,851,2202,361,1463,30,23,0,1,15,0,265,0
r2q1rk1/1bp2ppp/1p2p3/p2n4/3P4/bPBBPN2/P3QPPP/1R3RK1 w - - 2 15,g_base_s1,CONTROL,0,0,116,0,0,652,1876,545,1561,25,23,0,0,14,0,74,0
r4rk1/pbpn1ppp/1p1bpq2/8/2PPP2N/3n2P1/PBQ2P1P/RN3RK1 w - - 0 15,g_base_s1,CONTROL,0,0,-32,0,0,471,1549,925,1961,21,28,-333,0,14,0,-443,220
3r3k/3q3p/1p3p2/p1p1p3/P1P1Q3/5NP1/5PK1/7R b - - 9 42,g_base_s1,CONTROL,0,0,376,10,3,484,895,567,873,29,30,-305,2,10,0,-67,44
2rr2k1/1pN2p1p/6pb/8/p2p1P2/P2P2Pb/1P1KP1B1/3R2R1 w - - 1 20,g_base_s1,CONTROL,0,0,41,5,0,549,815,551,1714,25,22,-28,0,12,0,3,20
r1kr4/1ppqpp2/1nn1bbp1/PNR4p/3p3P/1P1P1NP1/2QBPPBK/5R2 b - - 0 22,g_base_s1,CONTROL,0,0,578,0,2,927,2260,1022,1555,23,30,0,0,14,0,159,75
r1bq1rk1/p4ppp/1pn1pn2/1B6/1b1P4/1QN1BN2/PP3PPP/R4RK1 b - - 3 12,g_base_s1,CONTROL,0,0,-93,0,0,560,1741,708,1944,22,26,0,0,12,0,-91,0
2rk1r2/pp1b3Q/1q1pp1p1/n4p2/2PPN2P/P1PBP3/6P1/R4RK1 w - - 1 20,g_base_s1,CONTROL,0,0,19,0,4,831,1813,479,1980,33,25,0,1,13,0,107,103
r2q1rk1/1p3pp1/p7/2Pn2Pp/Pn6/5N1P/1PbQNPB1/R1B1K2R b KQ - 0 17,g_base_s1,CONTROL,0,0,-520,0,1,798,1562,545,1842,31,24,-333,-1,11,0,-430,0
r2r1bk1/1p3pp1/pqn2nNp/2pp4/6P1/1P1P1N1P/P1PB1PB1/R2QR1K1 b - - 0 17,g_base_s1,CONTROL,0,0,43,0,0,582,1893,904,2114,23,27,-333,0,14,0,-310,228
r1b3k1/1p3pbp/pq2p1p1/1NP1p2n/4P3/Q6P/PP2BPPB/3r1RK1 w - - 0 20,g_base_s1,CONTROL,0,0,403,0,0,521,1358,724,1576,25,26,-563,0,14,0,-526,1000
6k1/p5p1/1b5p/np6/2p2P1P/P2r2PR/1P1Nr3/1RB2K2 b - - 8 32,g_base_s1,CONTROL,0,0,-188,3,13,2073,1513,208,1659,33,16,0,0,10,0,16,119
r1bqkb1r/pp3pp1/2n1pn1p/2pp4/8/P2P1NP1/1PPNPPBP/R1BQ1RK1 b kq - 1 7,g_base_s1,CONTROL,0,0,55,0,0,595,2187,414,1741,20,16,0,0,16,0,20,0
1r1k1r2/2q2pRB/1pnb1p2/p1p1p2Q/P1Np1P2/1P1P4/2PBR3/6K1 w - - 3 35,g_base_s1,CONTROL,0,0,-457,0,0,885,2598,551,2152,29,16,333,-2,12,0,212,-80
rnb1r3/pp3kpp/3b1n2/q2P4/3Qp3/1PN1P3/PB2BPPP/R3K2R b KQ - 0 12,g_base_s1,CONTROL,0,0,-314,3,0,724,1804,746,2201,31,27,305,-2,12,0,-72,0
r1r5/6p1/5n1k/PR1PR3/4N1bp/4P3/5P1P/4K3 w - - 1 40,g_base_s1,CONTROL,0,1,293,0,3,0,410,16,-198,25,30,-333,3,7,0,95,0
rn2k2r/pp3ppp/4bn2/q3P3/2p1p3/1PN5/PB2BPPP/R2Q1RK1 b kq - 0 12,g_base_s1,CONTROL,0,0,179,4,0,579,2286,623,1551,28,24,-28,1,13,0,46,7
r1b1k2r/3pbppp/nBp1pn2/5q2/3P4/2N2N1P/PP2PPP1/R2QKB1R b KQkq - 0 12,g_base_s1,CONTROL,0,0,-178,0,0,621,1956,691,1852,27,24,0,-1,13,0,-144,0
rn3rk1/1b1p1ppp/2p1pb1B/p1P5/Pp1PP3/5N1P/1P3P2/3RKBR1 w - - 4 20,g_base_s1,CONTROL,0,0,-219,0,0,691,2085,353,1453,27,18,0,-1,15,0,-108,0
2k3rr/pp1bqp2/2npp3/2p1b2p/2P3n1/1PNPPBP1/PBQ1N2P/1R2K1R1 w - - 1 20,g_base_s1,CONTROL,0,0,95,0,0,667,2704,862,2414,18,25,0,0,14,0,-64,-72
6r1/kp1b4/3p4/p1p1q3/2P1Pp1r/PP1P1QpP/R4NR1/5K2 b - - 3 47,g_base_s1,CONTROL,0,0,-140,0,11,684,662,359,1554,34,20,28,0,12,0,47,226
r1b1kbnr/qp1npp2/3P2p1/pBp3P1/5P1p/2N1BN2/PP2Q2P/2KR3R w kq - 3 20,g_base_s1,CONTROL,0,0,-493,0,5,942,2634,273,1440,27,17,0,-1,13,0,28,0
3r1kn1/3P2q1/1p2pn1r/2p1N3/p7/K1P2Q1P/P4R2/2B3R1 b - - 7 47,g_base_s1,CONTROL,0,0,1249,7,7,563,1905,1000,901,25,35,-28,0,8,0,59,450
q5k1/1p1brpb1/3Nn1p1/3p4/1B1P4/2P2P2/6P1/3QKB1R w K - 5 25,g_base_s1,CONTROL,0,0,96,0,0,871,1546,654,1811,32,28,0,0,8,0,-15,0
2kr2r1/1p2p3/p1n1p1p1/2Pqb2p/Q3p2P/P1P1B1P1/1P3PB1/R3K2R b KQ - 4 17,g_base_s1,CONTROL,0,0,248,6,7,1163,2358,548,2160,27,26,-28,0,14,0,18,0
4rrk1/1p4p1/n5p1/p1bp1b1n/8/PQ3N1P/1P3P2/RNB2K1R w - - 0 20,g_base_s1,CONTROL,0,0,446,7,0,356,1967,1219,2097,27,34,617,-1,9,0,433,71
r3r1k1/3n1pp1/2pqbn1p/p1p1p3/P1P1P3/3P1N1P/1RQBBPP1/4K2R b K - 3 17,g_base_s1,CONTROL,0,0,218,0,0,735,2243,559,1915,25,26,-28,0,14,0,80,0
3q2k1/2R5/rrpn1p2/p1p1pPpp/P1P3P1/2BPQB1P/5P2/6K1 w - - 6 45,g_base_s1,CONTROL,0,0,-453,0,9,1298,1748,499,1583,34,27,-202,0,14,0,-113,-296
r2r2k1/1pq2pb1/2n1b1pp/p1P5/4P1P1/P1PQ3P/4P1B1/RNB1KR2 w Q - 1 20,g_base_s1,CONTROL,0,0,381,0,0,717,1953,789,2191,28,29,0,2,12,0,66,0
r1bqkb1r/pp2pp2/2n2npp/2pp4/1P6/P1P2NP1/2QPPPBP/RNB1K2R b KQkq - 0 7,g_base_s1,CONTROL,0,0,-5,0,0,567,1892,410,1812,21,20,0,0,16,0,4,0
r2q1rk1/4bppp/4bn2/pPp1p3/4P1P1/P1NPBn1P/4NP2/RQ1K1B1R w - - 3 15,g_base_s1,CONTROL,0,0,140,4,0,607,2397,1080,1897,24,30,0,1,13,0,2,0
r2qk2r/pp1b1ppp/3p1b2/4p3/2PpP3/P2P3P/1P3PP1/R1BQKB1R b KQkq - 1 12,g_base_s1,CONTROL,0,0,-26,0,0,438,1633,293,1532,24,22,0,0,16,0,-29,0
R4bk1/6p1/5P2/4p2p/3pP3/1r4P1/3B1PK1/8 w - - 0 40,g_base_s1,CONTROL,0,1,-160,0,0,0,0,0,0,31,23,0,0,8,0,-82,0
2r1r3/1p1n1p1k/p2q1npP/P2P1P2/8/1P3P2/3QN3/R4K1R b - - 0 32,g_base_s1,CONTROL,0,0,-127,15,6,850,1387,667,1919,32,32,305,-2,10,0,-40,265
3rr1k1/pp4pp/4p3/2p2p2/P4P2/1PqPR3/3NQ1PP/6K1 w - - 0 25,g_base_s1,CONTROL,0,0,-85,0,0,419,1493,539,1380,17,30,-258,-1,13,0,-338,42
rn1qk2r/1p3ppp/2pp4/p3P3/2P5/3QPN2/PP1K1PPP/R6R b kq - 0 12,g_base_s1,CONTROL,0,0,25,3,0,138,1309,540,1258,20,25,0,-1,15,0,-15,0
r1bqk2r/1p1pbppp/2p5/p1n1P3/2P5/4PN2/PPQNBPPP/3R1RK1 b kq - 6 12,g_base_s1,CONTROL,0,0,-64,0,0,333,1548,671,1871,21,24,28,-1,15,0,-184,0
2r1k3/1p3pp1/2q2b2/1pP5/1P2PBPr/5P2/P2R4/1R4K1 b - - 2 32,g_base_s1,CONTROL,0,0,204,7,2,642,1818,1046,2362,31,30,950,-2,10,0,694,0
3rkb1r/pp3pp1/4bn2/3p1n1p/1q3N1P/2N1B1P1/PP3PB1/R2QR1K1 w k - 2 15,g_base_s1,CONTROL,0,0,-211,0,0,824,2295,882,2539,26,29,0,-1,11,0,-128,131
5bk1/1p6/2n1q1p1/P5Rp/8/3Q2P1/1P3P2/3R2K1 b - - 5 42,g_base_s1,CONTROL,0,0,-342,6,3,494,1528,648,1601,32,34,-488,-1,7,0,-504,-42
1R6/4R1pk/2B2p1p/p2n4/6q1/1Q1P1NPb/PP5P/6K1 w - - 2 30,g_base_s1,CONTROL,0,0,1516,14,9,1301,1665,820,290,38,26,1126,1,9,0,1325,0
4r3/1ppk2p1/1p1p2p1/4n3/P1P5/1P5P/5BP1/3R2K1 b - - 0 27,g_base_s1,CONTROL,0,1,-115,6,12,0,0,0,0,22,20,-28,1,11,0,-24,0
3qr1k1/1p3ppp/1pp5/4n3/3r1Bb1/2P3Q1/PP4PP/R4RK1 w - - 0 20,g_base_s1,CONTROL,0,0,-186,0,0,309,1437,1141,1806,20,33,-305,-1,11,1,-527,280
rn2k3/pp3p1p/2p5/3pP3/5pr1/2PP2P1/P1P4P/R1B2RK1 w q - 0 15,g_base_s1,CONTROL,0,1,-66,0,0,0,0,0,0,20,17,28,0,14,0,28,70
rnbqk2r/pp3ppp/2p2n2/b3P3/1P3p2/P1pP1N2/2P1B1PP/R1BQK2R w KQkq - 0 10,g_base_s1,CONTROL,0,0,32,1,0,418,1833,553,1955,21,25,-305,-1,15,0,-411,245
1r4k1/R3p3/3q4/N5p1/2P2p2/2bPB1P1/4PPK1/7R w - - 0 30,g_base_s1,CONTROL,0,0,456,9,3,829,722,705,1761,31,37,-82,2,8,0,143,0
2r1k1r1/3qppbn/1pbp4/1Np2P1p/P1P1PBnN/R2P2PK/6B1/2Q1R3 w - - 4 30,g_base_s1,CONTROL,0,0,-98,8,0,957,1364,867,2073,27,27,0,0,12,0,-146,0
3k4/4p3/6P1/r1p5/bnP2pp1/2Qn4/7K/R7 b - - 0 57,g_base_s1,CONTROL,0,1,749,0,8,0,350,8,-215,26,28,-7,2,6,0,412,0
r4bk1/5p1p/r2p1Bp1/qp2p1P1/1pn1PPRP/8/PPP2Q2/1KNR4 w - - 0 30,g_base_s1,CONTROL,0,0,297,4,5,909,1375,564,1423,29,25,0,0,14,0,38,0
rn1qk1nr/pp1bbppp/3pp3/8/3NP3/2N1B3/PPP1QPPP/R3KB1R b KQkq - 3 7,g_base_s1,CONTROL,0,0,-20,0,0,215,1543,676,2196,18,24,0,0,14,0,-38,0
r2q1rk1/pbnpppb1/1p4p1/2p4p/2P2BnP/1QNP1NP1/PP2PPB1/2R1K2R b K - 11 12,g_base_s1,CONTROL,0,0,-259,0,0,719,1854,818,2688,24,23,0,0,16,0,-132,0
1r2k2r/5p2/p1qpp1p1/2P1b2p/2p1N2P/P2P2P1/3QPP2/1R2R1K1 b k - 0 27,g_base_s1,CONTROL,0,0,322,0,0,626,2231,510,1676,31,26,28,0,14,0,94,100
r3k2r/pp2pp2/q4b2/3pNP1p/nQpP1B2/2P1P2P/P1P2P2/R3K1R1 w Qkq - 0 20,g_base_s1,CONTROL,0,0,97,0,6,1077,2237,411,1677,34,26,0,1,15,0,119,0
r3k2r/pp1npp2/1qp2npb/3p1b1p/2PP1B2/2N1PN1P/PP2BPP1/R1Q1K2R w KQkq - 3 10,g_base_s1,CONTROL,0,0,-72,0,0,798,2403,835,2178,24,28,0,0,16,0,-34,0
8/R1nkpp2/B3n1p1/1N5p/p2P3P/1b6/5PP1/6K1 b - - 15 37,g_base_s1,CONTROL,0,1,297,0,0,0,0,0,0,22,17,-258,1,9,0,13,20
r7/3qppbk/3p1npp/3p4/1NnP1BP1/r4N1P/P1Q1PP2/2RR2K1 b - - 8 27,g_base_s1,CONTROL,0,0,-293,6,0,868,1257,750,2419,32,29,0,0,12,0,-133,0
r2qkb1r/ppp1pp2/3pbnp1/n6p/2PPP3/1PN3PP/P4PB1/R1BQK1NR w KQkq - 1 10,g_base_s1,CONTROL,0,0,-213,0,0,648,2168,471,1937,23,19,0,0,16,0,-43,0
r1bqkb1r/ppp4p/3p2p1/1P3n2/3p4/3P4/P1P1BPPP/RNBQ1RK1 w kq - 0 10,g_base_s1,CONTROL,0,0,-60,0,0,222,1331,430,1895,20,20,0,0,14,0,65,0
8/6kp/1q2b1p1/3pPnP1/5P2/2Q5/4N2P/r1B2K1B b - - 3 37,g_base_s1,CONTROL,0,0,-502,6,4,865,515,788,1739,38,28,230,-1,7,0,-40,0
1k4rr/1q6/2Qp4/1R2b1p1/3p2P1/3P3P/P2N1P2/4R1K1 b - - 0 27,g_base_s1,CONTROL,0,0,1445,15,2,587,1482,1020,1934,28,33,28,-2,8,0,-307,1104
