fen,src,cls,is_collapse,is_endgame,over_read_cp,sf18_static_cp,kdu_us,kdu_opp,off_us,def_us,off_opp,def_opp,mob_us,mob_opp,npedge,pawn_lead,totpawns,oppb,pieces_cp,capg_cp,our_ks_cp,sf11_ks_cp,pt_pawns,pt_knights,pt_bishops,pt_rooks,pt_queens,pt_kings,our_pawn_cp,sf11_pawns_cp,sf11_passed_cp,pawn_adv
r2qk2r/pb1nbpp1/7p/2Pp4/1P1Q2P1/2NpPP1P/P7/R1B1K1NR w KQkq - 1 15,g_base_s0,EVAL,1,0,444,22,0,0,595,2407,540,1559,25,22,-28,1,13,0,170,207,0,-90,155,339,-386,-1,27,36,155,74,-73,17
2r2k2/1p2Rp2/1bp5/p2p1N1p/r4P1N/6P1/2K4P/3R4 b - - 1 35,g_base_s0,PRUNING,1,1,404,-121,0,0,0,410,15,-457,26,31,-277,3,9,0,200,0,0,-61,526,-751,452,-18,0,-9,560,1,0,13
8/4B3/8/3p2Pk/1K1P4/4n3/8/8 w - - 34 70,g_base_s0,EVAL,1,1,373,7,0,0,0,0,0,0,14,12,28,1,3,0,233,0,0,-23,196,-423,456,0,0,3,196,-8,24,7
r3kbr1/pp1bq2p/2p5/1P3p1P/1nPNp1n1/2N1P3/PB1Q1P2/R3KB1R w KQq - 1 18,g_base_s0,EVAL,1,0,143,-107,0,0,679,2283,834,1741,24,26,0,0,12,0,75,0,0,-115,-10,30,-3,-4,-2,63,-10,-13,0,15
1r2kb1r/3n1pp1/P1Q1p2p/p2p4/2pq4/B7/P3BPPP/RN3RK1 b k - 3 17,g_base_s0,EVAL,1,0,707,-123,0,0,739,1715,624,1261,33,31,-333,2,12,0,-27,500,10,-44,337,21,-392,37,7,-37,350,91,-80,16
2rr4/3bbk1p/1P3p2/2Pp4/3BnP2/1N2P3/5P1P/2R1K1R1 w - - 1 30,g_base_s0,EVAL,1,0,197,2,0,8,1091,2250,660,1537,24,25,-333,3,9,0,164,0,8,61,490,-11,-383,0,0,68,490,99,160,16
8/8/8/5k2/4p3/4K3/8/8 b - - 1 79,g_base_s0,EVAL,1,1,439,6,8,0,0,0,0,0,9,8,0,1,1,0,218,0,0,0,215,0,0,0,0,4,215,0,0,4
4Q3/k3n1pp/pp2B3/B1b1P3/2Pp4/6KP/P5P1/qN3r2 b - - 0 25,g_base_s0,PRUNING,1,0,954,127,8,7,1403,513,852,43,31,32,230,0,10,0,250,345,-23,-307,-11,25,-370,560,-6,51,31,29,30,10
r3qk1r/p5b1/3RBn1p/2p3p1/P7/5QP1/1P3P2/3R2K1 b - - 1 29,g_base_s0,EVAL,1,0,461,-201,9,0,344,1553,1506,1918,22,38,305,0,8,1,147,42,6,-250,4,363,-32,-96,-19,-73,4,-9,0,9
1r6/4r1k1/p1p3p1/PpKb1pP1/1P3P2/4p3/2P3BR/4R3 b - - 2 42,g_base_s0,HORIZON,1,1,470,11,9,0,0,0,0,0,29,28,0,1,11,0,333,0,0,66,230,0,65,55,0,-17,230,-15,92,17
r1bq1rk1/pp1nnpp1/4p2p/2p5/3P4/2NBPN2/PPQ2PPP/2R1K2R w - - 0 13,g_base_s0,EVAL,1,0,136,48,0,0,712,2933,304,1629,25,17,0,0,14,0,136,0,8,-39,5,33,50,65,9,-26,5,14,0,10
5K2/8/1Q6/5nk1/6q1/8/8/8 b - - 31 80,g_base_s0,EVAL,1,1,669,1,0,0,0,0,0,0,22,28,305,0,0,0,407,0,0,-58,0,437,0,0,-42,13,0,0,0,0
r1b1k2r/p3ppbp/q1pp2p1/2PnP3/P2Q4/2N2N1P/1PPB1PP1/R3K2R w KQkq - 0 14,g_base_s0,EVAL,1,0,173,115,0,0,705,2346,648,1967,26,28,-28,1,15,0,122,100,0,33,99,372,-378,85,10,-66,99,-20,0,17
r1bqk2r/4bppp/pp2p3/2nn4/3N4/1P1BP2P/PB3PP1/RN1Q1K1R w kq - 1 12,g_base_s0,HORIZON,1,0,190,-104,0,0,663,2178,597,1955,24,24,0,0,12,0,56,0,-8,-8,-11,-9,33,-1,0,45,-11,6,0,9
8/1p6/2P2p2/Pp6/3N1kpp/5P2/4K1Pn/8 b - - 0 45,g_base_s0,EVAL,1,1,340,-281,0,0,0,0,0,0,13,18,0,1,9,0,58,0,0,-115,106,-60,0,0,0,13,106,59,-233,14
r6r/1p2kp2/2pb1np1/3pN3/1p1P4/1P1BPN1b/P1P2P1P/R3K1R1 w Q - 6 21,g_base_s0,EVAL,1,0,283,-40,0,3,1064,2624,687,1828,24,29,-28,1,13,0,213,0,0,39,123,355,-371,-7,0,113,123,-13,0,11
1r5k/6pP/8/6R1/1Pp5/1r6/1PK1P2R/8 w - - 1 52,g_base_s0,HORIZON,1,1,482,45,0,3,0,0,0,0,28,21,0,2,6,0,354,0,0,-158,346,0,0,16,0,-8,355,-17,126,11
8/8/8/8/6k1/7p/3r4/4R2K b - - 33 106,g_base_s0,HORIZON,1,1,504,-3,3,0,0,0,0,0,21,15,0,1,1,0,264,0,0,-47,218,0,0,8,0,38,248,-8,107,5
1r2k2N/p2bb1pp/2p1pn2/8/2N5/2PP2P1/PP3P1P/R3K2R w KQ - 1 21,g_base_s0,EVAL,1,1,332,185,0,3,0,390,0,290,21,22,202,2,12,0,407,0,0,83,285,365,-796,552,0,1,285,69,0,10
4k2r/1p5p/2p3pb/p1p4P/P1P1Pp1q/1NNr1Q2/1P3P2/R4RK1 w k - 1 24,g_base_s0,EVAL,1,0,1218,-167,17,0,473,1584,871,1876,24,28,277,-1,13,0,336,504,6,-485,-85,721,-366,22,4,40,-85,-28,0,15
2kr1b1r/pp2qppp/1n6/2pn1b2/P1p5/2N2N2/1P1BBPPP/R2Q1RK1 b - - 1 13,g_base_s0,EVAL,1,0,199,94,0,0,922,2508,428,1827,30,22,0,2,12,0,215,0,0,-51,244,7,3,16,13,-69,244,12,0,12
8/8/8/3k1nN1/8/4p3/8/4K3 b - - 1 72,g_base_s0,EVAL,1,1,463,3,0,0,0,0,0,0,15,11,0,1,1,0,287,0,0,64,224,29,0,0,0,34,224,-8,63,5
8/5k2/K2b4/2p5/1r3pn1/8/1P2R1N1/5R2 b - - 9 65,g_base_s0,EVAL,1,1,112,0,0,0,0,0,0,0,25,26,-230,1,3,0,65,0,0,392,210,25,446,-629,0,13,234,-8,19,7
r3k3/pp1n1p1p/2p1b3/2n5/2PBP3/2P4P/P1BN1Pr1/R3K2R w KQq - 0 21,g_base_s0,EVAL,1,0,50,153,0,0,683,2157,697,1898,23,27,28,1,11,0,121,0,16,16,95,-352,375,3,0,0,95,-40,0,12
r1b2k1r/1p3pn1/2pPp1p1/p7/6q1/5NB1/PQ3PK1/R6R b - - 1 26,g_base_s0,HORIZON,1,0,782,-220,0,10,732,1637,703,1369,26,32,0,3,9,1,494,0,0,-167,381,-24,-41,-11,8,182,381,65,-66,11
r1b4r/p3kppp/1pP1pn2/2n5/2PNpB2/P1P5/5PPP/R3KB1R w KQ - 2 15,g_base_s0,EVAL,1,0,128,18,0,4,1009,2211,621,1436,27,20,28,0,14,0,105,0,17,61,25,-365,389,-22,0,77,40,-68,147,15
r2qkb1r/pp1b2p1/n1pp1n1p/5pN1/2PPp2P/2N1P3/PP2BPP1/R1BQK2R w KQkq - 0 10,g_base_s0,EVAL,1,0,92,3,0,0,750,1871,521,1800,24,20,0,0,16,0,75,0,0,36,-1,12,8,17,2,38,-1,-3,0,15
r3k2r/pp2qp1p/1np1bp2/1N2p2Q/3bP3/6NP/PPP1BPP1/3RK2R b Kkq - 5 16,g_base_s0,EVAL,1,0,358,-61,0,0,843,2233,688,1860,28,28,28,0,14,0,-7,206,0,82,-26,-351,415,-40,-4,-2,-26,-19,0,11
3r1b1r/pkp2pp1/2q2n1p/8/N2B2b1/1P3NP1/P1PQPP1P/R3K2R w KQ - 1 16,g_base_s0,HORIZON,1,0,499,-77,0,10,839,1951,635,1141,21,29,-28,2,12,0,355,0,13,23,237,336,-338,-47,-10,176,237,45,0,9
r3r2k/pb3p1B/1p3bp1/2pq4/3p4/PP3N1P/2QPNPP1/1R2K2R w K - 0 19,g_base_s0,EVAL,1,0,362,-249,4,6,618,1800,897,1883,26,27,277,0,12,0,307,-138,-6,-115,-24,718,-388,-27,-10,38,-24,-29,0,9
r1bq1r2/2p1b1k1/3p2pp/p1pPpp2/P1P1P3/1PN2N1P/3Q1PP1/2R1R1K1 w - - 0 20,g_base_s0,HORIZON,1,0,401,-100,0,0,791,2041,411,937,24,21,-56,0,16,0,276,0,0,66,18,722,-722,43,12,202,18,1,0,19
r1b1kb1r/1p3pp1/2pp1n1p/p2Pp3/nqP1P3/4B2P/P1B1NPP1/1R1Q1RK1 b kq - 1 13,g_base_s0,EVAL,1,0,252,-85,0,0,654,2145,699,1919,30,26,305,1,15,0,400,-220,8,-4,120,350,-20,-21,3,-32,120,14,0,15
8/8/2k1p3/1p3p1B/1P1p3P/P5K1/8/2b5 b - - 0 58,g_base_s0,EVAL,1,1,409,197,0,0,0,0,0,0,19,15,0,1,7,1,272,44,0,33,275,0,6,0,0,-9,319,22,30,12
r2qk3/1b3p2/1pp1pb2/p2p4/2P1P3/2N3P1/PP4K1/R2Q1R2 b q - 0 18,g_base_s0,EVAL,1,0,334,-25,0,1,459,1630,513,717,23,25,-202,1,11,0,145,100,8,29,124,-361,738,-548,-5,195,124,73,-4,13
r5k1/pp2ppb1/8/q1p1n1PN/2br4/2N1Q2P/PP1P1P2/1RB1K2R w K - 1 20,g_base_s1,EVAL,1,0,202,-263,2,3,470,1806,1330,1980,22,34,-28,1,11,0,47,-43,-16,-461,108,337,-423,-22,14,33,108,-25,8,10
2r5/1p5k/5p1b/1P3b2/6nP/1PBn2P1/P2p1P2/3B1RKR w - - 3 33,g_base_s1,EVAL,1,0,343,-272,0,0,307,1371,1063,1038,23,28,-47,3,9,0,137,0,-25,18,306,-715,-36,560,0,22,306,65,-94,13
8/8/8/4k3/4p3/8/1r6/2R2K2 b - - 14 61,g_base_s1,PRUNING,1,1,474,-1,0,0,0,0,0,0,23,15,0,1,1,0,262,0,0,64,207,0,0,7,0,49,231,-8,43,4
r3r1k1/2p2p2/1p1p3p/2nP2pP/p1Pq1PR1/P5P1/1PQ1P1B1/4K2R w - - 3 24,g_base_s1,EVAL,1,0,311,-107,11,5,647,1576,1087,1822,25,32,28,1,15,0,96,70,-8,-392,142,-365,374,-13,-19,-24,142,14,0,20
rn3k1r/1b1pbpp1/p4q2/3P4/1p3N2/2P2NP1/4QPB1/R3R1K1 b - - 4 19,g_base_s1,EVAL,1,0,327,-196,3,0,516,1598,784,2083,27,30,28,1,9,0,91,70,0,-84,110,-396,370,-17,3,20,110,-3,62,9
r2qk2r/pp1n1ppB/2p2n2/4b3/P7/5N1P/1PP1QPP1/R1B1K2R b KQkq - 0 12,g_base_s1,PRUNING,1,0,38,-130,0,0,582,1875,508,1938,26,27,-28,-1,11,0,-122,0,0,-19,-103,357,-342,-23,-12,1,-103,-4,0,6
5rk1/1q1p2r1/4p3/QP1bPp2/2pP1npp/2P2P2/P2N2PP/1R1RN2K w - - 0 31,g_base_s1,HORIZON,1,0,517,-247,5,0,480,1202,757,1846,26,27,-28,2,14,0,303,0,-125,-54,254,325,-378,36,1,66,266,-28,45,18
8/8/2N5/8/2K5/3N4/k7/8 w - - 11 74,g_base_s1,EVAL,1,1,1414,-13,5,0,0,0,0,0,18,5,610,0,0,0,871,0,0,0,0,847,0,0,0,24,0,0,0,0
2k2b1r/pp1r1Npp/4pn2/8/8/1P1nN3/P2PKPPP/R1B4R b - - 0 15,g_base_s1,EVAL,1,0,406,9,1,19,1078,1949,493,909,28,24,0,-1,11,0,-20,345,-8,87,-122,16,15,-4,0,74,-122,-10,0,6
7r/qN5k/2Q3p1/4pp1p/p2p3P/8/3B2P1/7K b - - 1 38,g_base_s1,EVAL,1,0,648,46,14,0,312,204,619,675,20,31,-75,4,8,0,546,0,46,-326,754,-352,-390,560,-15,-11,754,84,236,19
1r3rk1/4npb1/2p1b2p/p1q1p1p1/1nN1P3/1P1p2P1/PB1N1P1P/RQ1R1BK1 b - - 1 23,g_base_s1,HORIZON,1,0,146,17,0,0,966,2102,530,1844,28,22,0,1,13,0,183,-66,6,23,146,-2,18,34,19,-33,146,-28,63,19
r2k1b1r/1p3p2/1q1pbn1p/pB4p1/PP2p3/7P/3N1PP1/1RBQ1RK1 b - - 0 17,g_base_s1,HORIZON,1,0,441,-78,0,0,639,2764,623,1523,32,23,0,2,12,0,269,0,14,-75,253,29,9,21,15,-58,253,-34,-8,16
1rbq1knr/pp2bp2/2npp1p1/2p1P3/2P2B1P/2NP1N2/PP3PBP/R2QK2R w KQ - 1 11,g_base_s1,HORIZON,1,0,20,60,0,0,778,2508,400,1850,21,19,0,1,15,0,118,-85,8,8,75,43,32,-18,3,-17,75,-59,0,16
4bk2/4bpp1/r1p1P3/1p5p/3NRPnP/2PP2P1/PR6/1K6 w - - 1 30,g_base_s1,EVAL,1,1,298,-202,0,0,0,0,0,0,21,25,-103,2,12,0,126,0,0,-18,284,9,-801,634,0,0,284,3,63,18
r2r2k1/pb4pp/4p3/1N6/2B5/4PN2/PP5P/4K2R w - - 1 20,g_base_s1,EVAL,1,1,75,185,0,0,0,0,0,0,21,22,47,0,8,0,191,0,0,-54,-19,792,21,-602,0,0,-19,0,0,5
8/PR1pk3/4ppp1/1P2n3/7p/r7/8/1K1R4 b - - 0 40,g_base_s1,EVAL,1,1,706,-237,0,0,0,0,0,0,25,20,-258,3,7,0,336,0,0,271,401,444,0,-570,0,61,407,44,-178,11
r4r1k/pp4pp/2pP3n/1q2Pb2/8/2Q3P1/PP1P2BP/R1B3KR w - - 3 20,g_base_s1,EVAL,1,0,287,-9,4,0,486,1448,727,1322,23,29,28,2,12,0,165,0,0,-198,257,-348,357,-83,0,-18,257,38,77,15
8/5ppk/P7/3p1P1K/3P4/2Q4P/7r/6r1 w - - 1 41,g_base_s1,EVAL,1,1,621,-155,4,0,0,0,0,0,27,26,-176,1,7,0,220,0,0,-101,202,0,0,-1233,1251,0,202,-36,276,14
2r1k2r/1p4pp/p2Pnp2/1b2p3/4P3/3B1N2/PPnB1PPP/2R2K1R w k - 2 19,g_base_s1,HORIZON,1,0,594,22,0,0,644,2175,816,2565,27,25,28,1,13,0,207,325,6,-7,178,-360,375,-5,0,20,178,-23,63,13
5R2/8/8/2n5/6k1/3b4/7K/8 b - - 33 143,g_base_s1,EVAL,1,1,571,-3,0,0,0,0,0,0,23,19,75,0,0,0,319,0,0,-181,0,412,517,-627,0,17,0,0,0,0
8/1k5p/8/2B5/4PP1p/3K1N2/8/7r w - - 2 52,g_base_s1,HORIZON,1,1,489,156,0,0,0,0,0,0,23,19,75,0,4,0,452,0,0,79,73,420,524,-593,0,29,82,51,-31,6
1r6/8/8/4k3/R7/5p1K/8/8 b - - 23 91,g_base_s1,EVAL,1,1,446,4,0,0,0,0,0,0,24,17,0,1,1,0,229,0,0,76,222,0,0,-28,0,34,222,-8,181,5
r3k2r/1ppqppbp/2n3p1/1N1n1b2/3p3N/1P1P2PP/P2BPPB1/R2Q1RK1 b kq - 9 13,g_base_s1,EVAL,1,0,164,71,0,0,884,2279,542,1800,26,26,0,0,14,0,95,72,8,-3,4,32,13,42,8,-5,4,-12,0,11
3rk2r/pp3ppp/4bn2/2q5/2p5/1nN2BQ1/PB4PP/R3R2K b k - 1 19,g_base_s1,EVAL,1,0,565,-38,2,0,988,2377,827,1571,35,29,-28,3,9,0,343,74,8,0,399,348,-370,-16,15,-33,411,29,19,9
q4rk1/1pB1ppbp/4b1p1/1Nnp4/1P1Nn3/2P2P1P/4P1P1/3QKB1R w K - 0 16,g_base_s1,EVAL,1,0,204,0,0,0,744,1577,936,1797,27,31,0,0,12,0,-43,225,8,-82,9,-24,-19,6,6,-22,9,8,0,11
1r1b2k1/5ppp/R7/4p1P1/3pP3/2r3P1/5P2/2B2RK1 b - - 0 29,g_base_s1,HORIZON,1,1,335,86,0,0,0,0,0,0,30,26,0,1,9,0,272,0,0,6,264,0,5,4,0,0,288,46,60,10
rn6/p2k1p1p/2p5/1p1pP3/5B2/2PP2P1/P1P4P/4R1K1 w - - 2 18,g_base_s1,EVAL,1,1,122,206,0,0,0,0,0,0,21,13,28,1,13,0,219,0,0,58,99,-361,445,52,0,-16,99,9,0,13
r1k3r1/1p1n1pP1/1bp4p/p6q/1PBPRB2/P1p3Q1/2P3pP/4R1K1 b - - 2 24,g_base_s1,EVAL,1,0,375,-341,1,8,686,1995,1348,2367,31,37,-28,1,13,0,99,0,0,42,122,352,-400,-10,-9,44,122,2,-6,20
3q1rk1/1r2p3/6pp/2N2p2/R1P5/2bPB1PP/4PP2/5K1R w - - 0 24,g_base_s1,EVAL,1,0,293,-235,0,0,624,1712,613,2010,28,31,-645,2,10,0,-367,423,0,-196,288,369,-8,-21,-1017,21,277,46,-3,11
1R1qk1r1/3bpp2/8/r1pn1P1p/2P2pnN/3P1B1K/1Q6/1R6 b - - 1 49,g_base_s1,PRUNING,1,0,1144,-42,3,11,1325,1591,721,858,31,35,305,2,8,0,783,0,35,373,261,403,-11,-15,-12,157,282,3,26,12
r4bk1/5p1p/r2p1Bp1/qp2p1P1/1pn1PPRP/8/PPP2Q2/1KNR4 w - - 0 30,g_base_s1,HORIZON,1,0,297,-148,4,5,909,1375,564,1423,29,25,0,0,14,0,38,0,92,-322,41,-17,16,-18,8,9,41,68,0,16
8/4pR2/1r1pP1pk/3Bb2p/4p2P/P5P1/4rP2/3R2K1 w - - 2 37,g_base_s1,EVAL,1,1,-16,15,4,5,0,0,0,0,30,30,0,0,10,1,-43,42,0,25,-3,0,-57,17,0,0,-3,-14,15,13
2bq1rk1/1pp1b2p/r2p2p1/8/3p2Pn/2PP1B2/P4P1P/RNBQR1K1 w - - 1 15,g_base_s1,EVAL,1,0,256,-129,0,3,643,1894,630,1850,27,26,0,0,12,0,3,100,0,153,11,-4,24,-30,2,0,11,-37,0,10
r1bqk2r/pppnbppp/3p1n2/3P4/2P1p1P1/2N1P2P/PP3P2/R1BQKBNR b KQkq - 0 7,g_base_s0,CONTROL,0,0,-42,3,0,0,483,1833,521,2014,16,20,0,0,16,0,-17,0,0,33,6,14,-4,-8,-12,-11,6,-8,0,12
6k1/1p2rp1p/3p4/3P1Nb1/2Pp4/1p1BP2P/6K1/8 w - - 0 30,g_base_s0,CONTROL,0,1,-354,-218,10,0,0,0,0,0,22,21,-258,-2,10,1,-403,75,0,-25,-215,389,17,-605,0,11,-215,49,-139,11
1r2r2k/2p1q1pb/1p3p1p/2p4P/2P2QP1/2R1P3/P1NR4/2K5 b - - 5 32,g_base_s0,CONTROL,0,0,-190,403,2,7,514,1177,678,1723,21,30,28,1,11,0,191,0,0,95,106,-357,387,13,-9,52,106,60,0,11
rnbqkb1r/pp2pp2/2p2np1/3p4/2PP3p/BP4P1/P2NPPBP/R2QK1NR b KQkq - 0 7,g_base_s0,CONTROL,0,0,-52,35,0,0,437,1740,589,1638,19,20,0,0,16,0,23,0,0,-16,3,17,-27,25,5,0,3,-14,0,15
1n6/3k4/p3pb2/1p1p2N1/1P1P4/4P3/PB3P2/4K3 w - - 2 35,g_base_s0,CONTROL,0,1,86,20,0,0,0,0,0,0,20,16,0,1,9,0,106,0,0,47,115,24,-18,0,0,-16,115,7,0,10
rn5R/p7/1p1kp1p1/1p4p1/P2P4/1P6/1B4r1/2K2R2 w - - 0 30,g_base_s0,CONTROL,0,1,-444,76,0,0,0,0,0,0,32,24,28,-3,9,0,-269,70,0,170,-322,-374,410,42,0,-25,-338,29,-14,8
2qr2k1/4bppp/r7/p7/PB2Q1P1/3NP2b/1P3P1P/R3K1R1 b Q - 0 22,g_base_s0,CONTROL,0,0,-274,186,0,0,639,1578,673,2328,31,31,28,-2,10,0,-241,172,-13,65,-236,-369,353,-7,-13,30,-236,0,0,6
2rqk1r1/3b1pp1/n2Ppn2/1pp1N1Qp/pP2P3/P2B2PP/1B1R1P2/4R1K1 b - - 9 27,g_base_s0,CONTROL,0,0,300,-446,5,0,425,1764,1080,2511,20,33,-28,0,14,0,-184,80,8,-248,-16,329,-395,-52,-13,-37,-16,42,-62,17
8/5p2/4pp2/1Pk4p/p3P2P/Pbp3P1/4BP2/2K5 w - - 3 55,g_base_s0,CONTROL,0,1,-184,199,0,5,0,0,0,0,19,18,0,0,12,0,-8,45,0,-134,15,0,16,0,0,-38,-15,22,-73,15
r1bqk1nr/2p1b1p1/p3p3/4Pp1p/1p1N3P/3B2N1/PPP1QPP1/R1B1K2R b KQkq - 0 12,g_base_s0,CONTROL,0,0,236,-401,0,0,332,1550,778,2153,21,26,-305,0,14,0,-430,325,0,-53,-11,-383,-18,3,-4,-16,-11,-22,0,16
r1bq2k1/1p2brp1/p4p2/7p/3P4/3Q1PPP/PP2P3/R1B2K1R w - - 4 20,g_base_s0,CONTROL,0,0,315,-324,0,5,412,1846,251,1410,27,25,-333,2,12,0,-23,0,9,18,287,0,-365,-6,13,49,287,18,-4,12
rnbqkb1r/1p2ppp1/p4n2/3p3p/3p4/N4NPP/PPP1PPB1/R1BQ1RK1 b kq - 1 7,g_base_s0,CONTROL,0,0,101,23,0,0,470,1756,384,1815,20,18,0,1,15,0,119,-42,8,23,96,-5,-10,41,1,-4,96,-33,0,16
4k3/1b1q1p2/4pQp1/1p1pB3/7P/7K/P3PPB1/8 w - - 5 35,g_base_s0,CONTROL,0,1,17,501,0,0,16,-132,0,410,28,14,333,-1,9,0,344,0,0,270,-189,0,510,0,26,-3,-189,-47,0,6
1r2kbr1/p2bq2p/2p5/5p1P/2PN2n1/P1N1P3/1BQ2P2/R3K2R b KQ - 2 22,g_base_s0,CONTROL,0,0,-413,97,0,0,630,1642,628,2701,27,25,28,-1,9,0,-205,-42,0,-23,-130,-388,375,-1,9,-69,-130,-20,0,7
1R6/p2k2Bp/4q3/2p4P/P3b3/K1N5/3r1p2/R7 w - - 4 50,g_base_s0,CONTROL,0,0,285,-548,6,8,1451,1085,1435,353,29,37,-82,-2,6,1,-436,8,-15,-201,-353,375,-7,560,-1042,32,-380,17,-129,7
2k5/2pn3p/R2p1n1b/1N6/2PPpP2/1P4r1/2KQBq2/2B5 b - - 0 27,g_base_s0,CONTROL,0,0,183,44,16,0,1195,1425,966,877,29,27,-28,0,8,0,156,0,-77,-791,-16,368,-353,0,-5,162,20,-19,38,8
5r1k/6p1/p4q1p/1p1P4/1P4Q1/1P6/5r1P/R4R1K w - - 0 25,g_base_s0,CONTROL,0,0,140,-183,2,0,352,932,864,1073,31,33,0,0,8,0,-16,0,-38,-239,15,0,0,0,-3,-28,27,-39,14,10
1n1r1k2/1Q3pp1/3qp2p/pN1p4/B1p5/6P1/P4P1P/1R4K1 b - - 2 27,g_base_s0,CONTROL,0,0,433,-241,0,0,352,1478,589,1235,22,30,-333,3,11,0,122,0,3,2,495,-17,-367,3,6,1,495,79,15,16
R7/4k3/4p2p/1N1p2p1/p1p2pP1/P4P1P/8/5K2 w - - 3 55,g_base_s0,CONTROL,0,1,162,587,0,0,0,0,0,0,24,14,868,-3,11,0,421,47,0,0,-592,394,0,635,0,-16,-592,0,0,9
2rr2k1/pq2b2p/5p2/P1Pp1bp1/P2BnN2/1N1QP1P1/5P1P/2R1K1R1 w - - 2 25,g_base_s0,CONTROL,0,0,345,-76,0,0,915,2824,838,2376,25,29,-28,2,12,0,198,0,8,-148,221,360,-386,-25,15,13,221,18,35,17
r1b2rk1/p3b1pp/n1p1p3/2Pq1p2/3P3P/P4NP1/2Q2PB1/R1B2RK1 b - - 0 17,g_base_s0,CONTROL,0,0,224,-234,0,0,507,1640,539,1739,26,25,0,0,12,0,7,0,0,-1,14,-28,-16,16,7,14,14,-26,0,10
8/nb1r3p/2pBpk1p/2P2p1B/P2P4/1Q4P1/5PK1/4r3 w - - 7 45,g_base_s0,CONTROL,0,0,-452,486,4,15,1496,194,1178,665,34,25,-148,0,10,0,62,0,-21,215,92,-333,405,-1120,1029,-11,92,41,15,13
r1bqkbnr/1p3p1p/p1npp1p1/2pP4/2P5/P1N1P1P1/1P3P1P/R1BQKBNR b KQkq - 0 7,g_base_s0,CONTROL,0,0,2,-36,0,0,392,2020,515,2021,19,21,0,0,16,0,6,0,0,-8,-3,-1,-12,0,-5,28,-3,3,0,14
3r2k1/1p5p/p7/P3P1P1/2P5/2B2NPP/4Kn2/7R w - - 1 35,g_base_s0,CONTROL,0,1,1076,470,0,0,0,0,0,0,24,22,333,3,9,0,900,228,0,0,437,18,454,-24,0,16,437,0,0,19
r1bqk1n1/1p4r1/1R1B1p2/p1Q1p1p1/6Pp/P2B3P/5P2/3R2K1 w q - 2 30,g_base_s0,CONTROL,0,0,-466,401,0,8,1538,1818,275,2070,36,21,28,-2,10,0,-99,0,-31,603,-257,-341,406,44,17,32,-257,-47,0,8
1rb2rk1/q4pp1/7p/3pP3/4P1n1/1pPB2P1/PQ5P/1K1RR3 w - - 0 25,g_base_s0,CONTROL,0,0,409,-519,8,0,529,1742,582,1393,24,32,-305,1,11,0,-238,93,0,-243,85,-354,30,41,0,-41,85,-38,-69,13
r1b1k1nr/3p3p/1p3p2/p7/4B3/2P1pP2/5qPP/3K2R1 b kq - 3 22,g_base_s0,CONTROL,0,0,1876,832,0,17,777,1473,372,1720,28,21,1818,2,10,0,2258,0,17,0,359,346,-34,542,1034,11,398,0,0,14
4k2r/2p3p1/r3p3/Np2p2p/1P1b4/5P2/1N1K2PP/1R5R b k - 0 27,g_base_s0,CONTROL,0,1,22,-156,0,17,0,290,15,-485,27,21,-277,2,10,0,-114,0,0,80,192,-743,459,-10,0,-11,192,-50,0,13
r1b2rk1/1pq1bpp1/2npp2p/p7/1PP3n1/P2QBNP1/3NPPBP/3RK2R w K - 0 15,g_base_s0,CONTROL,0,0,150,-51,0,0,837,2221,510,1813,26,22,0,0,14,0,51,0,8,2,7,12,41,-2,16,-23,7,19,0,13
r1bq1rk1/ppp1bppp/1n1ppn2/3P4/5B2/PPN3P1/4PPBP/R2QK1NR w KQ - 1 10,g_base_s0,CONTROL,0,0,107,-153,0,0,679,1939,428,1714,23,17,0,-1,15,0,-94,0,8,-23,-134,-8,52,16,8,-28,-134,-26,0,13
1B4k1/6pp/pb6/1p6/2p1pPP1/7P/2b1n2K/6r1 b - f3 0 37,g_base_s0,CONTROL,0,1,2209,643,0,0,0,0,0,0,30,11,1201,3,9,0,2101,0,0,0,614,395,472,620,0,0,701,0,0,15
6k1/6pp/1r2p3/3n4/3P4/P2P2PP/1p3K2/1R6 w - - 1 30,g_base_s0,CONTROL,0,1,9,-589,0,0,0,0,0,0,20,22,-305,1,9,0,-398,0,0,-47,0,-410,0,-2,0,14,0,-12,-116,11
7N/r3k1pp/4p3/8/1b2B2R/1p2P1P1/5P1P/3K3R b - - 0 27,g_base_s0,CONTROL,0,1,-971,-274,8,16,0,0,0,0,25,25,-868,0,8,1,-877,-42,0,0,69,-362,-25,-574,0,16,69,0,0,9
4r3/2k3p1/2p4p/p2r4/1bNp1P2/1P1K2PP/1P2P3/R4R2 w - - 7 30,g_base_s0,CONTROL,0,1,-194,146,16,8,0,0,0,0,24,27,-28,1,11,0,-48,0,0,-203,72,391,-434,-87,0,11,72,-1,0,11
rnbqr1k1/pp1pbppp/4pn2/2p5/2P2B2/1P1P1NPP/P3PP2/RN1QKB1R b KQ - 2 7,g_base_s0,CONTROL,0,0,-163,62,0,0,333,1669,532,1870,17,22,0,0,16,0,-54,0,-8,31,-2,-25,-28,-2,-3,5,-2,-34,0,11
1r5k/1p3p1p/2b5/p1p2pP1/P1Pn3P/1P1P4/3N1K2/2R5 w - - 3 35,g_base_s0,CONTROL,0,1,-39,-498,0,0,0,0,0,0,19,23,-333,0,12,0,-333,0,0,-85,94,-38,-429,20,0,20,76,83,-5,17
3rr1k1/3n1ppp/p3q3/4p3/2Pp2P1/R2P2NP/5PB1/3Q1RK1 w - - 1 25,g_base_s0,CONTROL,0,0,-401,515,0,0,480,1580,458,1558,25,21,333,-1,11,0,140,0,0,-33,-114,2,371,-62,-16,-41,-105,-2,-10,11
1r1qk1nr/5pp1/4p2p/1p1pPb2/1bpP4/N3BN2/4BPPP/R2QR1K1 w k - 0 15,g_base_s0,CONTROL,0,0,210,-67,0,0,643,1885,640,2073,21,28,305,-2,12,0,112,0,-8,0,-312,365,-5,39,-8,33,-334,-64,-67,10
3q1rk1/5pp1/6b1/4P2p/3n1Q2/4RPPP/2p3K1/2R5 b - - 7 42,g_base_s0,CONTROL,0,0,-222,501,1,0,600,1318,482,723,29,25,75,0,8,0,314,0,-6,19,3,375,386,-603,-7,160,3,-18,119,11
1k1r4/4n1pp/pp2B3/n1b1P3/Q1Pp4/7P/P2B1KP1/qN3R2 b - - 0 22,g_base_s0,CONTROL,0,0,87,133,1,0,829,2485,881,780,27,30,-28,0,10,0,190,0,0,129,-8,380,-393,0,1,211,-5,29,46,10
r1bq1r2/1p4bk/2p3pp/p7/P2PQn1N/1N2B3/1P2PPB1/R1R2K2 w - - 4 25,g_base_s0,CONTROL,0,0,412,190,0,0,886,2143,702,1184,27,28,305,0,10,0,473,0,0,-10,-7,320,3,41,14,101,-7,-20,-19,9
rn2k2r/pp2ppb1/5npp/q2P4/7N/2B3PB/PP3P2/R2Q1RK1 b kq - 6 17,g_base_s0,CONTROL,0,0,196,-113,0,0,362,1866,758,1833,24,29,-28,1,11,0,64,75,-5,-22,123,355,-401,-16,-2,4,123,40,0,8
r2q1r1k/pp1bb1pp/2n2p2/2p1p3/2Q5/1PNPBNP1/P3PP1P/R3KR2 w Q - 3 15,g_base_s0,CONTROL,0,0,349,-178,0,4,767,2388,449,1433,23,20,-28,0,14,0,69,42,13,-26,-20,380,-329,-10,16,34,-20,12,0,10
1r1k1b1r/p3pppp/2q5/2p5/2N5/2NPB1P1/PP1KPP1P/R7 b - - 0 17,g_base_s0,CONTROL,0,0,473,386,0,1,362,1670,654,1249,25,25,903,-1,13,0,737,0,0,0,-129,-742,-36,540,1033,71,-129,0,0,8
5rk1/6pp/1Q2p3/2n5/2P3n1/3B4/PP3PPP/RNBR2K1 b - - 0 17,g_base_s0,CONTROL,0,0,-2395,-393,1,0,564,1282,626,1605,25,34,-1874,-3,9,0,-2374,0,5,0,-405,379,-760,-544,-1020,-24,-423,0,0,4
5rk1/p7/2pp3p/4p3/5p2/2PB4/P2K1N1P/n3R3 w - - 0 30,g_base_s0,CONTROL,0,1,-433,495,0,1,0,0,0,0,24,21,333,-3,9,0,-49,130,0,239,-586,28,493,0,0,16,-586,-79,-56,4
4r1k1/Bb1n2p1/4rp2/3qNn2/p4P2/PpPP3p/1P3RPP/2QR2K1 w - - 0 30,g_base_s0,CONTROL,0,0,490,-559,3,0,690,1678,866,2380,25,30,-305,2,12,1,-109,100,0,-77,288,-345,-14,-24,-17,3,288,13,-10,12
5r2/3b4/3P3k/3R2p1/p1P5/Pp2K2p/1P5P/8 b - - 0 57,g_base_s0,CONTROL,0,1,-267,414,0,3,0,0,0,0,26,20,333,-1,9,0,156,0,0,183,-208,0,436,-47,0,-25,-217,21,-73,17
4r1k1/2r2pb1/p1p3p1/PpBb2P1/1P2p2R/7B/2P2P2/2K4R b - - 0 32,g_base_s0,CONTROL,0,0,275,4,3,11,1016,1923,827,1435,27,31,0,1,11,0,178,0,39,0,152,0,26,0,0,0,152,7,0,14
r4rk1/p3Bpbp/1qn3p1/3p4/1p1P4/5NP1/PPb1QPBP/R3R1K1 b - - 0 17,g_base_s0,CONTROL,0,0,-24,87,0,0,696,1605,786,1732,28,28,0,0,12,0,-22,104,0,-30,-7,-5,13,-21,-3,1,-7,-13,0,12
2r3k1/5pb1/8/5p1P/p2P3P/P4N2/1p3P2/4R1K1 w - - 0 45,g_base_s0,CONTROL,0,1,356,-292,0,0,0,0,0,0,21,24,-28,1,9,0,121,0,0,56,126,413,-430,12,0,0,114,-26,-92,13
1r4k1/4nn1p/pq2p1pP/1pb2p2/P2pP3/1Q1P1NPB/1P3P2/R4RK1 b - - 1 27,g_base_s0,CONTROL,0,0,253,-284,0,0,584,1854,531,1791,26,26,-258,0,14,1,-192,108,-2,-51,5,345,20,-554,-2,-5,5,25,0,17
8/2b1nk1p/8/4pp2/RP1p4/3P2P1/5P2/5K1B w - - 1 55,g_base_s0,CONTROL,0,1,-128,484,0,0,0,0,0,0,21,20,258,0,8,1,206,0,0,27,-11,-381,31,581,0,-14,-2,-37,11,8
r2qkbnr/1p1n1pp1/p2pb2p/4p3/2P1P2P/4BN2/PP3PP1/RN1QKB1R w KQkq - 1 10,g_base_s0,CONTROL,0,0,55,11,0,0,634,2115,439,1775,25,22,0,0,14,0,26,0,0,-39,12,9,14,0,10,-18,12,-19,0,13
r5k1/6p1/7p/3r4/1p3P1P/1Pb3P1/P3R2R/6K1 b - - 4 37,g_base_s0,CONTROL,0,1,-165,395,0,0,0,0,0,0,30,18,333,-2,8,0,179,0,0,106,-268,0,445,2,0,0,-268,-29,0,7
3rk2r/1pq2pb1/p1np3p/5PpP/1P3P2/P3B3/3QB1P1/3R1RK1 b k - 0 22,g_base_s0,CONTROL,0,0,92,-154,0,0,438,2038,642,1853,24,29,-28,0,12,0,-5,0,8,-38,22,359,-373,-29,-5,21,22,6,-8,11
r1bqk2r/pppnnppp/4p3/8/3P4/2N2N2/PP2PPPP/2RQKB1R w kq - 6 10,g_base_s0,CONTROL,0,0,42,78,0,0,523,1782,251,1527,19,14,0,0,14,0,80,0,0,-46,1,3,12,37,8,19,1,-17,0,9
r1b1k3/1p4R1/3np1Nr/pP6/3P3p/K2B4/6PP/2R5 b - - 7 27,g_base_s0,CONTROL,0,0,229,-281,12,10,479,1741,1793,717,20,37,0,0,8,0,12,0,-30,-369,22,-12,-28,0,0,29,22,-16,15,10
r2n1r1k/1b2q1pp/2pbpn2/pp6/8/PQNBPN2/1PPB1PPP/3RK2R b K - 2 17,g_base_s0,CONTROL,0,0,-137,77,0,0,620,1756,668,2452,25,24,0,-1,13,0,-93,0,-8,-29,-111,-20,5,34,-2,2,-111,-20,0,12
r1b1k1nr/p1ppq1pp/1p1bp3/8/1n1Pp3/2N2N2/PPPQBPPP/R1B2RK1 w kq - 0 10,g_base_s0,CONTROL,0,0,-24,77,0,0,537,1834,534,1738,22,24,0,-1,15,0,-14,75,-8,42,-106,30,-16,27,2,49,-106,-24,0,9
4rrk1/1p4p1/n3b1p1/2b4n/p7/P1NQ1N1P/1P3P2/R1B2K1R b - - 1 22,g_base_s0,CONTROL,0,0,-661,-131,2,4,953,2048,592,2347,31,31,-617,0,8,0,-620,-72,0,0,-15,-64,410,77,-1030,3,-15,0,0,8
r2r1nk1/5pp1/2pqbn1p/p1p1p3/P1P1P3/3P1N1P/1RQBBPP1/1R4K1 w - - 8 20,g_base_s0,CONTROL,0,0,-172,157,0,0,596,2052,715,2048,27,24,28,0,14,0,15,0,0,0,28,-349,342,8,-13,-1,28,31,0,15
2r3k1/1r2b2p/p3bp2/n3p3/Pnp4P/4PN2/1B1PBPP1/1R2K2R b K - 1 22,g_base_s0,CONTROL,0,0,-318,600,0,0,802,2453,390,1973,28,17,305,-1,11,0,231,0,-8,-31,-113,347,15,2,0,-20,-113,-25,0,12
r2qk2r/pppbbpp1/2n5/1P1np2p/8/P3PP2/1B1P2PP/RN1QKBNR w KQkq - 1 10,g_base_s0,CONTROL,0,0,6,31,0,0,323,1743,614,1917,20,25,0,0,14,0,-13,90,0,-69,4,-45,-13,-20,6,55,4,12,0,13
r1b1k2r/p2pppbp/q1p2np1/2P1P3/3Q4/2N2N1P/PPPB1PP1/R3K2R b KQkq - 0 12,g_base_s0,CONTROL,0,0,38,-228,0,0,456,1670,735,2340,23,27,28,-1,15,0,-134,0,-10,-56,-108,-375,346,-59,-12,74,-108,8,0,9
r1b1kb1r/pp1ppp1p/2n2np1/q1P5/3N4/2N1P2P/PPP2PP1/R1BQKB1R b KQkq - 6 7,g_base_s0,CONTROL,0,0,10,-54,0,0,436,1777,608,2185,24,24,0,-1,15,0,-110,106,0,-33,-111,-19,-6,-21,4,43,-111,-4,0,8
2r1kb2/3p1p2/p3p1pp/2P1P3/1P1N1P2/P2KP2P/2P5/4R3 w - - 0 35,g_base_s0,CONTROL,0,1,-133,511,0,0,0,0,0,0,24,14,-28,2,14,0,224,0,0,13,221,396,-398,-19,0,25,221,60,0,21
3k4/3p4/3Np3/2P1P2r/1PP4p/3KP1bR/8/8 b - - 6 62,g_base_s0,CONTROL,0,1,51,-174,0,0,0,0,0,0,16,21,28,-2,8,0,-195,47,0,-141,-205,-413,426,22,0,-25,-199,-71,4,7
2qr3k/5pp1/N4b2/7p/P4Q1P/4P3/1P4P1/5RK1 b - - 0 32,g_base_s0,CONTROL,0,0,-40,31,2,4,541,1114,478,1156,33,28,28,-2,8,0,-240,228,-5,21,-263,-352,394,0,-15,-3,-252,25,-15,5
2rr2k1/3n1pbp/b2B2p1/1qpP4/1p6/PQ2PBPP/1P1N1P2/2R1K2R b K - 0 22,g_base_s0,CONTROL,0,0,-509,182,0,0,798,1740,894,2425,25,29,0,-2,12,0,-246,0,-15,42,-265,-8,-12,23,0,15,-250,-13,-22,11
r3k2r/1p1n1pb1/1q1pb1p1/p1p3Bp/1nP5/2N2NPP/PP1QPPB1/3R1RK1 w kq - 4 15,g_base_s0,CONTROL,0,0,-169,233,0,0,1007,2166,756,2409,25,25,0,0,14,0,43,-1,-8,84,20,10,-10,-9,4,29,20,20,0,11
r1bqkb1r/1p3p1p/n1pp2p1/p3p3/2PPP3/3Bn3/PP1QNPPP/RN2K2R w KQkq - 0 10,g_base_s0,CONTROL,0,0,90,-148,0,0,470,1730,745,1807,20,28,-333,0,16,0,-393,325,0,-71,7,-10,-347,-13,-3,-26,7,3,0,14
3r2k1/1p6/2p4p/p5b1/2P2Nqp/1P2P3/P2R2P1/2Q3K1 b - - 3 37,g_base_s0,CONTROL,0,0,-41,56,3,11,563,1583,642,1540,30,26,28,0,10,0,-66,80,20,52,-68,-375,368,0,13,-3,-68,-15,8,12
3r1rk1/1p3p1p/1q1p1Qp1/pbp2P2/2P1P3/1PN4P/P5P1/R4RK1 b - - 0 22,g_base_s0,CONTROL,0,0,156,-224,3,0,229,1268,760,1529,19,26,28,0,14,0,0,0,-38,-128,-21,-367,369,-5,-6,30,-21,-27,0,13
1r2k3/1p3pp1/prn1p2p/3pP3/PP1P4/6PP/4RPKN/1R6 w - - 9 30,g_base_s0,CONTROL,0,1,201,-133,0,3,0,0,0,0,23,18,0,0,14,0,68,0,0,83,20,-10,0,47,0,11,20,-3,0,18
8/1p2kp2/p3p2p/n2pP3/P2P3P/5NP1/1r6/R3K3 b - - 0 57,g_base_s0,CONTROL,0,1,-212,337,3,0,0,0,0,0,24,17,0,1,11,0,125,0,0,53,102,-13,0,20,0,16,102,-2,0,11
7R/5pk1/1p2p3/3pPn1P/p2P4/5N2/4K3/r7 w - - 1 85,g_base_s0,CONTROL,0,1,-98,-323,0,3,0,0,0,0,24,27,0,-2,8,0,-248,0,0,-448,-254,-6,0,8,0,4,-254,-8,-118,11
3qkBnr/1p3pp1/p3p3/1N1pP2p/2r5/Q4NPP/1R3P1K/8 w - - 3 30,g_base_s0,CONTROL,0,0,-688,378,6,8,1178,608,591,1652,30,29,75,-3,11,0,-312,0,-8,573,-418,401,370,-546,0,-120,-427,-40,-4,9
2r3r1/Bb2kp1p/p7/1p2p3/8/1P2P2P/Pn1N2P1/1R3KR1 b - - 3 22,g_base_s0,CONTROL,0,0,-219,221,0,2,895,881,334,1819,31,18,0,0,10,1,-25,0,8,24,-6,0,6,0,0,-25,-6,-12,0,10
rnbq1k1r/1pp2pp1/p3pn2/7p/1bPP4/P2BPN1P/1B1N1PP1/R2Q1RK1 b - - 0 12,g_base_s0,CONTROL,0,0,204,-287,0,0,452,2233,757,2141,22,25,0,0,14,0,-43,0,0,-46,-13,-11,-28,0,7,2,-13,-19,0,11
6k1/1p4p1/p1r1b3/2p5/P2q4/B5PP/4QPNK/4R3 w - - 5 40,g_base_s0,CONTROL,0,0,-317,517,0,0,334,678,645,1441,26,34,305,0,8,1,240,-43,5,31,-29,350,-18,0,-15,-49,-56,15,-1,8
3r2k1/r1p1bppp/1p2pn2/pQ2Bq2/P2P4/1PP2N2/5PPP/1RR3K1 w - - 1 20,g_base_s0,CONTROL,0,0,66,2,0,0,755,1708,602,1762,29,28,0,0,14,0,34,0,0,-19,12,-9,15,17,-1,0,12,5,0,13
r3kb1r/1bpn1pp1/pp2pqn1/6Np/3P3P/2PB1N1R/PP1BQPP1/R3K3 b Qkq - 3 12,g_base_s0,CONTROL,0,0,137,-162,0,0,647,2180,804,2104,25,25,0,0,14,0,15,0,0,54,-5,-6,-6,5,-2,28,-5,-6,0,12
r1bq1rk1/1p1nppbp/6p1/p1PQ2B1/P3n3/1NP2N2/1P2PPPP/R3KB1R b KQ - 0 12,g_base_s0,CONTROL,0,0,-391,43,0,0,643,1686,836,2265,23,31,0,-2,14,0,-281,14,-8,-37,-246,-5,-7,-6,-28,11,-246,-11,0,9
4k3/2Q5/2b4p/p1P5/P6N/2B1Pp2/5KpP/6R1 w - - 3 40,g_base_s0,CONTROL,0,1,2786,782,0,0,0,0,0,0,36,16,1818,0,8,1,2197,667,0,0,-196,392,21,635,1292,54,-202,0,0,10
3r4/p5k1/5np1/qpp2b2/6P1/PQ2PN1P/1P3P2/5K1R b - - 0 22,g_base_s0,CONTROL,0,0,-325,322,13,0,969,1031,542,1637,32,27,333,-2,10,0,-14,0,-5,33,-259,0,388,14,-15,-141,-259,-21,8,9
r1bqkb1r/1p3p1p/p1n1pnp1/8/2BP4/1QN2N2/PP3PPP/R1B2RK1 w kq - 0 10,g_base_s0,CONTROL,0,0,-61,113,0,0,680,1833,522,2145,27,22,0,0,12,0,62,-42,-8,38,16,-13,10,15,-4,37,16,-30,0,8
r7/5k2/bp4p1/p4p1p/5P2/3R1N2/1b2K3/2q5 b - - 3 37,g_base_s0,CONTROL,0,1,2340,701,0,0,15,-383,15,-485,37,19,1311,4,6,0,2404,108,0,0,671,-400,897,-17,1254,-1,707,0,0,13
2r2bk1/p3pp2/p3b1p1/4P2p/Pr3P1P/2N1R1P1/5R1N/6K1 b - - 2 32,g_base_s0,CONTROL,0,0,-297,359,0,0,717,1841,519,2010,31,20,56,1,11,0,76,0,-8,19,36,-706,738,0,0,8,36,-15,0,10
r1bqkb1r/pp1npp1p/2n3p1/4p3/3P1P2/3B1N1P/PP4P1/RNBQK2R w KQkq - 0 10,g_base_s0,CONTROL,0,0,72,-46,0,0,531,2478,412,1615,23,17,0,-1,13,0,-114,100,0,-20,-98,5,39,18,3,-80,-98,-35,8,11
rnbqr1k1/5pbp/1Pp2np1/3pp3/1B2P3/3P4/P1PNBPPP/RN1Q1RK1 b - - 0 12,g_base_s0,CONTROL,0,0,-12,2,0,0,580,1850,533,1577,25,22,0,-2,14,0,-236,186,0,-11,-256,-1,-9,41,8,-19,-256,7,-78,12
4Q3/7p/8/3p1k2/1B1K1n2/P1P5/3N1PnP/6r1 w - - 14 40,g_base_s0,CONTROL,0,1,1003,367,0,0,0,0,0,0,32,21,415,2,6,0,1029,0,0,0,244,-411,450,-585,1323,8,244,0,0,6
rn2k1nr/pp2bp1p/2p1p3/3p2p1/3P4/P1PQP1B1/1q1N1PPP/R3K1NR w KQkq - 0 10,g_base_s0,CONTROL,0,0,-7,6,0,0,675,2053,430,1544,25,26,0,-1,15,0,-60,0,19,4,-122,25,-8,21,8,16,-122,-17,0,12
r3k2r/pp1nbp1p/1qp1p2n/3p1bp1/2PP4/P1NBP1B1/1P3PPP/R2QK1NR w KQkq - 3 10,g_base_s0,CONTROL,0,0,-89,43,0,0,736,2405,672,2086,25,26,0,0,16,0,15,-101,0,47,-5,14,14,-20,-2,14,-5,14,0,14
5k2/2r2p2/2P1pPn1/6p1/4N3/2K3P1/1p3P2/6r1 b - - 1 37,g_base_s0,CONTROL,0,1,1241,608,0,0,0,0,0,0,24,18,1126,0,8,0,1246,95,0,0,55,-28,0,1250,0,-32,91,0,0,12
7r/1p2k3/2pb1pp1/3p4/1p1P1P1r/1P1BPN1b/P1P2K2/R6R b - - 2 32,g_base_s0,CONTROL,0,0,-58,44,3,6,1191,920,662,1768,28,23,28,0,12,0,-34,0,8,15,-42,-375,383,0,0,0,-42,18,-1,14
r1b2k1r/1pp1npp1/3pqn2/p6p/4p2P/QPN1P3/P1PP1PP1/R3KBNR b KQ - 0 12,g_base_s0,CONTROL,0,0,22,32,0,0,604,1955,361,1964,22,23,0,0,16,0,22,0,-8,-20,0,18,-15,33,10,-25,0,-33,0,16
r1b2k1r/ppp1n1pp/8/7Q/4p3/2N1B3/PPq2PPP/R3K2R w KQ - 5 15,g_base_s0,CONTROL,0,0,-334,228,8,2,622,2334,708,1526,32,29,0,-1,11,1,-72,0,-3,96,-136,8,27,29,2,-3,-136,8,0,5
r4rk1/pp4p1/1np1pq2/6pP/4Q3/P1N3P1/1P2PP2/R3K2R w KQ - 0 20,g_base_s0,CONTROL,0,0,-16,61,0,7,536,1719,466,1409,29,24,0,0,12,0,64,0,8,-86,12,7,0,2,10,32,12,20,0,11
2r4k/6pP/1p1R4/8/2pp4/Pr6/1PK1P2R/8 b - - 1 47,g_base_s0,CONTROL,0,1,-103,4,7,0,0,0,0,0,23,26,0,0,8,0,-93,0,0,189,-69,0,0,-32,0,8,-69,77,-111,11
r5kr/p4pp1/q1pBp3/2P4p/P2Pn2P/5NP1/2Q2PB1/3R2K1 b - - 4 32,g_base_s0,CONTROL,0,0,210,-507,0,0,460,1282,816,1894,28,27,-103,0,12,0,-205,14,-7,12,3,-1,-745,521,-4,21,3,-14,0,10
5k2/p3r3/P1p3p1/4q2p/2B1p2P/2Q3P1/5P2/4R1K1 w - - 6 60,g_base_s0,CONTROL,0,0,-277,522,0,2,657,1646,455,1638,31,27,333,-1,9,0,265,0,-29,84,-139,0,397,0,-10,17,-139,24,2,11
r1bqk2r/pppnnpbp/6p1/3Pp3/8/3P1NP1/PPPB1PBP/RN1QK2R b KQkq - 0 7,g_base_s0,CONTROL,0,0,-35,-53,0,0,452,1737,454,1892,16,21,0,-1,15,0,-105,43,0,0,-109,23,-3,1,-2,-15,-109,-17,0,10
r5k1/4qp2/2pN2pp/2PnB3/p2Q3P/P5P1/3N2K1/4R3 w - - 1 35,g_base_s0,CONTROL,0,0,-109,699,1,0,1376,1287,421,1598,35,29,638,-1,9,0,427,0,38,0,-125,374,385,14,14,-235,-125,0,0,11
4bk1N/p3b1pp/2p1Rn2/8/8/2PP2P1/P2N1r1P/R2K4 b - - 1 27,g_base_s0,CONTROL,0,1,-470,175,0,1,0,350,0,330,24,22,-202,-1,9,0,-263,42,0,61,-133,-355,809,-584,0,0,-133,-22,0,5
r1b2rk1/2pp1ppp/ppnb1q2/3Bp3/2P1N3/P2P2P1/1P2PP1P/R1BQK2R b KQ - 3 12,g_base_s0,CONTROL,0,0,175,-160,0,0,554,1662,694,1844,22,23,0,0,16,0,30,0,-8,-61,9,1,-24,26,12,6,9,-22,0,12
rnb2rk1/1p2ppbp/2p3pn/p2qP3/3P4/1N1B1Q2/PP3PPP/R1B1K1NR w KQ - 0 10,g_base_s0,CONTROL,0,0,45,-11,0,0,691,2524,447,1566,28,22,0,0,14,0,-13,0,8,48,15,25,29,-29,1,-54,15,-8,0,12
rnbqk2r/pp2ppbp/2p3pn/3pP3/2PP4/3B1N2/PP1N1PPP/R1BQK2R b KQkq - 4 7,g_base_s0,CONTROL,0,0,12,-74,0,0,351,1712,676,2122,18,22,0,0,16,0,-22,0,0,-45,-8,-36,-14,-6,3,39,-8,0,0,12
r1bqk2r/p1n1bppp/1p1p1n2/2pP4/2B5/1PN1PN2/P4PPP/R1BQK2R w KQkq - 2 10,g_base_s0,CONTROL,0,0,52,39,0,0,753,2538,428,1992,22,20,0,0,14,0,51,0,0,8,-7,23,16,1,9,10,-7,-9,0,12
2b2rk1/2n2qp1/1Q1p3p/2pP1p1P/2P4R/4PN2/5PP1/5K2 b - - 4 37,g_base_s0,CONTROL,0,0,-237,343,0,0,336,1345,657,1565,21,30,333,-1,11,0,163,-42,0,8,-140,-22,364,-14,1,-26,-140,-29,0,11
r3r1k1/pb3q2/1p1p2pp/2pP4/7P/1P6/P2R1PPN/3Q1RK1 b - - 1 22,g_base_s0,CONTROL,0,0,98,13,0,0,536,1839,260,1197,29,21,28,0,12,0,80,0,0,-18,16,-340,367,28,17,-8,16,28,0,12
r1bqr3/1pb1nkp1/5n1p/pBPp3P/8/P1N1P3/1PQB1PP1/2R1K2R b K - 2 17,g_base_s0,CONTROL,0,0,-286,231,3,0,665,1710,773,2363,25,30,305,-2,12,0,-107,0,-8,-84,-263,359,4,-42,-6,-159,-263,-51,0,10
2r1r1k1/pp5p/1np2pp1/3p1q2/3P3P/1Q2PN2/PP3PP1/3RBK1R w - - 2 20,g_base_s0,CONTROL,0,0,-170,503,0,0,442,1836,671,1974,24,27,333,0,14,0,295,0,-2,7,-12,7,346,-40,-3,-3,-12,-12,0,12
6k1/6np/1p1r1pq1/p2p3p/P3rR2/1P2P1P1/1B3PNK/2R2Q2 b - - 6 47,g_base_s0,CONTROL,0,0,254,-493,4,3,717,1713,684,1051,22,27,-333,1,11,0,-195,0,0,-227,78,8,-376,-7,6,95,78,-62,0,14
4r1k1/6n1/1p2rp1p/p6p/P1RRP1qN/1P4P1/1B3P2/5QK1 w - - 2 75,g_base_s0,CONTROL,0,0,-115,641,6,0,932,1872,502,1710,30,25,333,0,10,0,442,0,-30,-19,48,22,368,0,-13,17,48,42,0,11
4k2r/1p5p/2p3pb/p1p4P/P1P1P3/1NN2q2/1P3P2/R4RK1 b k - 1 27,g_base_s0,CONTROL,0,0,-472,497,2,12,667,1419,420,1408,31,20,110,0,12,0,76,-10,-10,338,-46,-715,376,-568,1039,-10,-46,28,0,12
r4k2/4np1p/4q3/p4p2/P3p2P/2Q1P1PB/1P3P2/3R2K1 b - - 5 32,g_base_s0,CONTROL,0,0,94,-311,6,0,406,1340,683,1705,24,34,-28,-1,11,0,-187,0,0,-242,-145,370,-387,0,-3,-22,-145,-28,0,12
2r1k2r/1Qbq2p1/p1n2n1p/2ppp3/P7/2NP1N2/1PPB1PPP/R3R1K1 b k - 0 17,g_base_s0,CONTROL,0,0,-353,86,0,0,679,2529,651,1960,24,31,0,-1,13,0,-232,-41,8,-34,-125,26,-5,-36,13,-106,-125,-2,0,14
r2qk2r/3nbppp/3p1n2/1QpPp3/P6N/8/1PPP1PPP/R1B2RK1 b kq - 2 12,g_base_s0,CONTROL,0,0,-171,339,0,0,465,1738,355,1209,20,27,305,-2,14,0,76,42,8,-8,-221,378,7,-22,-17,-48,-239,9,-12,11
rn2kb1r/p3pp1p/b2p1np1/q1pP4/2B1P3/5PP1/PP5P/RNBQ1KNR w kq - 2 10,g_base_s0,CONTROL,0,0,-3,21,0,0,574,2198,493,1849,24,27,0,0,14,0,-14,0,-8,-93,9,-10,23,0,-1,-36,9,11,0,14
rr6/5p1p/5b1k/3PnP1P/2p1P1p1/1PN3P1/P7/3R1K1R b - - 0 37,g_base_s0,CONTROL,0,1,-648,449,0,0,16,-198,0,270,29,21,333,-3,11,0,-187,70,0,-96,-533,-18,430,-64,0,-2,-533,-82,-48,10
rn2k2r/p2p1p1p/3b2p1/2pN3n/6P1/5P2/PP2NK1P/R1B4R b kq - 0 17,g_base_s0,CONTROL,0,0,370,-142,0,0,625,1827,615,1308,18,24,0,1,11,0,182,0,8,71,127,-40,26,-36,0,105,127,-11,-11,9
r2qr1k1/1b1n1pp1/p2b1n1p/1ppP4/8/2NBBN2/PP3PPP/2RQR1K1 w - - 4 15,g_base_s0,CONTROL,0,0,154,-113,0,0,986,2328,754,2352,27,27,0,0,12,0,67,-65,0,3,24,-2,14,24,0,5,24,-40,14,9
r1b1kb1r/pp2qppp/1n3n2/2pP4/2p5/2N2N2/PP2BPPP/R1BQK2R w KQkq - 5 10,g_base_s0,CONTROL,0,0,-136,82,0,0,576,1990,613,1961,23,25,0,-1,13,0,-72,0,0,-21,-85,5,15,1,-9,1,-85,-3,30,9
r1bqk1nr/p2pbppp/1pn1p3/8/2PNP3/P5P1/1P3P1P/RNBQKB1R b KQkq - 0 7,g_base_s0,CONTROL,0,0,-33,5,0,0,311,1655,542,2012,19,25,0,0,14,0,12,0,0,11,5,-22,-4,-13,-10,54,5,20,0,9
r1bqk1nr/p2pbppp/1pn1p3/8/2PNP3/P5P1/1P3P1P/RNBQKB1R b KQkq - 0 7,g_base_s0,CONTROL,0,0,-33,5,0,0,311,1655,542,2012,19,25,0,0,14,0,12,0,0,11,5,-22,-4,-13,-10,54,5,20,0,9
4r1k1/2b3p1/1q2p2p/3pP3/1P2n3/2BQP2P/r5P1/2R1N1KR b - - 2 32,g_base_s0,CONTROL,0,0,-389,280,0,3,971,1608,557,1617,36,23,0,-1,9,0,-75,8,2,134,-114,25,-15,23,2,4,-123,30,-7,8
r4k1r/1p1b1pp1/pnpqpn1p/8/3PP3/P2B1N1P/1PQ1NPP1/R4RK1 w - - 0 20,g_base_s0,CONTROL,0,0,-254,322,0,0,641,2039,587,2276,26,27,0,0,14,0,28,0,0,38,-6,17,20,12,-12,-2,-6,-3,0,13
1rb1k2r/2q2pp1/p3pn2/1N2p3/4P2p/b2BBP1Q/1PP3PP/2KRR3 b k - 0 17,g_base_s0,CONTROL,0,0,-206,97,3,0,568,2552,980,2078,30,26,0,0,12,0,-77,0,8,-2,-52,10,-10,-40,18,-3,-52,-49,6,13
b1r1k3/4np1r/P1nQpp2/1Bp4p/1p2P3/5NP1/1P3P1P/3R2K1 b - - 0 27,g_base_s0,CONTROL,0,0,230,-498,7,0,489,1861,1035,1828,21,31,-82,0,12,0,-230,-43,-15,-861,-33,356,-28,538,-1030,-33,-33,14,-130,15
4r3/5pk1/4n2r/4p2p/1p5P/1P4P1/5P2/1Q1RNK1B w - - 1 55,g_base_s0,CONTROL,0,0,223,729,0,8,699,1700,348,964,28,19,720,0,8,0,898,0,0,0,5,-15,378,-560,1022,68,5,0,0,8
r2qk2r/pp2ppb1/2pn1n2/3pQp2/3P1P1P/2P5/PP1NP1BP/R1B1K2R w KQkq - 3 15,g_base_s0,CONTROL,0,0,289,-172,0,0,685,1891,522,1908,23,19,28,1,15,0,80,0,0,31,121,-366,345,-7,22,-35,121,-30,16,15
8/1p1k1p2/1P1np3/3p4/3P1qp1/2P1B3/4Q3/4K3 b - - 1 42,g_base_s0,CONTROL,0,1,104,445,0,0,0,0,0,0,24,23,-28,2,8,0,376,0,0,245,317,424,-409,0,29,16,341,25,64,11
r5kr/4B1b1/P4pp1/R2pN3/3Pb1Pp/8/4PK1P/2R5 w - - 0 30,g_base_s0,CONTROL,0,0,-371,258,6,0,1076,408,1053,1615,35,22,-28,1,9,0,131,0,-10,-34,163,375,-389,0,0,-18,163,-25,107,13
r2r2k1/pp1n1pp1/7p/3b1B2/3P3R/1PB2NP1/P4K2/8 b - - 3 22,g_base_s0,CONTROL,0,1,-378,478,0,6,3,551,15,-383,19,31,230,1,9,0,130,0,0,32,93,-21,-482,549,0,-8,93,44,8,6
rn2k1nr/p4p2/2p5/1b1q2pp/2pPp3/Q1B1P3/P3NPPP/1R2KB1R w Kkq - 0 15,g_base_s0,CONTROL,0,0,-286,191,0,5,643,1843,569,1796,22,23,28,-1,13,0,-77,0,0,72,-122,-336,362,9,-14,23,-122,49,-19,9
r1b1k2r/1P2ppbp/pq4p1/8/2P2P2/8/PP1B2PP/R2QKBNR b KQkq - 0 12,g_base_s0,CONTROL,0,0,-227,-166,0,4,496,1673,278,1540,29,24,-305,-2,12,0,-484,212,-45,72,-277,-346,30,23,15,72,-277,8,-121,7
rn1qkb1r/1bp1pp2/p5p1/1p1P3p/3P1P2/1B3N2/PPP3PP/R1BQK2R w KQkq - 2 10,g_base_s0,CONTROL,0,0,-111,191,0,0,642,2040,205,1423,20,17,0,1,15,0,65,-42,17,29,130,37,8,-33,2,-79,130,-29,0,15
2b2rk1/1p3pbp/q2p1np1/2p1n1N1/2P1P3/1N5P/r4PP1/1QBRRBK1 b - - 5 22,g_base_s0,CONTROL,0,0,-63,127,0,0,804,1730,789,1933,31,25,0,1,11,0,62,42,0,58,106,27,-6,-54,3,-13,106,4,0,10
r1bqkb1r/1p1npp1p/2pp1np1/p7/P2PPB2/2P4P/1P1N1PP1/R2QKBNR b KQkq - 0 7,g_base_s0,CONTROL,0,0,-43,-11,0,0,390,1679,571,1791,18,25,0,0,16,0,-14,0,0,-37,-6,2,-42,-18,-4,54,-6,-1,0,13
2k4r/4p3/1Q3np1/2p3q1/P6p/2P4P/1PB2P2/3R1K2 w - - 11 35,g_base_s0,CONTROL,0,0,-33,381,10,27,1170,1449,575,1537,34,26,28,1,9,0,175,0,105,746,138,-375,383,0,9,20,164,14,31,9
2r5/4kppp/b1r5/bp4P1/p2PPP2/P4N2/R3N2P/3K3R b - - 6 32,g_base_s0,CONTROL,0,0,-505,171,16,4,1168,963,835,2175,25,18,56,-1,11,0,-236,0,-52,43,-224,-747,750,0,0,-15,-224,-33,10,10
rn1qkbnr/1b1p1p2/1p2p2p/pNpPP3/2P3pP/P3BN2/1PQ2PP1/R3KB1R w KQkq - 2 15,g_base_s0,CONTROL,0,0,-257,333,0,0,893,2540,312,1588,30,19,0,0,16,0,24,0,12,105,-4,46,16,15,14,-63,-4,49,0,19
2N3n1/3Rb1kr/4Qp2/p1p2Pqp/R7/8/KP6/8 b - - 5 42,g_base_s0,CONTROL,0,0,271,-414,3,1,447,527,1148,545,20,34,-230,2,6,0,6,0,58,-217,248,-1,370,-573,-11,-27,257,-17,12,11
r4rk1/p4pp1/8/P1bP2Pp/2Q4P/5P2/Rq1N4/4K2R b K - 2 27,g_base_s0,CONTROL,0,0,-264,120,0,12,663,1232,445,1594,31,30,28,-1,9,0,-97,0,-18,795,-153,-365,394,-7,-11,45,-153,2,-14,6
2k2b1r/pp2pp2/1npr1np1/3qNb1p/P2P1B1P/4PP2/1P1N2P1/R1Q1KB1R w KQ - 1 15,g_base_s0,CONTROL,0,0,-362,359,0,0,886,2183,916,2907,26,28,0,0,14,0,-27,0,8,70,-2,-8,15,-16,-7,-9,-2,-27,0,15
2k5/pp1n1p2/2p5/2n1P1r1/2PB1P2/2P4b/P1BNK3/R7 b - - 0 27,g_base_s0,CONTROL,0,1,-159,-40,11,9,0,0,0,0,25,24,-28,-1,9,0,-152,0,0,181,-110,385,-421,10,0,-16,-110,3,0,5
r3k2r/1ppb4/p2p4/3Pp1n1/1P2P1p1/P1NQ1pN1/2P2P1q/R2RK3 b - - 1 27,g_base_s0,CONTROL,0,0,-355,410,0,8,672,1969,654,2048,29,21,28,1,13,0,123,0,-14,438,142,-356,376,-6,-12,-22,142,43,29,18
2rk4/2p3r1/p2N4/Pp1Pp2q/1P2P3/3P4/2R5/1KR5 w - - 1 55,g_base_s0,CONTROL,0,0,-162,-191,1,17,1073,1530,313,1397,26,30,-645,1,9,0,-504,123,49,376,153,375,0,0,-1019,-14,153,63,0,16
4kb1r/2pn1p2/3p1np1/7p/Q1bqPP2/2N5/1PP2NPP/2BR2K1 b k - 5 17,g_base_s0,CONTROL,0,0,505,-122,0,4,908,1821,540,1581,28,30,333,-1,11,0,268,0,19,-61,-129,14,397,-12,14,-17,-129,-11,0,9
r1b4r/p3kppp/1pP1pn2/2n5/2PNpB2/P1P5/5PPP/R3KB1R w KQ - 2 15,g_base_s0,CONTROL,0,0,128,18,0,4,1009,2211,621,1436,27,20,28,0,14,0,105,0,17,61,25,-365,389,-22,0,77,40,-68,147,15
8/8/2Pk2p1/p2P4/P1P1p1Bp/4p2P/5r2/3K4 b - - 3 42,g_base_s0,CONTROL,0,1,-82,171,4,0,0,0,0,0,26,13,230,0,10,0,144,0,0,167,-100,0,-432,626,0,50,-128,-112,12,18
r1b1kbnr/ppqn1ppp/2pp4/4p3/N1PPP3/3BB3/PP3PPP/R2QK1NR b KQkq - 0 7,g_base_s0,CONTROL,0,0,-22,-46,0,0,336,1783,603,2241,15,23,0,0,16,0,-28,0,0,10,2,7,-50,-1,-5,18,2,7,0,12
r5rk/5pp1/2pP3p/4P3/p2B1bq1/8/PP3P1P/3RRB1K w - - 0 35,g_base_s0,CONTROL,0,0,-56,-474,14,0,666,1520,568,910,24,32,-617,1,11,0,-495,0,-22,-408,172,0,364,15,-1028,-18,172,50,92,13
3r2kr/2q2ppp/p2b1n1P/4p3/Ppp1P3/5Q2/PBP2PP1/3RKB1R b K - 0 22,g_base_s0,CONTROL,0,0,183,-90,0,0,728,1766,583,1892,27,27,-28,0,14,0,96,0,-8,-20,52,366,-366,-14,-8,67,52,82,0,16
r2q1rk1/1p3ppn/p3p3/2B5/1nP2P2/1P3P2/P2PN2P/RQ2K2R b KQ - 0 17,g_base_s0,CONTROL,0,0,-233,-73,5,5,384,1150,578,1891,25,28,-28,-2,12,0,-233,0,-10,483,-226,326,-382,34,3,13,-226,31,0,7
r3k2r/ppq1bppp/2n1pn2/2ppN3/5P2/1P2P3/PBPP2PP/RN1QK2R w KQkq - 4 10,g_base_s0,CONTROL,0,0,-76,-11,0,0,604,1885,565,2372,21,20,0,0,16,0,-47,0,0,-33,-3,-19,4,-39,-4,14,-3,0,0,12
1r6/pp6/n1pPknbb/7p/3Pq1pP/BP2P3/P3QP1R/R3K3 w Q - 0 25,g_base_s0,CONTROL,0,0,264,-397,0,15,1068,1345,1052,1147,25,32,-380,2,12,0,-84,0,-34,125,271,-714,-390,521,-17,245,271,-24,56,17
2kr2nr/pp1bb1pp/n1p2q2/3p1p2/QPPP4/2N2N2/P3BPPP/1RB2RK1 b - - 0 12,g_base_s0,CONTROL,0,0,254,-336,0,0,463,2000,630,1856,20,25,0,0,14,0,-40,0,-2,-90,7,-38,15,1,11,-37,7,2,0,12
1rbqkb1r/pp3ppp/2nppn2/2p5/4PP2/1B1P1N2/PPP3PP/RNBQ1RK1 b k - 2 7,g_base_s0,CONTROL,0,0,-16,-14,0,0,501,2188,580,1752,18,19,0,0,16,0,3,0,8,12,-9,25,-14,-27,3,24,-9,-6,0,12
r1b1kb1r/pp3ppp/1q1ppn2/n1p5/P3PP2/1BNPBN2/1PP3PP/R2QK2R w KQk - 5 10,g_base_s0,CONTROL,0,0,-9,71,0,0,798,2771,469,2291,21,21,0,0,16,0,22,0,0,1,-4,28,43,36,-4,-77,-4,-1,0,15
3R4/2p3p1/b3p1Pk/4N2p/p1P1P2P/2P5/P3KP2/8 b - - 0 32,g_base_s0,CONTROL,0,1,-555,-690,7,19,0,0,0,0,14,28,-535,-2,12,0,-882,0,0,0,-241,-412,412,-624,0,-16,-241,0,0,11
3r1b1r/pkp2pp1/2q2n1p/8/N2B4/1P3PP1/P1PQ1P1P/R4RK1 b - - 0 17,g_base_s0,CONTROL,0,0,-296,-106,12,0,523,892,723,1569,28,25,0,-2,12,0,-397,41,-6,-58,-212,20,-37,20,9,-196,-212,-35,0,6
2kr1bnr/ppp2pp1/2npb2q/3N3p/4P2P/1P4P1/PBP1NPB1/R2QK2R b KQ - 2 12,g_base_s0,CONTROL,0,0,139,-170,0,0,497,2012,855,2075,23,25,0,0,14,0,17,0,-8,-38,10,-45,-14,8,-1,59,10,-2,0,10
r2qr2k/pb3ppB/1pn2b2/2ppp3/2P5/PP2PN1P/2QPNPP1/1R2K2R w K - 0 15,g_base_s0,CONTROL,0,0,209,-45,0,7,808,2092,641,1562,25,21,-28,1,15,0,191,0,8,49,108,362,-342,5,6,51,108,14,0,14
b4r1k/8/1p3P2/pNp5/Pr6/1P5P/3b2PK/1R3R2 b - - 6 42,g_base_s0,CONTROL,0,1,-221,361,7,0,3,118,8,-149,29,22,361,-2,8,0,121,0,0,-145,-369,-381,887,17,0,-34,-369,4,-104,8
r3r1k1/1p2qppp/2p1bnn1/p7/N1P5/P3P2P/1BQ1BPP1/2R2RK1 w - - 9 20,g_base_s0,CONTROL,0,0,-84,96,0,0,514,1744,501,1920,26,25,28,0,12,0,-32,0,0,3,0,-363,355,-21,2,-4,0,6,0,11
7k/1p2r1pp/2pNnp2/2r5/p5PP/P3P3/3R1K2/B4Q2 b - - 1 47,g_base_s0,CONTROL,0,0,132,-603,0,0,712,1345,771,678,24,33,-720,2,10,0,-487,0,0,0,298,-9,-372,560,-1022,58,298,0,0,11
r1bqk2r/2p1bp2/3p2pp/pNpPp3/P1P1P3/1P1Q1N1P/5PP1/2R1R1K1 b kq - 0 17,g_base_s0,CONTROL,0,0,-209,38,0,0,332,1466,791,1947,20,24,56,0,16,0,-139,0,-6,-62,-30,-713,732,-74,-16,-38,-30,-18,0,17
r1b1kb1r/5pp1/2Pp1n1p/pp2p3/B3P3/4B2P/PR2qPP1/2Q2RK1 b kq - 1 17,g_base_s0,CONTROL,0,0,706,-118,0,0,622,2005,508,1503,34,28,305,1,13,0,431,0,30,23,104,364,2,-4,-3,-32,104,44,-147,15
r2q1rk1/1p2bppp/p2p1n2/2p1p3/2PnP3/1PNPBN1P/P4PP1/2RQK2R b K - 0 12,g_base_s0,CONTROL,0,0,-48,-12,0,0,736,1667,633,2350,25,20,0,0,16,0,-13,0,-8,7,-4,0,-41,-7,-1,41,-4,-17,0,14
1r6/7p/p2p2k1/2p5/2Pp2N1/3P1PKP/P7/8 w - - 5 40,g_base_s0,CONTROL,0,1,278,-424,0,0,0,0,0,0,13,24,-258,0,10,0,-146,0,0,67,32,401,0,-593,0,15,32,-32,-2,10
3r3k/p3N2p/4QP1q/n3p3/1p6/3p3P/PPP3PK/5R2 w - - 0 30,g_base_s0,CONTROL,0,0,-220,465,3,7,917,536,532,952,30,30,0,1,11,0,139,38,29,385,150,21,0,0,7,-38,156,39,14,11
3r1rk1/1pn1b2p/p3p1p1/6P1/2pP3P/2P1P3/P1qBB1Q1/R3K1R1 w Q - 7 25,g_base_s0,CONTROL,0,0,112,-24,5,0,442,1784,942,1979,25,35,28,0,12,0,-81,145,-28,-188,18,-356,345,-42,0,-44,18,23,0,15
r1brn1k1/2p1bp1p/pp2q1p1/3pP3/3P2P1/P1NBP2P/1P1B2Q1/R4RK1 w - - 1 20,g_base_s0,CONTROL,0,0,-221,236,0,0,891,2082,389,1974,27,23,0,0,14,0,-28,0,3,-27,-22,21,8,37,0,-72,-22,33,0,17
1r3rk1/1qn1ppbp/2b2np1/8/1p2PB2/1PNB1N2/2Q2PPP/R2R2K1 w - - 0 20,g_base_s0,CONTROL,0,0,196,-56,0,0,895,2317,507,1881,29,21,0,0,10,0,100,0,0,38,8,17,20,33,5,17,8,-17,0,8
r2qk2r/p3p1bp/np1p1pp1/1b6/1PP5/P7/1B3PPP/R2QRBK1 w k - 0 20,g_base_s0,CONTROL,0,0,-304,106,0,0,686,1477,335,1803,28,18,-305,-1,13,0,-351,138,-8,176,-118,-342,5,82,7,14,-118,-8,0,11
1r6/2nk4/3bp3/1p1pBp1p/1P3P2/P1R5/6KP/5B2 b - - 3 47,g_base_s0,CONTROL,0,1,82,80,0,0,0,0,0,0,19,24,-28,1,9,0,164,0,0,-18,224,389,-437,-16,0,4,224,21,-8,14
1k1rr3/1p1bqp2/p1pp4/P1b1n3/3NPNp1/1BP1Q3/5PP1/R3R1K1 w - - 0 25,g_base_s0,CONTROL,0,0,256,-332,0,0,843,2021,618,2203,27,23,-28,-1,11,0,-106,0,0,-62,-106,367,-375,14,10,-16,-106,-23,0,11
r1b1k1nr/ppppqppp/2n5/2b5/3pP3/3B4/PPPNNPPP/R1BQ1RK1 b kq - 9 7,g_base_s0,CONTROL,0,0,86,8,0,0,540,1761,458,1759,19,17,0,1,15,0,81,0,8,-8,104,-8,1,-2,15,-31,104,10,0,11
1k1r1br1/ppq2p2/2n1b3/2pp3p/5P2/PP1P1N2/3NPPBP/Q1R1K1R1 b - - 0 17,g_base_s0,CONTROL,0,0,-304,237,0,0,672,1909,642,2053,25,23,28,-1,13,0,-112,42,-8,43,-104,-353,370,-6,2,-22,-104,-6,0,12
r3k2r/ppq2pp1/2n1bn1p/4p3/1b2P3/2BP1NP1/3N1PBP/R2Q1RK1 w kq - 0 15,g_base_s0,CONTROL,0,0,-120,-67,0,0,574,1883,708,3210,25,28,0,-1,11,0,-185,0,-8,-26,-126,-44,-32,-22,-15,54,-126,-18,-4,9
N1b2bk1/p3n3/1p1p2pp/2nP4/2P4P/3pP1P1/PP4Qq/R1B1K1R1 b Q - 5 22,g_base_s0,CONTROL,0,0,-599,168,0,5,712,1780,376,1832,27,23,-488,-1,13,0,-387,0,6,148,-130,392,357,-1024,-9,28,-130,-34,63,14
rnb1kb1r/pp2pp1p/3p1np1/q1p5/2P1P1P1/2N2N1P/PP1P1P2/1RBQKB1R b Kkq - 0 7,g_base_s1,CONTROL,0,0,-27,-3,0,0,402,1913,545,1848,23,20,0,0,16,0,10,0,0,18,12,-18,2,-18,3,28,12,50,0,12
8/p2rpp2/1p4k1/8/Nn4P1/1P1b1P2/3P4/BRK5 w - - 0 35,g_base_s1,CONTROL,0,1,197,-216,0,0,0,0,0,0,16,26,0,0,8,1,-19,0,0,-513,16,-31,24,-15,0,-13,16,-20,0,8
3R4/5pk1/2p1r1pp/p3b3/8/7P/4BPP1/6K1 w - - 2 30,g_base_s1,CONTROL,0,1,-402,-107,0,0,0,0,0,0,25,23,0,-2,8,1,-343,0,0,26,-296,0,-62,26,0,-11,-305,19,-38,4
4r3/1p5k/1p3p1b/2n2b2/2P3nP/1P4P1/PB1pBP2/5RKR w - - 3 30,g_base_s1,CONTROL,0,0,376,-346,0,0,363,1467,1070,1160,22,30,-47,2,10,0,98,0,-29,22,263,-716,-30,560,0,22,263,94,-94,12
r3k1r1/pp2qp2/n4b1p/1Np1P3/P1N3p1/1P6/4QPPP/3R1RK1 b q - 0 22,g_base_s1,CONTROL,0,0,230,-409,8,0,290,1732,1042,1526,20,28,28,0,12,0,-112,0,-12,-809,-5,-386,368,-20,-1,-68,-5,-22,0,12
r1b1kb1r/pp1p1ppp/1q2pn2/n1p5/2P5/P1NP1NP1/1P2PPBP/R1BQK2R b KQkq - 2 7,g_base_s1,CONTROL,0,0,-8,-75,0,0,442,1882,583,2097,21,20,0,0,16,0,-43,0,0,23,16,-27,-26,-17,6,4,16,-23,0,11
R4nk1/1B3p1p/4b1p1/8/5P2/P3K3/1P1N3P/6R1 w - - 2 35,g_base_s1,CONTROL,0,1,1095,791,0,0,0,0,0,0,34,12,1126,1,7,0,1451,0,0,0,141,25,15,1245,0,25,141,0,0,7
4k2r/p2bbppp/1q3n2/8/3p4/6P1/2RNPPBP/2Q2RK1 w k - 4 25,g_base_s1,CONTROL,0,0,-258,316,0,0,564,1522,477,1703,25,30,230,-1,9,0,115,0,-8,-11,-125,1,-356,560,-14,48,-125,37,-5,5
rnb2rk1/3pqpbp/1pp2np1/p1P5/1PNP4/P1N1PQ2/6PP/R1B1KB1R b KQ - 1 12,g_base_s1,CONTROL,0,0,-134,61,0,0,448,1630,765,2618,19,25,0,0,14,0,-25,0,-8,6,-22,-51,-1,7,-5,47,-22,-18,0,12
r3k2r/pp2qp1p/2p2npb/3p1b2/PnPPp3/BQN1P3/3N1PPP/R3KB1R b KQkq - 1 12,g_base_s1,CONTROL,0,0,266,-71,0,0,1018,2358,512,2100,26,19,0,1,15,0,137,0,0,39,119,7,22,9,10,-30,119,29,0,15
r1bq1rk1/1p2ppbp/1np3p1/3p4/p2P2nN/2PQB1P1/PPN1PPBP/R2R2K1 b - - 11 12,g_base_s1,CONTROL,0,0,-224,108,0,0,666,1673,714,2130,23,23,0,0,16,0,-84,8,0,-3,-2,7,-21,-62,-6,1,-2,-13,0,15
5k2/1p3p1p/2p1b3/q3Pp2/3P3P/4Q1P1/prN3K1/3B4 w - - 0 40,g_base_s1,CONTROL,0,0,-335,-451,0,10,457,186,664,1197,26,29,-258,-2,10,0,-508,0,29,-76,-256,357,0,-560,11,-60,-256,34,-448,12
2b3k1/4q3/4prpp/1p6/p1nR3P/P2R2P1/P4PB1/4Q1K1 b - - 4 32,g_base_s1,CONTROL,0,0,259,-386,0,0,577,1920,806,1752,30,30,-258,0,10,0,-156,41,0,-164,55,375,-39,-568,5,16,55,0,0,13
r4rk1/1pp1n3/2npq1pp/8/pP2PP2/2P1B2P/P3Q1B1/R4RK1 b - - 0 22,g_base_s1,CONTROL,0,0,97,-123,0,0,567,2179,556,1863,29,27,-56,0,12,0,19,0,0,8,0,702,-760,25,9,42,0,2,15,12
6k1/2p2r2/1p4pp/q2pP3/1n3P2/p1Q1B2P/P4RBK/8 w - - 0 50,g_base_s1,CONTROL,0,0,-331,469,0,0,623,1026,440,1618,28,25,361,-2,10,0,92,0,6,7,-242,-370,770,0,15,-82,-250,-14,57,10
2r3k1/p4n1p/3p4/2r1p3/4qP2/6PP/PPP4Q/1KR4R w - - 2 30,g_base_s1,CONTROL,0,0,128,-278,0,0,96,965,868,1618,17,32,-305,2,10,0,-96,0,-24,-40,252,-355,0,-36,-31,74,252,50,5,10
2kr1b1r/ppqn2pp/8/4pBN1/2b5/6P1/PB2PP1P/R2Q1RK1 w - - 5 20,g_base_s1,CONTROL,0,0,-315,331,0,3,656,1665,627,1610,28,25,0,0,10,0,15,41,0,126,-8,-6,14,-42,1,56,-8,10,0,6
r3kb1r/1pqn1pp1/p3p1n1/2ppP2p/3P4/2N2NB1/PPPQ1PPP/R3R1K1 w kq - 0 15,g_base_s1,CONTROL,0,0,146,-6,0,0,834,2041,499,1957,22,23,0,0,16,0,108,0,-8,26,10,10,10,43,-3,37,10,-10,0,13
2r1k2r/1pqn1ppp/p2bp1b1/3pN3/Q2P1B2/2P5/P3BPPP/R3R1K1 w k - 1 15,g_base_s1,CONTROL,0,0,-130,-92,0,0,772,1832,651,2373,28,24,0,-1,13,0,-65,-83,-8,49,-117,0,5,13,2,33,-117,-44,0,9
r3k2r/1p1nnp2/2p1p1p1/1p1pP3/3P1PBP/P1P1B3/2P5/R3K2R b KQkq - 0 17,g_base_s1,CONTROL,0,0,-185,135,4,0,416,1674,528,2483,21,22,-56,0,14,0,-30,0,0,17,25,711,-764,0,0,-3,25,69,0,14
rn2kbnr/pp3p1p/4p1p1/2PpP3/5P2/N2BBQ1P/P1P3P1/q4RK1 b kq - 1 12,g_base_s1,CONTROL,0,0,517,67,0,0,371,1808,755,1844,25,26,535,0,14,0,456,71,-17,-62,35,348,-389,462,-4,4,35,53,0,11
6k1/1p3pb1/4p1p1/p7/P2P1PPp/1qr1P2R/3Q4/R3K1B1 b - - 3 32,g_base_s1,CONTROL,0,0,-494,-106,0,2,817,1168,308,1743,30,24,-563,1,11,0,-380,-66,6,140,121,0,26,-539,-3,15,121,-24,29,13
r1b1k1nr/1p5p/3pppp1/p1pn4/P5P1/1P3N1P/1Q3PB1/5RK1 w kq - 0 20,g_base_s1,CONTROL,0,0,-566,63,0,0,356,1440,455,2419,24,21,82,-3,13,0,-323,0,-8,10,-418,-356,7,-537,1019,-38,-418,-42,8,11
rnbqr1k1/p1p2pbp/1p1p1np1/3Pp3/2P5/P1NQ1NP1/1P2PPBP/R1B1K2R w KQ - 2 10,g_base_s1,CONTROL,0,0,74,11,0,0,729,2373,478,1828,23,19,0,0,16,0,38,0,8,11,-1,37,9,-14,18,-11,-1,2,0,15
5r2/2p2pk1/1p1p4/3Pn2P/p1P2RP1/P4P2/1P1K4/8 b - - 6 37,g_base_s1,CONTROL,0,1,-328,282,0,0,0,0,0,0,21,18,305,-2,12,0,-22,0,0,-31,-387,394,0,-26,0,-4,-387,-70,-29,10
r1q1r1k1/2p1ppbp/npNp1np1/p2P1b2/2P5/P1N1B1PP/1P2PPB1/R2QK2R b KQ - 4 12,g_base_s1,CONTROL,0,0,11,-55,0,0,686,1836,941,2117,20,30,0,0,16,0,4,0,-8,-7,-4,-29,13,20,-6,10,-4,10,0,13
r3kb1r/pR1b1ppp/2n1p3/q7/2QPnB2/2N2N1P/P4PP1/4KB1R w Kkq - 1 15,g_base_s1,CONTROL,0,0,505,-112,0,0,1071,2511,759,2225,32,28,0,0,10,0,61,228,0,35,-5,5,22,69,3,-32,-5,-19,0,8
r3k2r/pb1n1ppp/q1p1p3/bp1nP3/3P4/PR1B1N1P/2QN1PP1/2B1K2R w Kkq - 1 15,g_base_s1,CONTROL,0,0,-118,70,0,0,753,2417,604,2373,25,21,0,-1,13,0,-129,41,0,-12,-126,-10,10,24,8,-35,-126,-7,0,13
6QR/6p1/2p2rk1/3p1p1p/8/7P/5PPK/4q3 b - - 10 42,g_base_s1,CONTROL,0,0,612,55,9,11,596,394,719,-130,28,19,0,2,8,0,353,42,50,-372,344,0,0,0,0,8,362,-6,8,12
r3r1k1/4qpb1/b2p2p1/2nP3p/p3PNB1/P3B1P1/1PQ4P/2RR2K1 b - - 0 27,g_base_s1,CONTROL,0,0,-193,256,0,0,872,1824,912,2794,28,27,0,-1,11,0,-162,265,0,25,-125,-8,-10,-6,0,-12,-125,-6,1,12
rn2kb1r/1b1p1pp1/p4q2/3p3p/1p2P3/2P2NP1/4NPBP/R2Q1RK1 w kq - 0 15,g_base_s1,CONTROL,0,0,-349,133,0,0,483,1676,454,1666,23,26,-28,-2,12,0,-193,0,-8,-19,-215,387,-366,2,-16,14,-215,19,-32,9
3r1rk1/pp3ppp/8/qPp5/P2n1P2/2N5/3QPP1P/4KBR1 w - - 3 20,g_base_s1,CONTROL,0,0,110,-411,0,0,416,1299,558,1304,23,25,-230,0,12,0,-263,0,8,-6,-57,-1,350,-539,12,-28,-66,1,-5,13
r1b1kb1r/pp2nppp/8/1Pp1p3/2Pq4/P1N2P2/5PPP/R1BQKB1R w KQkq - 1 10,g_base_s1,CONTROL,0,0,-118,47,5,0,426,1788,712,1658,23,27,0,0,14,0,-18,0,-13,-154,-30,11,10,12,-20,0,-30,20,0,14
4rk2/1p2N1p1/5p1r/7q/P1p3R1/3p1KP1/3Q4/4R3 b - - 4 37,g_base_s1,CONTROL,0,0,226,183,8,7,681,1312,1155,1105,27,36,-305,3,7,0,269,112,-19,-5,438,-375,0,-28,-1,235,438,83,82,13
r3k3/pp1nqpp1/2p2n2/4b2r/P4B2/5N1P/1PP1QPP1/R4RK1 w q - 4 15,g_base_s1,CONTROL,0,0,-154,-112,0,0,396,1801,724,1983,24,29,-305,1,11,0,-175,20,-8,21,101,-360,-8,30,2,61,101,4,0,9
5rk1/N2n2p1/1p1b3p/3Pqp2/P7/4P2P/1PQ3P1/R2R2K1 w - - 1 25,g_base_s1,CONTROL,0,0,334,80,9,0,490,1491,703,1713,27,27,230,2,10,0,407,-42,-13,-333,258,-16,-384,565,-15,-2,258,-8,14,13
rnbqk2r/pp3pp1/2p1pn1p/3p4/1bPP4/4PN1P/PPQN1PP1/R1B1KB1R b KQkq - 0 7,g_base_s1,CONTROL,0,0,43,-40,0,0,532,2293,565,1972,22,23,0,0,16,0,38,0,0,-1,3,-6,38,-1,-1,4,3,7,0,13
5kr1/5p2/r1N1p2p/p7/4n2P/PP6/7K/2R5 w - - 2 35,g_base_s1,CONTROL,0,1,-694,-399,0,0,0,0,0,0,24,23,-563,-1,7,0,-810,0,0,0,-186,-26,0,-583,0,-15,-186,0,0,7
1r1qkbnr/1p3ppp/p2p4/2n1pb2/8/2N2NPP/PPP1PPB1/R1BQK2R w KQk - 4 10,g_base_s1,CONTROL,0,0,-87,90,0,0,586,2030,629,2171,21,24,0,0,14,0,43,0,0,-23,6,18,-6,16,-2,11,6,12,0,9
r1bqk2r/pp1pbpp1/5n1p/2p5/2Pp4/PN4P1/1P2PPBP/R1BQK2R w KQkq - 0 10,g_base_s1,CONTROL,0,0,-32,-74,0,0,481,1707,416,1615,24,20,0,-1,15,0,-66,0,0,-18,-100,-12,38,0,6,2,-100,-23,0,11
2N3k1/pp6/3P2pp/B5b1/2bP4/PP3RP1/4r3/R2K4 b - - 2 37,g_base_s1,CONTROL,0,1,-834,-114,0,0,0,0,0,0,33,28,-535,-1,9,0,-691,0,0,221,-224,-370,456,-552,0,0,-252,36,-106,6
3rr1k1/1p3pp1/1Q1p1n1p/3Pqb2/p1P5/B5P1/P4PBP/2R2RK1 w - - 4 25,g_base_s1,CONTROL,0,0,-143,138,0,0,602,1405,837,2072,28,32,28,0,12,0,-44,41,-20,-82,10,-364,345,-14,-9,-13,10,10,-1,12
rnb1k1nr/pp2ppbp/1q1p2p1/8/2BPP3/5N2/PP3PPP/RNBQK2R b KQkq - 0 7,g_base_s1,CONTROL,0,0,-41,-35,0,0,367,1882,666,2327,21,25,0,0,14,0,11,0,-47,-201,-11,-32,-11,-5,4,66,-11,8,0,9
r2q1rk1/1p1bnpb1/1n1p2pp/pP2p1P1/7Q/P1NPPN2/1B3PBP/1R2K2R b K - 0 17,g_base_s1,CONTROL,0,0,-223,94,0,0,545,1961,728,2986,24,24,0,0,14,0,-81,0,-8,22,2,-39,10,-19,-9,-26,2,11,0,14
8/1p4k1/1P6/pB4p1/P3P2q/3P3b/1R1Knr1P/R7 w - - 6 45,g_base_s1,CONTROL,0,0,-102,-536,12,0,451,649,1605,-35,25,28,-692,2,8,0,-485,-41,42,0,325,-375,8,560,-1028,25,334,0,0,14
2q2rkb/8/p1nrp1p1/1p2pnNp/1P5P/P3P1P1/1B2QPB1/1RR3K1 b - - 3 27,g_base_s1,CONTROL,0,0,307,-345,0,0,951,2397,834,1963,28,27,-28,0,12,0,-68,0,0,-55,-25,356,-373,-8,-1,-19,-25,-41,0,15
r1b2rk1/pp2qpbp/n1pp1np1/4p3/2P1P3/2NP1N2/PPQ1BPPP/R1B2RK1 w - - 4 10,g_base_s1,CONTROL,0,0,65,-3,0,0,581,1865,504,1734,20,20,0,0,16,0,24,0,0,19,5,7,-3,2,-5,18,5,-17,0,13
q5k1/pp4b1/2ppn1r1/4p2R/2P1P3/3PQP2/PP3P2/3R1K2 b - - 9 37,g_base_s1,CONTROL,0,0,-272,216,10,2,691,1656,686,1549,23,30,75,-2,12,0,-49,0,-5,-39,-218,375,379,-535,-14,-36,-218,19,0,9
r5k1/pp4q1/1n1pP1b1/2p1n3/2P1p3/PQB1P3/1P2B3/1K4RR b - - 0 32,g_base_s1,CONTROL,0,0,179,-526,9,0,774,1803,696,1961,25,33,-286,0,10,0,-328,0,0,-256,8,706,-376,-608,5,-63,8,15,-63,11
r1r3k1/1bqp4/3bp2p/p4pp1/1PpPPn2/B1P2N2/P1QN1PPP/1RR3K1 w - - 1 20,g_base_s1,CONTROL,0,0,394,-136,0,0,557,1823,846,2366,20,27,-28,1,15,0,115,100,-3,-82,123,330,-402,-14,-1,78,123,15,15,15
br6/3pn3/1P2p3/P3Ppk1/2pP4/2P3P1/7K/5R2 b - - 2 47,g_base_s1,CONTROL,0,1,104,542,0,0,0,0,0,0,23,20,638,-2,10,0,436,0,0,79,-440,391,476,-6,0,16,-440,-51,-132,10
3r1kr1/5pp1/pN2qn2/2Pp2Bp/3PpQ2/1P2R3/P4PK1/6R1 b - - 7 27,g_base_s1,CONTROL,0,0,371,-412,0,8,815,1785,814,1107,21,30,-333,1,11,0,-61,0,0,28,120,21,-375,-32,2,202,106,-1,-12,14
r4b1r/np1k1pp1/1n2p2p/1P1pP3/3P4/5N2/3BNPPP/R1R3K1 w - - 3 20,g_base_s1,CONTROL,0,0,177,36,0,8,1315,1924,351,1146,28,22,0,0,12,0,164,-44,13,163,25,11,-15,0,0,142,25,-17,0,14
2kr1bnr/pp2pppp/2n5/3NP3/8/8/PP1P1PPP/R1B1K1NR w KQ - 1 10,g_base_s1,CONTROL,0,0,181,-34,0,3,527,1563,255,1704,18,16,0,1,13,0,129,0,8,67,121,23,-10,-25,0,20,121,-7,0,10
1k3r2/p6R/3bR3/6p1/3PK3/1r2B1P1/5P1N/8 b - - 3 37,g_base_s1,CONTROL,0,1,-342,-428,3,0,3,317,150,-550,28,28,-305,-1,5,0,-536,0,0,65,-169,-367,16,12,0,-29,-187,-16,0,4
4brk1/r3b3/4p1q1/3pP3/1p1P1pp1/1P6/3NNPP1/1R1QR1K1 b - - 1 32,g_base_s1,CONTROL,0,0,-346,336,0,1,595,2033,457,1654,35,19,56,0,10,0,-1,0,14,16,3,-701,738,16,19,-77,3,33,0,17
r1b1k2r/1p3pp1/2P1pq2/p2p3p/8/P1P5/2B3PP/RNB1Q2K b kq - 0 17,g_base_s1,CONTROL,0,0,300,-44,0,0,398,1716,453,1001,26,29,-75,2,12,0,138,70,22,40,292,-335,-379,553,3,5,292,61,-127,14
1q5k/8/6p1/4ppNp/p1Qp3P/8/3B2PK/1r6 w - - 14 45,g_base_s1,CONTROL,0,0,-970,102,7,10,689,267,730,730,32,29,75,-4,8,0,-573,73,4,189,-764,374,385,-560,10,-17,-797,-84,-69,4
5rk1/1pp3b1/r3b2p/5ppP/4p3/P1N1P1P1/1P3PB1/2B2K1R w - - 2 30,g_base_s1,CONTROL,0,1,29,-426,7,10,0,490,3,251,19,29,-258,0,12,0,-306,0,0,-13,-17,382,-70,-602,0,2,-17,-28,0,12
1r1q1rk1/4npb1/2p1b2p/p1P1p1p1/Nn1pP3/1P4P1/P2N1PBP/RQBR2K1 w - - 3 20,g_base_s1,CONTROL,0,0,-162,27,0,0,542,1735,838,2034,18,27,0,0,14,0,-82,0,0,-5,-40,-13,-26,-21,-6,23,-52,-5,-30,14
5nk1/3r1pb1/7p/BP2p1p1/P3P3/q3N1PP/2Q1BPK1/8 b - - 0 47,g_base_s1,CONTROL,0,0,255,-309,0,0,636,1460,560,632,28,30,230,-2,10,0,-31,0,0,-25,-306,-24,-365,560,-3,108,-307,-46,-77,9
3q4/1P4k1/3b4/1Q1PpB1p/6p1/4B1P1/5P1K/8 w - - 2 75,g_base_s1,CONTROL,0,1,554,632,0,0,8,-141,16,-413,36,26,333,1,7,0,864,0,0,249,298,0,490,0,86,-9,346,-18,178,13
r1bqkb1r/pppp1p2/2n2n1p/4p1p1/P3P3/2PP4/1P1NBPPP/1RBQK1NR b Kkq - 0 7,g_base_s1,CONTROL,0,0,86,-20,0,0,507,1840,345,1615,21,17,0,0,16,0,47,0,0,0,-10,13,9,14,2,18,-10,-18,0,13
4k3/1R1n2b1/8/r4ppp/P3p3/7P/5PP1/3R2K1 w - - 0 35,g_base_s1,CONTROL,0,1,-238,63,0,0,0,0,0,0,25,26,-75,0,8,0,-310,126,0,77,-22,-400,-484,597,0,0,-13,-53,7,7
1r4k1/5p1p/3p2pb/q1nPp3/p1P2B2/Q4N1P/2B2PP1/4R1K1 b - - 0 32,g_base_s1,CONTROL,0,0,-213,121,0,0,546,1601,718,2071,29,31,-333,1,11,0,-270,242,-8,-50,124,6,-402,1,1,0,124,-8,30,13
r1bqkb1r/pp1n1ppp/4pn2/2p5/2BP4/4PN2/PPQ2PPP/RNB1K2R b KQkq - 0 7,g_base_s1,CONTROL,0,0,-112,2,0,0,403,1715,596,2722,19,25,0,0,14,0,-70,0,0,19,-2,-1,-41,-5,-11,-10,-2,-21,0,10
5k2/6p1/p3b1Q1/3P1p2/4pq2/P1N5/1r6/3RK2R w - - 0 35,g_base_s1,CONTROL,0,0,245,175,25,11,763,1773,1328,1343,33,35,535,-2,6,0,220,138,-11,-181,-291,375,-382,560,-9,-33,-339,-46,-26,6
r5k1/pb1r1pp1/5q1p/1PB1pN2/1Q2P3/2R2P2/1P4PP/5BK1 w - - 3 30,g_base_s1,CONTROL,0,0,-44,482,0,0,1012,1802,485,1642,27,25,75,1,11,0,317,0,0,31,107,375,362,-519,-1,-7,107,7,0,12
7k/p1rq2p1/5p1p/1P1Pp3/7P/5PP1/Q4B2/5BK1 b - - 3 57,g_base_s1,CONTROL,0,0,53,-338,0,0,371,868,416,1350,25,29,-103,0,10,0,-248,0,0,52,-65,0,-741,560,4,-6,-65,26,-14,9
1rbqkbnr/pp1p1p2/2n1p1p1/2p4p/2P1PB2/3P1NP1/PP3PBP/RN1QK2R b KQk - 3 7,g_base_s1,CONTROL,0,0,19,-60,0,0,354,1757,655,2294,19,23,0,0,16,0,-1,0,0,-3,-5,-11,-35,20,-4,34,-5,2,0,14
7r/pp3k2/2q2p2/2p1pbp1/2P2r2/P2PRP2/1P1Q4/1K3RN1 w - - 2 35,g_base_s1,CONTROL,0,0,286,-325,0,0,311,1573,849,1064,19,33,-28,-1,11,0,-9,0,0,49,-127,334,-392,-41,-3,219,-127,-39,0,10
7r/3q4/5pk1/2R1p1p1/pp1r4/PP1PRP2/8/1K1Q4 b - - 1 62,g_base_s1,CONTROL,0,0,-415,417,0,5,762,853,649,1901,34,24,0,1,9,0,-19,0,10,-66,142,0,0,6,9,-176,142,92,0,16
4k3/3bbpp1/r1p5/1p2n2p/3NP2P/2PP2P1/P2R1P2/1K2R3 w - - 2 25,g_base_s1,CONTROL,0,1,183,-183,5,0,0,0,0,0,21,26,-103,2,12,0,30,0,0,-37,274,6,-845,596,0,0,274,26,0,14
q4k1r/2p2ppp/p2b1n2/8/Pp2p3/3P1NP1/1P2PP1P/R1BNK2R w KQ - 0 15,g_base_s1,CONTROL,0,0,127,-260,0,0,306,1765,519,1741,17,26,-82,0,14,0,-144,0,8,-7,0,341,-22,538,-1018,16,0,34,0,11
r3k2r/p3bpp1/2p4p/8/5B2/2PP1NPb/P4P1P/R3K1R1 b Qkq - 4 17,g_base_s1,CONTROL,0,0,-196,-2,0,0,316,1738,556,2282,23,21,28,-1,11,0,-159,0,-13,53,-145,-368,366,0,0,-13,-145,-18,0,7
2r5/5k2/p4pp1/2P4p/P4P1P/K5P1/3R1B2/8 w - - 2 45,g_base_s1,CONTROL,0,1,308,554,0,0,0,0,0,0,20,18,333,1,9,0,587,0,0,-23,205,0,417,-22,0,-14,205,-12,19,15
1r2k2r/2qpb1p1/1p6/pP1B1p1p/P4P2/1P6/R3Q1K1/2B2R2 b k - 2 32,g_base_s1,CONTROL,0,0,514,-431,4,10,481,1610,856,974,27,30,-333,2,10,0,132,0,7,-122,292,0,-379,9,-10,221,301,-30,9,13
8/2kpb2r/1p4p1/pP1B1p2/P4P1p/1P1R4/3B4/7K w - - 23 60,g_base_s1,CONTROL,0,1,-332,398,10,4,0,0,0,0,24,21,333,-2,10,0,36,0,0,21,-341,0,433,-22,0,-34,-341,24,-35,12
1rbr4/1p1pkppp/pN1Np1n1/2q1n3/4P3/6P1/PP1QB2P/1K3R1R w - - 0 20,g_base_s1,CONTROL,0,0,-202,152,4,12,1281,1887,721,1116,35,30,0,-2,12,0,-14,-130,5,901,-242,2,39,55,-6,139,-242,-36,0,8
5k2/4p3/pp3b2/2p4p/n1P2Pp1/6P1/2b1N3/4KNB1 b - - 4 47,g_base_s1,CONTROL,0,1,168,530,0,1,0,0,0,0,26,14,28,3,9,0,525,0,0,24,399,-379,504,0,0,0,399,28,16,15
1rbqkbr1/8/2n1pp1p/1ppn4/7P/2P2NP1/1P2QPB1/R1BR1NK1 b - - 1 17,g_base_s1,CONTROL,0,0,328,-293,0,0,702,2509,618,2034,26,27,0,0,10,0,-13,0,8,-51,12,24,-5,-46,-6,8,12,-8,0,12
2k1q2r/Q6P/2r4B/1p2p3/1P6/6P1/5P2/R5K1 w - - 4 45,g_base_s1,CONTROL,0,0,-216,410,0,15,822,1277,331,1679,31,26,-230,2,6,0,166,0,42,525,292,0,361,-560,17,56,292,26,132,12
1r4k1/3p1p1p/3P2p1/pbN5/8/4P1P1/r4P1P/2R1K1R1 w - - 5 30,g_base_s1,CONTROL,0,1,164,-246,0,15,0,0,0,0,24,26,-28,0,10,0,-57,0,0,-305,14,378,-434,-16,0,0,-11,28,-12,11
r2k3r/3p1ppp/bnp2b2/pNn5/Pp2N3/6P1/1P2PPBP/R1B2RK1 b - - 11 17,g_base_s1,CONTROL,0,0,88,208,0,0,572,2471,776,1621,26,22,0,1,13,0,140,105,8,-72,140,2,10,6,0,-18,140,16,0,13
r2q1r1k/pp2b1pp/2pN3n/2P1Pb2/8/1Q4P1/PP1P2BP/R1B3KR b - - 2 17,g_base_s1,CONTROL,0,0,-353,52,0,0,522,1390,830,1582,24,29,0,-2,12,0,-197,0,0,30,-260,-17,12,63,-13,18,-284,13,-30,6
6rk/pp2P1p1/2bP3p/P1p5/5B1P/1P4K1/8/8 w - - 3 45,g_base_s1,CONTROL,0,1,-211,-288,0,0,0,0,0,0,18,21,-563,0,10,1,-395,0,0,-43,233,0,-40,-606,0,19,233,57,177,20
2r1r1k1/1p6/3qb1p1/1Pp2pP1/2Pp1b2/P2Q1N1P/3BR1B1/5RK1 b - - 2 27,g_base_s1,CONTROL,0,0,95,-368,4,0,1010,2328,761,2288,27,27,-305,0,10,0,-233,0,0,39,92,-368,17,7,4,15,81,35,10,13
6k1/5b2/1p4pP/1Pp2pP1/2Ppq3/3N2Q1/8/5BK1 w - - 5 55,g_base_s1,CONTROL,0,1,-314,448,0,4,3,218,3,278,25,27,305,-1,9,0,192,-45,0,-28,-168,397,-4,0,-32,-1,-186,5,64,16
1r3rk1/3Q1ppp/4p3/qB1p4/3Pn1P1/2b1PN1P/PPbB1P2/R3K2R w KQ - 0 20,g_base_s1,CONTROL,0,0,435,-241,0,0,689,2203,982,1398,34,32,0,2,12,0,190,0,-32,-217,243,2,-20,-1,0,-34,243,15,4,13
1r2k2r/2qn1ppp/3bpn2/NQ1p1b2/3P4/2N1P3/PP1B1PPP/R3KB1R w KQk - 1 15,g_base_s1,CONTROL,0,0,40,95,0,0,646,2068,912,2708,25,30,0,2,12,0,175,0,0,-4,252,6,-53,-39,13,-4,252,20,4,10
4k3/p1b4p/b7/4PP2/3P1B2/PP2P2P/7r/RN1K4 b - - 2 27,g_base_s1,CONTROL,0,1,-790,-103,0,0,0,0,0,0,26,20,28,-5,9,0,-777,76,0,384,-871,-367,426,35,0,0,-871,-134,-117,2
q2r1rk1/p4pbp/1p2p1p1/8/Q4P2/P1N1R1P1/1P5P/2R3K1 w - - 1 25,g_base_s1,CONTROL,0,0,158,-289,1,0,643,2098,679,1394,30,25,-28,-1,11,0,-135,0,2,-66,-124,370,-381,20,-3,-19,-124,-12,0,9
1k1r1r2/ppp1p1b1/1nnqb1pp/1PN2p2/8/P2PPNP1/2Q2PBP/1RB2RK1 b - - 0 17,g_base_s1,CONTROL,0,0,396,-258,0,0,991,2457,751,1810,29,25,0,0,14,0,98,0,0,-62,4,-4,27,47,8,17,4,1,0,11
r1bqkb1r/ppp2p1p/6p1/3Pp3/2BnP3/2N2NnP/PPP3P1/R1BQK2R w KQkq - 4 10,g_base_s1,CONTROL,0,0,188,-44,0,0,797,2700,1049,1903,24,31,0,0,14,0,-1,104,0,-52,1,11,8,20,-1,-40,1,23,0,13
r1b1kb1r/pppn1p1p/3p2p1/3P4/3pPP1q/2N4P/PPP1K1P1/R1BQ1B1R w kq - 0 10,g_base_s1,CONTROL,0,0,-55,-3,2,0,510,713,666,1579,20,24,0,0,16,0,-172,75,0,-249,38,-2,7,24,-10,-230,38,28,0,16
rknR4/1p3p2/p1ppb3/8/6P1/1P1B3P/P1P1KQ2/8 b - - 4 37,g_base_s1,CONTROL,0,1,-635,-546,0,2,3,471,15,-485,14,34,-645,0,10,0,-960,0,0,0,-21,371,-7,-58,-1235,-10,-21,0,0,8
r1nr3k/1p2q1p1/7p/2p2p2/2Pp4/PQ3PPb/2BNP2P/3RK2R b K - 1 27,g_base_s1,CONTROL,0,0,-210,271,0,3,733,1298,396,1807,30,22,0,0,12,0,33,0,-8,120,3,-6,-2,33,11,-5,3,37,0,14
r2qk2r/1pp1nppp/3p1b2/p1nP4/8/5NP1/PP1QPPBP/R1BR2K1 b kq - 2 12,g_base_s1,CONTROL,0,0,3,-58,0,0,539,1893,534,1738,25,21,-28,0,14,0,-12,0,8,15,4,379,-323,-40,-7,-25,4,-3,0,10
2r3k1/3R1pp1/q4r1p/p6P/5P2/1P2PB2/P1Q2P1K/8 w - - 3 40,g_base_s1,CONTROL,0,0,-138,113,1,4,917,435,390,1500,35,27,-230,2,10,0,-70,0,15,23,239,0,390,-560,7,-147,239,20,0,13
r1bqk1nr/1pp2ppp/p1nbp3/8/P1pP4/2N1PNP1/1P3P1P/R1BQKB1R b KQkq - 2 7,g_base_s1,CONTROL,0,0,-4,21,0,0,518,2306,552,2163,24,20,0,1,15,0,100,-43,0,19,110,-13,17,-14,-3,4,110,9,0,13
r2q1bnr/pp1nk3/2p1ppQ1/3p4/N2P3p/4PN2/PPP2PPP/R3K2R w KQ - 2 15,g_base_s1,CONTROL,0,0,241,-269,0,0,725,2149,361,971,30,21,-333,1,15,0,-68,0,0,50,123,21,-362,14,10,126,123,7,0,11
3b1rr1/3k4/1n2p3/8/p1pPPqN1/1p4QP/1P3P1P/2R2RK1 b - - 7 42,g_base_s1,CONTROL,0,0,-464,497,3,0,657,1005,513,1321,30,22,333,-2,10,0,-29,104,-7,20,-213,-13,375,20,6,-204,-213,15,34,15
5b2/8/3kP3/3n3P/3r1p1P/1p3P2/1pp5/4R1RK w - - 1 70,g_base_s1,CONTROL,0,1,-208,-830,0,3,0,0,0,0,19,25,-75,0,8,0,-445,0,0,63,-206,-428,-396,628,0,-43,-180,-271,-234,14
1k4r1/1p2bp1p/p3p3/2p2p2/2Pn1P1P/PPR3P1/8/1KNr1N1R w - - 8 30,g_base_s1,CONTROL,0,0,242,-368,3,0,253,1753,913,1820,18,30,-28,-1,13,0,-117,0,-8,-49,-67,323,-379,0,0,6,-67,7,0,15
3r4/1p3pb1/k1n1p2p/p1p2p2/P1P2Pr1/1P3NP1/6R1/1KN2R2 b - - 13 57,g_base_s1,CONTROL,0,0,-86,371,3,3,1198,958,468,1999,30,19,28,2,12,0,185,0,29,19,164,-346,389,0,0,-22,164,-8,0,15
8/1k3p2/1p2p1r1/p1p2p2/P1Pn1P1b/1PNR4/8/1KN5 w - - 0 85,g_base_s1,CONTROL,0,1,-82,-369,3,3,0,0,0,0,17,28,-28,-2,10,0,-318,0,0,-4,-237,339,-419,11,0,-11,-237,-35,0,11
3r1k2/rp3p2/1N3q2/p1p2P1p/3nB3/4Q3/5P1P/1R4RK w - - 0 30,g_base_s1,CONTROL,0,0,-403,493,0,6,1026,1425,586,1648,36,28,333,-2,8,0,116,-42,22,173,-296,1,392,21,1,-4,-305,-2,-8,6
1r1nnrk1/1pp1qp1p/3p2p1/3Pp3/1P2P1QN/2N1P3/2P3PP/R4RK1 w - - 4 20,g_base_s1,CONTROL,0,0,136,23,0,0,830,1695,211,1499,33,17,0,0,14,0,115,0,9,26,-16,31,0,111,14,-25,-16,-38,0,15
r2r2k1/1p3p1p/3p2p1/1N6/PP2qP2/3p4/6PP/R2Q1R1K w - - 0 25,g_base_s1,CONTROL,0,0,-297,412,1,0,305,925,426,1382,26,29,305,-1,11,0,175,-42,-7,-14,-119,375,0,-24,-26,-31,-119,37,-84,11
2rnk2r/1p1b1ppp/p2P4/4p3/1n2P3/8/PP2BPPP/R1B2KNR w k - 0 15,g_base_s1,CONTROL,0,0,239,-46,0,0,345,1397,501,1634,24,26,28,1,13,0,166,0,-8,-31,184,-364,361,-36,0,20,184,0,63,13
r1b1k2r/pp3ppp/2n5/2q2p2/2p4P/8/PP1BBPP1/R2QK1NR b KQkq - 0 12,g_base_s1,CONTROL,0,0,223,-313,0,2,524,2061,166,1371,26,22,-333,2,12,0,-121,0,20,54,240,35,-387,-19,17,-7,240,7,0,12
8/6q1/p3p1rk/Pp3p1p/2p2P1P/4Q1P1/1P2B2K/3R4 w - - 1 40,g_base_s1,CONTROL,0,0,-162,506,0,7,690,741,437,451,31,23,333,-1,11,0,244,0,0,42,-145,0,388,0,13,-12,-145,-35,0,13
2b3k1/1p2b1q1/r1n5/p3pr1P/2Pp2N1/P2P1PP1/1PQN4/R3K2R b KQ - 0 22,g_base_s1,CONTROL,0,0,-286,242,10,0,714,2027,520,2167,26,24,361,-3,11,0,-82,0,0,-139,-404,-370,742,-2,-1,-46,-416,-40,-42,11
2b1k2r/1pp1b1p1/r1n1p3/2Pq1pNp/p2p2nP/P2P1NP1/1PQ1PPB1/1RB2RK1 b k - 1 17,g_base_s1,CONTROL,0,0,151,-37,0,2,891,2360,694,1921,27,22,0,0,16,0,24,42,8,2,8,4,-9,42,17,-38,8,-37,0,19
2b5/6R1/N1pk2p1/4p2p/3p1p1n/3P1P2/4PK2/8 w - - 2 45,g_base_s1,CONTROL,0,1,-446,-19,2,0,0,0,0,0,21,17,230,-3,9,0,-299,0,0,29,-480,6,-429,615,0,-11,-478,-41,-7,5
r2q1rk1/B2bpp1p/1p1P2pn/8/8/Q1P2P1P/P3BP2/R3K2R b KQ - 0 17,g_base_s1,CONTROL,0,0,-410,298,0,0,175,1344,301,1501,19,26,-28,-1,11,0,-39,0,-8,7,-87,340,-347,3,-7,59,-87,56,-63,7
r1bqkbnr/pp1npp1p/6p1/3P4/2pQ4/2N5/PP3PPP/R1B1KBNR b KQkq - 2 7,g_base_s1,CONTROL,0,0,-486,8,0,0,284,1411,581,2358,17,29,0,1,13,0,85,-425,0,-60,116,-23,-21,-4,-26,43,116,29,0,11
rn2kb1r/ppp2ppp/4b3/P3p3/3qP3/3P4/1P1B1PPP/R2QKBNR w KQkq - 1 10,g_base_s1,CONTROL,0,0,-43,-44,0,0,283,1491,639,2093,23,30,0,0,14,0,-6,-41,0,-39,-7,-5,-27,36,-25,21,-7,-18,0,13
8/1kp3pp/8/7P/3NP3/4KPB1/pn4P1/3q1B1R b - - 3 37,g_base_s1,CONTROL,0,1,-873,430,0,0,0,0,0,0,25,24,-279,0,8,0,-307,0,0,342,33,-56,-869,-597,1197,-14,51,-42,428,9
2krr3/p7/Nnp5/5bp1/P6p/8/6PP/R1R2B1K b - - 3 32,g_base_s1,CONTROL,0,0,314,33,7,3,809,2252,591,910,32,20,0,1,7,0,196,0,87,-272,159,2,26,0,0,10,159,2,-2,10
r3k2r/ppq1bppp/2pp1n2/4n3/N1PBP1b1/3B1N2/PP2QPPP/2R2RK1 b kq - 8 12,g_base_s1,CONTROL,0,0,-159,77,0,0,603,2613,765,2103,22,22,0,0,14,0,-70,20,8,-3,3,27,-11,-46,-3,-40,3,29,0,9
r5rk/5pp1/2pP3p/4Pq2/p2B1b2/5R1P/PP3P2/4RB1K w - - 7 40,g_base_s1,CONTROL,0,0,-122,-414,7,0,623,1865,596,958,26,30,-617,1,11,0,-506,0,-7,-70,172,0,358,8,-1027,-18,172,50,63,14
3r1bkr/2q2pnp/p6B/4p3/P1p1P3/2P2Q2/p4PP1/R3KB1R b K - 3 27,g_base_s1,CONTROL,0,0,60,-75,8,0,802,1325,433,1909,28,26,-28,1,11,0,79,-84,-15,-99,95,348,-375,-14,-8,35,95,-33,130,17
2r1k1r1/ppq2p1p/3bb1p1/1P6/P2pQ1n1/2P5/1B2PPPP/RN2KB1R b K - 9 22,g_base_s1,CONTROL,0,0,-243,252,0,0,820,2557,420,1577,30,24,0,-1,13,0,-32,2,0,-44,-130,24,68,62,-13,-42,-130,-25,0,10
r1r3k1/pp2pp1p/1q2b1p1/3pb3/2p3P1/2P4P/PPQ1PPB1/R1B2RK1 b - - 1 17,g_base_s1,CONTROL,0,0,200,121,2,3,851,2202,361,1463,30,23,0,1,15,0,265,0,0,72,130,0,29,59,11,37,130,18,0,14
r2q1rk1/1bp2ppp/1p2p3/p2n4/3P4/bPBBPN2/P3QPPP/1R3RK1 w - - 2 15,g_base_s1,CONTROL,0,0,116,-2,0,0,652,1876,545,1561,25,23,0,0,14,0,74,0,0,26,10,5,38,22,0,0,10,6,0,11
r4rk1/pbpn1ppp/1p1bpq2/8/2PPP2N/3n2P1/PBQ2P1P/RN3RK1 w - - 0 15,g_base_s1,CONTROL,0,0,-32,-264,0,0,471,1549,925,1961,21,28,-333,0,14,0,-443,220,-25,-62,7,-21,-380,-27,-12,-9,7,0,0,14
3r3k/3q3p/1p3p2/p1p1p3/P1P1Q3/5NP1/5PK1/7R b - - 9 42,g_base_s1,CONTROL,0,0,376,-413,10,3,484,895,567,873,29,30,-305,2,10,0,-67,44,-26,-97,278,-375,0,0,-5,35,278,21,0,14
2rr2k1/1pN2p1p/6pb/8/p2p1P2/P2P2Pb/1P1KP1B1/3R2R1 w - - 1 20,g_base_s1,CONTROL,0,0,41,-37,5,0,549,815,551,1714,25,22,-28,0,12,0,3,20,8,-66,25,357,-354,0,0,-25,25,7,0,11
r1kr4/1ppqpp2/1nn1bbp1/PNR4p/3p3P/1P1P1NP1/2QBPPBK/5R2 b - - 0 22,g_base_s1,CONTROL,0,0,578,-284,0,2,927,2260,1022,1555,23,30,0,0,14,0,159,75,0,-121,11,-5,14,24,2,112,11,3,0,13
r1bq1rk1/p4ppp/1pn1pn2/1B6/1b1P4/1QN1BN2/PP3PPP/R4RK1 b - - 3 12,g_base_s1,CONTROL,0,0,-93,-38,0,0,560,1741,708,1944,22,26,0,0,12,0,-91,0,0,-15,-4,-2,-18,-66,0,0,-4,26,0,8
2rk1r2/pp1b3Q/1q1pp1p1/n4p2/2PPN2P/P1PBP3/6P1/R4RK1 w - - 1 20,g_base_s1,CONTROL,0,0,19,263,0,4,831,1813,479,1980,33,25,0,1,13,0,107,103,-8,211,80,29,13,-4,-4,-6,80,-22,0,16
r2q1rk1/1p3pp1/p7/2Pn2Pp/Pn6/5N1P/1PbQNPB1/R1B1K2R b KQ - 0 17,g_base_s1,CONTROL,0,0,-520,-71,0,1,798,1562,545,1842,31,24,-333,-1,11,0,-430,0,-8,292,-115,-13,-335,-1,-2,37,-115,23,0,8
r2r1bk1/1p3pp1/pqn2nNp/2pp4/6P1/1P1P1N1P/P1PB1PB1/R2QR1K1 b - - 0 17,g_base_s1,CONTROL,0,0,43,-176,0,0,582,1893,904,2114,23,27,-333,0,14,0,-310,228,-33,-60,3,-1,-386,30,6,38,3,10,0,13
r1b3k1/1p3pbp/pq2p1p1/1NP1p2n/4P3/Q6P/PP2BPPB/3r1RK1 w - - 0 20,g_base_s1,CONTROL,0,0,403,149,0,0,521,1358,724,1576,25,26,-563,0,14,0,-526,1000,0,2,32,14,1,-579,2,4,32,-1,0,13
6k1/p5p1/1b5p/np6/2p2P1P/P2r2PR/1P1Nr3/1RB2K2 b - - 8 32,g_base_s1,CONTROL,0,0,-188,440,3,13,2073,1513,208,1659,33,16,0,0,10,0,16,119,-37,588,-7,-16,41,0,0,-3,-7,5,0,11
r1bqkb1r/pp3pp1/2n1pn1p/2pp4/8/P2P1NP1/1PPNPPBP/R1BQ1RK1 b kq - 1 7,g_base_s1,CONTROL,0,0,55,12,0,0,595,2187,414,1741,20,16,0,0,16,0,20,0,8,30,7,24,-2,-1,11,-19,7,-1,0,14
1r1k1r2/2q2pRB/1pnb1p2/p1p1p2Q/P1Np1P2/1P1P4/2PBR3/6K1 w - - 3 35,g_base_s1,CONTROL,0,0,-457,566,0,0,885,2598,551,2152,29,16,333,-2,12,0,212,-80,-13,-2,-234,-1,382,63,4,-2,-234,-40,0,11
rnb1r3/pp3kpp/3b1n2/q2P4/3Qp3/1PN1P3/PB2BPPP/R3K2R b KQ - 0 12,g_base_s1,CONTROL,0,0,-314,215,3,0,724,1804,746,2201,31,27,305,-2,12,0,-72,0,-8,-49,-261,338,31,0,-10,-169,-261,-26,-14,8
r1r5/6p1/5n1k/PR1PR3/4N1bp/4P3/5P1P/4K3 w - - 1 40,g_base_s1,CONTROL,0,1,293,-109,0,3,0,410,16,-198,25,30,-333,3,7,0,95,0,0,-62,540,8,-455,-1,0,3,564,7,81,12
rn2k2r/pp3ppp/4bn2/q3P3/2p1p3/1PN5/PB2BPPP/R2Q1RK1 b kq - 0 12,g_base_s1,CONTROL,0,0,179,-137,4,0,579,2286,623,1551,28,24,-28,1,13,0,46,7,8,-16,134,352,-339,-27,-3,-72,134,0,19,13
r1b1k2r/3pbppp/nBp1pn2/5q2/3P4/2N2N1P/PP2PPP1/R2QKB1R b KQkq - 0 12,g_base_s1,CONTROL,0,0,-178,-13,0,0,621,1956,691,1852,27,24,0,-1,13,0,-144,0,0,4,-111,-37,-9,-12,11,14,-111,8,-5,8
rn3rk1/1b1p1ppp/2p1pb1B/p1P5/Pp1PP3/5N1P/1P3P2/3RKBR1 w - - 4 20,g_base_s1,CONTROL,0,0,-219,142,0,0,691,2085,353,1453,27,18,0,-1,15,0,-108,0,16,-30,-132,28,8,23,0,-36,-132,-31,0,17
2k3rr/pp1bqp2/2npp3/2p1b2p/2P3n1/1PNPPBP1/PBQ1N2P/1R2K1R1 w - - 1 20,g_base_s1,CONTROL,0,0,95,-183,0,0,667,2704,862,2414,18,25,0,0,14,0,-64,-72,8,-109,-9,-11,2,-41,1,-6,-9,20,0,13
6r1/kp1b4/3p4/p1p1q3/2P1Pp1r/PP1P1QpP/R4NR1/5K2 b - - 3 47,g_base_s1,CONTROL,0,0,-140,515,0,11,684,662,359,1554,34,20,28,0,12,0,47,226,25,279,53,-362,393,17,8,-62,53,17,85,18
r1b1kbnr/qp1npp2/3P2p1/pBp3P1/5P1p/2N1BN2/PP2Q2P/2KR3R w kq - 3 20,g_base_s1,CONTROL,0,0,-493,585,0,5,942,2634,273,1440,27,17,0,-1,13,0,28,0,24,98,-107,48,74,41,12,-41,-107,-6,63,15
3r1kn1/3P2q1/1p2pn1r/2p1N3/p7/K1P2Q1P/P4R2/2B3R1 b - - 7 47,g_base_s1,CONTROL,0,0,1249,-559,7,7,563,1905,1000,901,25,35,-28,0,8,0,59,450,37,-740,2,341,-368,-14,-15,112,2,18,-130,11
q5k1/1p1brpb1/3Nn1p1/3p4/1B1P4/2P2P2/6P1/3QKB1R w K - 5 25,g_base_s1,CONTROL,0,0,96,-112,0,0,871,1546,654,1811,32,28,0,0,8,0,-15,0,8,61,26,-15,-1,-5,8,-27,26,16,0,8
2kr2r1/1p2p3/p1n1p1p1/2Pqb2p/Q3p2P/P1P1B1P1/1P3PB1/R3K2R b KQ - 4 17,g_base_s1,CONTROL,0,0,248,-187,6,7,1163,2358,548,2160,27,26,-28,0,14,0,18,0,38,39,-19,362,-364,20,17,3,-19,-60,0,15
4rrk1/1p4p1/n5p1/p1bp1b1n/8/PQ3N1P/1P3P2/RNB2K1R w - - 0 20,g_base_s1,CONTROL,0,0,446,102,7,0,356,1967,1219,2097,27,34,617,-1,9,0,433,71,-16,-23,-133,33,-409,-85,1029,-3,-151,27,4,6
r3r1k1/3n1pp1/2pqbn1p/p1p1p3/P1P1P3/3P1N1P/1RQBBPP1/4K2R b K - 3 17,g_base_s1,CONTROL,0,0,218,-115,0,0,735,2243,559,1915,25,26,-28,0,14,0,80,0,-8,15,-23,353,-350,46,11,44,-23,-31,0,15
3q2k1/2R5/rrpn1p2/p1p1pPpp/P1P3P1/2BPQB1P/5P2/6K1 w - - 6 45,g_base_s1,CONTROL,0,0,-453,15,0,9,1298,1748,499,1583,34,27,-202,0,14,0,-113,-296,28,211,-3,-369,760,-549,13,34,-3,0,0,18
r2r2k1/1pq2pb1/2n1b1pp/p1P5/4P1P1/P1PQ3P/4P1B1/RNB1KR2 w Q - 1 20,g_base_s1,CONTROL,0,0,381,-268,0,0,717,1953,789,2191,28,29,0,2,12,0,66,0,8,-112,202,-25,-36,-49,13,-39,202,-35,0,17
r1bqkb1r/pp2pp2/2n2npp/2pp4/1P6/P1P2NP1/2QPPPBP/RNB1K2R b KQkq - 0 7,g_base_s1,CONTROL,0,0,-5,49,0,0,567,1892,410,1812,21,20,0,0,16,0,4,0,0,15,14,35,-8,-2,-2,-32,14,-8,0,14
r2q1rk1/4bppp/4bn2/pPp1p3/4P1P1/P1NPBn1P/4NP2/RQ1K1B1R w - - 3 15,g_base_s1,CONTROL,0,0,140,-154,4,0,607,2397,1080,1897,24,30,0,1,13,0,2,0,8,-228,118,-3,-19,-21,-8,-65,118,12,40,17
r2qk2r/pp1b1ppp/3p1b2/4p3/2PpP3/P2P3P/1P3PP1/R1BQKB1R b KQkq - 1 12,g_base_s1,CONTROL,0,0,-26,32,0,0,438,1633,293,1532,24,22,0,0,16,0,-29,0,0,60,-12,0,19,-22,-3,-11,-12,-5,0,14
R4bk1/6p1/5P2/4p2p/3pP3/1r4P1/3B1PK1/8 w - - 0 40,g_base_s1,CONTROL,0,1,-160,38,0,0,0,0,0,0,31,23,0,0,8,0,-82,0,0,110,-108,0,7,7,0,11,-132,-19,-27,11
2r1r3/1p1n1p1k/p2q1npP/P2P1P2/8/1P3P2/3QN3/R4K1R b - - 0 32,g_base_s1,CONTROL,0,0,-127,481,15,6,850,1387,667,1919,32,32,305,-2,10,0,-40,265,5,91,-291,359,0,0,1,-110,-291,48,-92,6
3rr1k1/pp4pp/4p3/2p2p2/P4P2/1PqPR3/3NQ1PP/6K1 w - - 0 25,g_base_s1,CONTROL,0,0,-85,-332,0,0,419,1493,539,1380,17,30,-258,-1,13,0,-338,42,0,-33,-136,364,0,-560,-6,0,-136,-15,0,12
rn1qk2r/1p3ppp/2pp4/p3P3/2P5/3QPN2/PP1K1PPP/R6R b kq - 0 12,g_base_s1,CONTROL,0,0,25,-90,3,0,138,1309,540,1258,20,25,0,-1,15,0,-15,0,-20,49,-111,-32,0,-64,-18,210,-111,-2,0,11
r1bqk2r/1p1pbppp/2p5/p1n1P3/2P5/4PN2/PPQNBPPP/3R1RK1 b kq - 6 12,g_base_s1,CONTROL,0,0,-64,-159,0,0,333,1548,671,1871,21,24,28,-1,15,0,-184,0,8,-34,-110,-342,361,-58,-5,-30,-110,-17,0,10
2r1k3/1p3pp1/2q2b2/1pP5/1P2PBPr/5P2/P2R4/1R4K1 b - - 2 32,g_base_s1,CONTROL,0,0,204,539,7,2,642,1818,1046,2362,31,30,950,-2,10,0,694,0,-13,0,-327,0,-2,0,1023,0,-327,0,0,6
3rkb1r/pp3pp1/4bn2/3p1n1p/1q3N1P/2N1B1P1/PP3PB1/R2QR1K1 w k - 2 15,g_base_s1,CONTROL,0,0,-211,173,0,0,824,2295,882,2539,26,29,0,-1,11,0,-128,131,-8,-30,-156,3,24,-15,-3,18,-174,24,4,8
5bk1/1p6/2n1q1p1/P5Rp/8/3Q2P1/1P3P2/3R2K1 b - - 5 42,g_base_s1,CONTROL,0,0,-342,-469,6,3,494,1528,648,1601,32,34,-488,-1,7,0,-504,-42,6,-242,-122,375,379,-1120,3,-19,-122,5,0,6
1R6/4R1pk/2B2p1p/p2n4/6q1/1Q1P1NPb/PP5P/6K1 w - - 2 30,g_base_s1,CONTROL,0,0,1516,431,14,9,1301,1665,820,290,38,26,1126,1,9,0,1325,0,-30,0,130,-3,-12,1120,-10,100,130,0,0,7
4r3/1ppk2p1/1p1p2p1/4n3/P1P5/1P5P/5BP1/3R2K1 b - - 0 27,g_base_s1,CONTROL,0,1,-115,91,6,12,0,0,0,0,22,20,-28,1,11,0,-24,0,0,-21,32,398,-434,-36,0,16,32,-20,0,9
3qr1k1/1p3ppp/1pp5/4n3/3r1Bb1/2P3Q1/PP4PP/R4RK1 w - - 0 20,g_base_s1,CONTROL,0,0,-186,-102,0,0,309,1437,1141,1806,20,33,-305,-1,11,1,-527,280,0,-77,-101,-371,-1,-20,0,-33,-101,0,0,6
rn2k3/pp3p1p/2p5/3pP3/5pr1/2PP2P1/P1P4P/R1B2RK1 w q - 0 15,g_base_s1,CONTROL,0,1,-66,164,0,0,0,0,0,0,20,17,28,0,14,0,28,70,0,-22,5,-363,395,-9,0,0,5,8,-19,13
rnbqk2r/pp3ppp/2p2n2/b3P3/1P3p2/P1pP1N2/2P1B1PP/R1BQK2R w KQkq - 0 10,g_base_s1,CONTROL,0,0,32,-178,1,0,418,1833,553,1955,21,25,-305,-1,15,0,-411,245,0,-59,-87,-345,21,20,-8,-12,-87,-8,0,14
1r4k1/R3p3/3q4/N5p1/2P2p2/2bPB1P1/4PPK1/7R w - - 0 30,g_base_s1,CONTROL,0,0,456,-165,9,3,829,722,705,1761,31,37,-82,2,8,0,143,0,0,22,296,358,-9,560,-1030,-33,323,42,1,9
2r1k1r1/3qppbn/1pbp4/1Np2P1p/P1P1PBnN/R2P2PK/6B1/2Q1R3 w - - 4 30,g_base_s1,CONTROL,0,0,-98,-15,8,0,957,1364,867,2073,27,27,0,0,12,0,-146,0,-8,-152,-4,-1,3,-18,-4,-121,-4,-2,0,17
3k4/4p3/6P1/r1p5/bnP2pp1/2Qn4/7K/R7 b - - 0 57,g_base_s1,CONTROL,0,1,749,-175,0,8,0,350,8,-215,26,28,-7,2,6,0,412,0,0,17,342,791,429,-10,-1156,17,336,90,-205,12
r4bk1/5p1p/r2p1Bp1/qp2p1P1/1pn1PPRP/8/PPP2Q2/1KNR4 w - - 0 30,g_base_s1,CONTROL,0,0,297,-148,4,5,909,1375,564,1423,29,25,0,0,14,0,38,0,92,-322,41,-17,16,-18,8,9,41,68,0,16
rn1qk1nr/pp1bbppp/3pp3/8/3NP3/2N1B3/PPP1QPPP/R3KB1R b KQkq - 3 7,g_base_s1,CONTROL,0,0,-20,-58,0,0,215,1543,676,2196,18,24,0,0,14,0,-38,0,0,-26,0,-48,-11,-9,-8,37,0,19,0,9
r2q1rk1/pbnpppb1/1p4p1/2p4p/2P2BnP/1QNP1NP1/PP2PPB1/2R1K2R b K - 11 12,g_base_s1,CONTROL,0,0,-259,80,0,0,719,1854,818,2688,24,23,0,0,16,0,-132,0,-8,31,-1,-21,6,-63,-7,-45,-1,-7,0,14
1r2k2r/5p2/p1qpp1p1/2P1b2p/2p1N2P/P2P2P1/3QPP2/1R2R1K1 b k - 0 27,g_base_s1,CONTROL,0,0,322,-68,0,0,626,2231,510,1676,31,26,28,0,14,0,94,100,8,-203,0,-357,395,15,9,33,0,-2,16,16
r3k2r/pp2pp2/q4b2/3pNP1p/nQpP1B2/2P1P2P/P1P2P2/R3K1R1 w Qkq - 0 20,g_base_s1,CONTROL,0,0,97,106,0,6,1077,2237,411,1677,34,26,0,1,15,0,119,0,28,187,69,26,9,14,2,-1,69,-26,0,16
r3k2r/pp1npp2/1qp2npb/3p1b1p/2PP1B2/2N1PN1P/PP2BPP1/R1Q1K2R w KQkq - 3 10,g_base_s1,CONTROL,0,0,-72,78,0,0,798,2403,835,2178,24,28,0,0,16,0,-34,0,0,37,0,17,15,-38,-6,-21,0,1,0,14
8/R1nkpp2/B3n1p1/1N5p/p2P3P/1b6/5PP1/6K1 b - - 15 37,g_base_s1,CONTROL,0,1,297,-164,0,0,0,0,0,0,22,17,-258,1,9,0,13,20,0,-176,207,387,46,-643,0,16,231,32,29,11
r7/3qppbk/3p1npp/3p4/1NnP1BP1/r4N1P/P1Q1PP2/2RR2K1 b - - 8 27,g_base_s1,CONTROL,0,0,-293,195,6,0,868,1257,750,2419,32,29,0,0,12,0,-133,0,0,26,-4,-9,-26,0,-8,-88,-4,26,-5,11
r2qkb1r/ppp1pp2/3pbnp1/n6p/2PPP3/1PN3PP/P4PB1/R1BQK1NR w KQkq - 1 10,g_base_s1,CONTROL,0,0,-213,210,0,0,648,2168,471,1937,23,19,0,0,16,0,-43,0,0,22,12,10,3,-11,6,-63,12,-3,0,17
r1bqkb1r/ppp4p/3p2p1/1P3n2/3p4/3P4/P1P1BPPP/RNBQ1RK1 w kq - 0 10,g_base_s1,CONTROL,0,0,-60,78,0,0,222,1331,430,1895,20,20,0,0,14,0,65,0,-8,21,23,-28,-2,1,-5,76,23,-15,0,11
8/6kp/1q2b1p1/3pPnP1/5P2/2Q5/4N2P/r1B2K1B b - - 3 37,g_base_s1,CONTROL,0,0,-502,327,6,4,865,515,788,1739,38,28,230,-1,7,0,-40,0,-20,433,-162,13,-363,560,-10,-78,-144,-49,-17,6
1k4rr/1q6/2Qp4/1R2b1p1/3p2P1/3P3P/P2N1P2/4R1K1 b - - 0 27,g_base_s1,CONTROL,0,0,1445,-486,15,2,587,1482,1020,1934,28,33,28,-2,8,0,-307,1104,-73,-834,-250,-373,388,2,-12,-62,-250,-1,-5,9
