fen,ours,sf11,sf18,err,top_term,top_val,ks,verdict,cls
r2q2r1/pppkn3/3p3Q/4n1N1/2b1PB2/2N5/PP3P1P/R5KR b - - 11 19,5.39,-4.01,-3.57,8.96,king_safety,2.88,2.88,FIXABLE,positional
r5k1/5p1p/p1pr4/P3p3/4Pqp1/3B1P2/2P1KQ2/R6R w - - 0 36,-1.97,1.94,4.62,-6.59,king_safety,-2.7,-2.7,FIXABLE,positional
2r2b1r/pp2nkpp/1n6/1qp3B1/4Q3/3P2P1/PP2PP1P/R4RK1 b - - 1 16,1.09,-1.69,-4.69,5.78,king_safety,4.68,4.68,FIXABLE,material
4r3/pp6/6k1/2pPqb2/4P3/5Q2/PpPN2Br/1R2K3 b - - 13 27,1.89,-3.99,-3.68,5.57,king_safety,1.98,1.98,FIXABLE,positional
r3q1r1/1p2ppkp/8/p2P1bP1/2n4Q/2N2N2/PP3P2/3RK3 b - - 1 21,0.73,-5.26,-4.31,5.04,king_safety,4.86,4.86,FIXABLE,material
4rk2/1b2qp1r/1p3n2/p5Rp/2N1pQ2/P7/1PP1B3/1K4R1 w - - 6 39,0.37,1.18,5.01,-4.64,king_safety,1.44,1.44,FIXABLE,positional
1rb1k2r/2pn1qpp/p7/1p6/3QP3/B1P4P/P1P2PP1/R3K2R b KQk - 1 15,1.28,-2.2,-2.29,3.57,king_safety,2.52,2.52,FIXABLE,positional
r1b1r1k1/pp3qp1/1bp2nNp/3p4/5Q2/2PBBP1P/PP4P1/R3R1K1 b - - 2 21,3.26,0.39,-0.17,3.43,king_safety,2.16,2.16,FIXABLE,positional
3rk1nr/ppq1bpp1/2n1P3/1Bp3p1/4Q3/5N2/PPP2PPP/R4RK1 b k - 0 15,-0.37,-2.61,-2.19,1.82,king_safety,1.8,1.8,FIXABLE,ks_attack
3r4/1p1P2k1/2p3p1/2P2pqp/1P6/P2R4/5PBb/3Q1K2 w - - 1 37,0.14,1.26,1.34,-1.2,king_safety,-2.28,-2.28,FIXABLE,positional
1br4k/1q4p1/2npPP1r/p1pN2Qp/Ppb1B3/1P1P3p/5R2/5RK1 w - - 0 32,-0.31,4.18,13.5,-13.81,pieces,-5.26,0.0,FIXABLE,ks_attack
4kr2/1pq1p3/1n4R1/1P1pPB2/3p3P/2P1bNQ1/1P2K3/8 w - - 1 29,-4.63,1.5,5.4,-10.04,imbalance_black,-2.87,-2.16,FIXABLE,material
1n2r1k1/rP2Pppp/2p2n2/p1N5/8/P5Q1/2q2PPP/3RR1K1 w - - 3 24,-1.56,0.99,7.31,-8.87,pieces,-1.69,0.0,FIXABLE,ks_attack
r2qk3/p2p1p2/np1Pp2b/1Np5/2P4p/PP1BPQ2/1B1K3P/8 w q - 0 25,-1.24,2.14,7.34,-8.58,pieces,-3.74,2.16,FIXABLE,ks_attack
4r2k/1p3rpp/8/p3PN2/Pn3B2/6P1/1P3P1q/RQ1K1B2 b - - 0 22,2.19,-0.81,-5.48,7.67,pieces,2.64,-1.98,FIXABLE,positional
r7/B2q1k2/1P1b1n2/1Q6/6r1/P1NP1b1p/1P2RP1P/2R2K2 b - - 4 30,0.07,-3.48,-7.03,7.1,kaufman_imbalance,-3.17,1.26,FIXABLE,ks_attack
r1b3rk/1p2R1p1/1b1p1p1p/3p1P2/pP1p3P/B2B4/P1P2P1K/6R1 w - - 8 29,-2.17,0.75,4.62,-6.79,pieces,-2.83,0.0,FIXABLE,ks_attack
8/7K/4bk1P/8/8/8/8/8 w - - 1 72,-6.69,0.13,-0.14,-6.55,pieces,-4.28,0.0,FIXABLE,ks_attack
r3nk2/1R2Np1r/3P3p/6p1/p1Q5/6P1/5PK1/q1B5 w - - 4 32,-1.18,1.41,5.34,-6.52,pieces,-3.51,2.52,FIXABLE,ks_attack
1r1r2k1/pP2ppb1/6p1/q2b1P2/2p1p1PQ/N1P1B3/PP6/R3K2R w KQ - 1 25,-0.61,4.68,4.92,-5.53,pieces,-1.18,0.72,FIXABLE,positional
r2q1rk1/bp3ppp/2R5/6N1/1n3P2/1Q1P2P1/PP4BP/4K1NR b K - 0 21,2.69,-10.65,-2.6,5.29,pieces,5.39,-2.34,FIXABLE,positional
r2q1rk1/1b1nbpp1/7p/3pP3/1B1Q1PP1/2N4P/P7/R3K1NR b KQ - 0 20,1.27,-1.52,-3.97,5.24,capture_gains,1.27,0.0,FIXABLE,positional
r1k2b1r/p1p2q2/P1np2pp/1p3b2/R2P2n1/2N1B3/1P2NPB1/3Q1RK1 w - - 0 21,-2.1,1.3,3.05,-5.15,pieces,-2.43,0.0,FIXABLE,positional
5k2/8/5PK1/8/8/8/8/8 b - - 14 80,5.1,0.0,0.0,5.1,AE,1.54,0.0,FIXABLE,positional
3rk2r/5pp1/pR3b1p/3p4/2p1n3/4BNPP/2N2PK1/3R4 w - - 0 25,-1.09,1.88,3.97,-5.07,passed_pawn_support,-1.72,0.0,FIXABLE,positional
1rb2rk1/q3bpp1/4p2p/2p4P/N2pP3/PB6/1PPQ1PP1/1K1RR3 b - - 1 21,1.03,-0.75,-3.61,4.64,pieces,1.4,0.0,FIXABLE,positional
2rr2k1/Qpp2p1p/3qbbp1/1P6/3NB3/P3P3/1n1P1PPP/RN2K2R b KQ - 0 18,0.38,-0.85,-4.18,4.56,pieces,1.56,0.0,FIXABLE,positional
5rk1/8/3pbp1R/q1p1n1p1/P1PnP1P1/P1NPQ3/1r3N2/2RBK3 b - - 0 35,1.23,-4.54,-3.13,4.36,pieces,1.16,-0.18,FIXABLE,ks_attack
2k5/pp1r2pp/1qn2r2/1Nbp1b2/8/5NBP/PP3PP1/R1R2QK1 w - - 3 23,-1.61,1.04,2.69,-4.3,kaufman_imbalance,-0.74,0.0,FIXABLE,ks_attack
r1b3r1/5k2/1b6/3p4/1PnP1BpP/2R3P1/2N2P2/2K1R3 b - - 2 36,0.38,-1.93,-3.6,3.98,kaufman_imbalance,-2.3,0.0,FIXABLE,positional
5rk1/2pnqpp1/3p3p/1P6/1B6/2P3PP/P2NPP2/3R1K1R b - - 3 25,1.34,-1.24,-2.13,3.47,kaufman_imbalance,-1.67,0.0,FIXABLE,positional
1r2r3/p1B2ppk/5n2/1qb2P1p/8/1PP5/P1QR1PPP/3R2K1 b - - 2 29,0.26,-0.89,-3.21,3.46,kaufman_imbalance,-1.7,0.0,FIXABLE,ks_attack
7r/3k3P/b5p1/p2Pbp2/1p6/1P4PR/1r1B4/2NRK3 b - - 1 43,-0.35,-1.01,-3.65,3.3,passed_pawn_support,1.01,0.0,FIXABLE,ks_attack
q4rk1/2b2p1p/p1b3p1/2Q5/3P1P2/4B1P1/1P2N2P/R5K1 b - - 0 25,1.83,0.6,-0.7,2.53,pieces,1.28,0.0,FIXABLE,positional
8/2b5/5k2/2N3pp/3pK3/3N1PpP/8/8 w - - 4 79,0.53,1.07,2.25,-1.72,pieces,1.55,0.0,FIXABLE,ks_attack
8/8/3rp1k1/5p2/2Q2P2/6Pp/R6K/3q4 w - - 1 51,-1.41,-0.55,0.0,-1.41,imbalance_black,-1.92,-0.24,FIXABLE,positional
r3rnk1/pp1n1p2/1b2bq1Q/3p3N/2pP2P1/2P2N1P/1RB2P2/5K1R w - - 3 23,9.27,-1.9,6.52,2.75,capture_gains,10.0,3.06,WE_BEAT_SF11,ks_attack
4kb1r/pp2ppp1/1np1bn1p/q1N5/2p1r2P/2N3B1/PP2BPP1/R1Q2RK1 w k - 2 17,1.25,-0.17,3.98,-2.73,capture_gains,5.0,0.0,WE_BEAT_SF11,positional
1r4k1/3bb2p/q3pp1P/4n1B1/P1rNQ3/2N3P1/1P3PK1/R6R b - - 2 34,-2.52,1.59,-4.58,2.06,capture_gains,-5.61,3.24,WE_BEAT_SF11,positional
r1b3k1/pppp2pp/4nB2/8/8/3B1p2/PPP2P1b/4RKR1 w - - 0 25,0.77,-0.43,1.02,-0.25,kaufman_imbalance,1.41,0.0,WE_BEAT_SF11,ks_attack
