fen,stratum
r2qk2r/pb1nbpp1/7p/2Pp4/1P1Q2P1/2NpPP1P/P7/R1B1K1NR w KQkq - 1 15,overpush
1r2kb1r/3n1pp1/P1Q1p2p/p2p4/2pq4/B7/P3BPPP/RN3RK1 b k - 3 17,overpush
4k2r/1p5p/2p3pb/p1p4P/P1P1Pp1q/1NNr1Q2/1P3P2/R4RK1 w k - 1 24,overpush
8/1b2rpk1/6P1/2Q4p/1P2r1nP/q4NP1/3PP1R1/3RK3 w - - 0 35,overpush
r4r1k/pp4pp/2pP3n/1q2Pb2/8/2Q3P1/PP1P2BP/R1B3KR w - - 3 20,overpush
r1bRnk1r/1p2b1pp/4p3/p3Np2/2N2BP1/2PQ3P/qP3P2/2KR4 b - - 2 19,overpush
rn1q1rk1/1p3pb1/p2p2pp/2pP3n/2P3b1/1Q1BBN2/PP3PPP/RN3RK1 w - - 7 13,overpush
6k1/b1N4p/4p3/PP6/R7/7p/1P2K3/6r1 w - - 3 44,overpush
6k1/5pp1/5p1p/bR1P4/4P3/4KP1P/r5P1/2r2B1R w - - 1 33,overpush
1br2k1r/ppq2pp1/2b1pn2/3pP2p/1P1P3B/4P2P/P1R3P1/RB1Q2K1 b - - 0 21,overpush
r1bqk2r/1p2npp1/p2b3p/8/3PQ2P/5N2/PP3PP1/R1B1KB1R w KQkq - 2 14,overpush
r7/3Q1pk1/2P2q2/4b3/2P5/p2P3P/Rr3PP1/4R1K1 w - - 5 40,overpush
5bk1/1r6/5Pb1/q6p/2PB4/1P6/1Q6/3K2R1 w - - 1 53,overpush
r1bqr1k1/pp3ppp/3b4/2p1n3/PnB5/1P2PN1P/3N1PP1/RQBR2K1 b - - 1 16,overpush
8/7k/6p1/pNP5/P1qP1P2/6p1/3B2Pn/R5K1 w - - 1 38,overpush
rn3k1r/1b1pbpp1/p4q2/3P4/1p3N2/2P2NP1/4QPB1/R3R1K1 b - - 4 19,overpush
1rbq1knr/pp2bp2/2npp1p1/2p1P3/2P2B1P/2NP1N2/PP3PBP/R2QK2R w KQ - 1 11,overpush
r2r2k1/pb4pp/4p3/1N6/2B5/4PN2/PP5P/4K2R w - - 1 20,overpush
rnb2rk1/p3bppp/5n2/3pp3/2NqP3/1PNBB2P/1PQ2PP1/R3K2R w KQ - 0 17,overpush
r4knr/1p3p1p/p2p4/2pNp2R/4P1Q1/1P1PB3/2q3P1/6K1 b - - 1 19,overpush
5rk1/1p2pp1p/8/5Qp1/P2P4/Pqr1P1P1/6BP/K1R4R w - - 0 28,overpush
7b/2k2N2/7B/4PpP1/2K2P1p/4r3/8/8 w - - 0 57,overpush
1rr3k1/1b3p2/1p1ppqpp/pPb5/3N4/P3P1P1/1P2QPBP/R2R2K1 b - - 1 19,overpush
3q1rk1/1p3ppp/3Rb3/r3Q1b1/2pP4/P1N2N2/P1P2PPP/4K2R w K - 1 20,overpush
6k1/4bp2/1n6/p3P1pp/4P3/PN2P3/KP5P/4r1NR w - - 2 31,overpush
4rrk1/pb2q1bp/1ppp1pp1/3Pn1P1/Q1P1N2P/P1N1P3/1P3P2/R1B2K1R w - - 0 19,overpush
1r2k2r/p2n2b1/3np1p1/1P3p1p/8/B1N3P1/R2NKP1P/2R5 b - - 0 22,overpush
5r2/3q4/1kp3B1/4b1Pp/1PnnQ1bP/2N5/2P2P2/2K1B1NR w - - 0 37,overpush
8/q4k2/4N3/3p1P1p/3Pn3/1P2r1P1/6R1/1R1K1B2 w - - 0 51,overpush
rnbqk2r/pp3pbp/6p1/2pn4/5N2/4P1P1/PP1P1PBP/R1BQK2R w KQkq - 0 10,overpush
2r1k2r/2nNq1pp/4p3/1pp2p2/2P2P2/1pP3P1/1K1RQ2P/3R4 b k - 3 26,overpush
r1b2knr/3nb1pp/p1p1p3/2P1qpN1/Pp6/4BQ2/1P1N1PPP/2KR1B1R b - - 1 16,overpush
r1b2rk1/1pR4p/q3ppp1/p6P/3QB3/6P1/5PK1/2R5 b - - 0 31,overpush
r3k1r1/pp1n3p/3Bp1p1/1B1p4/3Qn3/7P/2q3P1/2R1R2K b q - 1 25,overpush
8/3k4/3P4/2p1Ppp1/2P5/1r4P1/p4K2/3R4 w - - 1 46,overpush
r2k1b1r/1b2q1pp/ppnppn2/2p5/2P1N3/1P2PB2/P4PPP/RNBQ1RK1 b - - 7 12,overpush
r2qk2r/1pp1bppp/2b2n2/n7/2pP4/P1N2N1P/2Q1BPP1/1RB1K2R b Kkq - 3 14,overpush
rnr3k1/p2p1ppp/1p2pn2/8/2qN4/P1B2QP1/1P2PPKP/R4R2 b - - 1 15,overpush
5knr/p4pbp/b2P2p1/1q1Pn3/6P1/7P/PBQ5/2KRR3 b - - 2 25,overpush
8/8/R7/4p3/2P1kb2/1P5P/P1r5/5NK1 w - - 1 67,overpush
8/1p3p2/p5n1/7k/4P1p1/P3BP2/1PK3P1/8 w - - 2 39,overpush
6k1/3r3n/1p2R3/p6q/2P5/PP1p1P2/5P1P/3Q1RK1 w - - 2 27,overpush
2kr4/8/p5p1/P6p/qPnBP1P1/1bP4P/4QP2/1K5R w - - 0 32,overpush
rnb1k2r/1p5p/1np1p1pB/p4P2/2pq4/5QP1/PP3PBP/RN3RK1 b kq - 0 14,overpush
8/8/5Q2/6P1/2p3K1/3q4/5P1P/4k3 w - - 0 53,overpush
r1b2rk1/p1q2pp1/2pb1n1p/2p1N3/Q3P3/2PP1N2/PP4PP/R1B1K2R w KQ - 3 13,overpush
1r3rk1/pQ2pbbp/5pp1/3p4/3P1qP1/5N1P/PP1N1P2/2KR1B1R w - - 3 20,overpush
r2qnrk1/4bppp/p7/1ppPR3/8/2NB1Q1P/PPP2PP1/2K4R w - - 0 19,overpush
4r3/5p2/5R2/2Ppp1P1/P2P2p1/4P3/K6k/8 w - - 2 52,overpush
Q7/2q2ppk/7p/3p1P2/1B1Pr1n1/2P5/1P4PP/5RK1 w - - 3 34,overpush
r3k2r/pR2pp1p/2p5/3p4/3Pp3/8/2PN2PP/q2QKR2 b kq - 2 20,overpush
rnb1k1nr/4b1p1/p1p5/1p1q1pPp/3p4/3B2N1/PPPBQP1P/1K2R1NR b kq - 1 16,overpush
r1br2k1/1p3pp1/1p2pn1p/1P1P4/P2P4/R6P/2BN1PP1/4K2R w K - 1 22,overpush
