overpush_fen,our_move,opp_fen,refutation,pv
r2qk2r/pb1nbpp1/7p/2Pp4/1P1Q2P1/2NpPP1P/P7/R1B1K1NR w KQkq - 1 15,a2a3,r2qk2r/pb1nbpp1/7p/2Pp4/1P1Q2P1/P1NpPP1P/8/R1B1K1NR b KQkq - 0 15,e8g8,e8g8 a1b1 f8e8 e1f1
1r2kb1r/3n1pp1/P1Q1p2p/p2p4/2pq4/B7/P3BPPP/RN3RK1 b k - 3 17,d4a1,1r2kb1r/3n1pp1/P1Q1p2p/p2p4/2p5/B7/P3BPPP/qN3RK1 w k - 0 18,a6a7,a6a7 a1e5 a7b8q e5b8
4k2r/1p5p/2p3pb/p1p4P/P1P1Pp1q/1NNr1Q2/1P3P2/R4RK1 w k - 1 24,f3d3,4k2r/1p5p/2p3pb/p1p4P/P1P1Pp1q/1NNQ4/1P3P2/R4RK1 b k - 0 24,h4g4,h4g4 d3g3 f4g3 c3e2
8/1b2rpk1/6P1/2Q4p/1P2r1nP/q4NP1/3PP1R1/3RK3 w - - 0 35,g6f7,8/1b2rPk1/8/2Q4p/1P2r1nP/q4NP1/3PP1R1/3RK3 b - - 0 35,a3f3,a3f3 c5c3 e4e5 c3f3
r4r1k/pp4pp/2pP3n/1q2Pb2/8/2Q3P1/PP1P2BP/R1B3KR w - - 3 20,d2d4,r4r1k/pp4pp/2pP3n/1q2Pb2/3P4/2Q3P1/PP4BP/R1B3KR b - - 0 20,f5e4,f5e4 a2a4 b5e2 c3d2
r1bRnk1r/1p2b1pp/4p3/p3Np2/2N2BP1/2PQ3P/qP3P2/2KR4 b - - 2 19,e7d8,r1bbnk1r/1p4pp/4p3/p3Np2/2N2BP1/2PQ3P/qP3P2/2KR4 w - - 0 20,d3d8,d3d8 a2a4 f4g5 h7h6
rn1q1rk1/1p3pb1/p2p2pp/2pP3n/2P3b1/1Q1BBN2/PP3PPP/RN3RK1 w - - 7 13,b3b7,rn1q1rk1/1Q3pb1/p2p2pp/2pP3n/2P3b1/3BBN2/PP3PPP/RN3RK1 b - - 0 13,b8d7,b8d7 b1d2 f7f5 h2h3
6k1/b1N4p/4p3/PP6/R7/7p/1P2K3/6r1 w - - 3 44,c7e6,6k1/b6p/4N3/PP6/R7/7p/1P2K3/6r1 b - - 0 44,h3h2,h3h2 a4h4 h2h1r h4h1
6k1/5pp1/5p1p/bR1P4/4P3/4KP1P/r5P1/2r2B1R w - - 1 33,b5b8,1R4k1/5pp1/5p1p/b2P4/4P3/4KP1P/r5P1/2r2B1R b - - 2 33,g8h7,g8h7 b8b3 a5d2 e3d4
1br2k1r/ppq2pp1/2b1pn2/3pP2p/1P1P3B/4P2P/P1R3P1/RB1Q2K1 b - - 0 21,a7a6,1br2k1r/1pq2pp1/p1b1pn2/3pP2p/1P1P3B/4P2P/P1R3P1/RB1Q2K1 w - - 0 22,a2a4,a2a4 f6d7 b4b5 d7e5
r1bqk2r/1p2npp1/p2b3p/8/3PQ2P/5N2/PP3PP1/R1B1KB1R w KQkq - 2 14,h4h5,r1bqk2r/1p2npp1/p2b3p/7P/3PQ3/5N2/PP3PP1/R1B1KB1R b KQkq - 0 14,e8g8,e8g8 c1d2 f8e8 f1e2
r7/3Q1pk1/2P2q2/4b3/2P5/p2P3P/Rr3PP1/4R1K1 w - - 5 40,a2b2,r7/3Q1pk1/2P2q2/4b3/2P5/p2P3P/1R3PP1/4R1K1 b - - 0 40,a3b2,a3b2 d7g4 g7h6 d3d4
5bk1/1r6/5Pb1/q6p/2PB4/1P6/1Q6/3K2R1 w - - 1 53,g1g6,5bk1/1r6/5PR1/q6p/2PB4/1P6/1Q6/3K4 b - - 0 53,g8f7,g8f7 g6g7 f8g7 b2g2
r1bqr1k1/pp3ppp/3b4/2p1n3/PnB5/1P2PN1P/3N1PP1/RQBR2K1 b - - 1 16,e5f3,r1bqr1k1/pp3ppp/3b4/2p5/PnB5/1P2Pn1P/3N1PP1/RQBR2K1 w - - 0 17,d2f3,d2f3 c8e6 c4e6 e8e6
8/7k/6p1/pNP5/P1qP1P2/6p1/3B2Pn/R5K1 w - - 1 38,d2a5,8/7k/6p1/BNP5/P1qP1P2/6p1/6Pn/R5K1 b - - 0 38,c4e2,c4e2 b5c3 e2e3 g1h1
rn3k1r/1b1pbpp1/p4q2/3P4/1p3N2/2P2NP1/4QPB1/R3R1K1 b - - 4 19,b4c3,rn3k1r/1b1pbpp1/p4q2/3P4/5N2/2p2NP1/4QPB1/R3R1K1 w - - 0 20,f3e5,f3e5 g7g5 f4h5 h8h5
1rbq1knr/pp2bp2/2npp1p1/2p1P3/2P2B1P/2NP1N2/PP3PBP/R2QK2R w KQ - 1 11,e5d6,1rbq1knr/pp2bp2/2nPp1p1/2p5/2P2B1P/2NP1N2/PP3PBP/R2QK2R b KQ - 0 11,e7d6,e7d6 f4e3 e6e5 f3g5
r2r2k1/pb4pp/4p3/1N6/2B5/4PN2/PP5P/4K2R w - - 1 20,c4e6,r2r2k1/pb4pp/4B3/1N6/8/4PN2/PP5P/4K2R b - - 0 20,g8h8,g8h8 h1f1 b7f3 f1f3
rnb2rk1/p3bppp/5n2/3pp3/2NqP3/1PNBB2P/1PQ2PP1/R3K2R w KQ - 0 17,c3d5,rnb2rk1/p3bppp/5n2/3Np3/2NqP3/1P1BB2P/1PQ2PP1/R3K2R b KQ - 0 17,f6d5,f6d5 e3d4 d5b4 c2d2
r4knr/1p3p1p/p2p4/2pNp2R/4P1Q1/1P1PB3/2q3P1/6K1 b - - 1 19,c2b3,r4knr/1p3p1p/p2p4/2pNp2R/4P1Q1/1q1PB3/6P1/6K1 w - - 0 20,h5h3,h5h3 h7h6 h3g3 f8e8
5rk1/1p2pp1p/8/5Qp1/P2P4/Pqr1P1P1/6BP/K1R4R w - - 0 28,f5g5,5rk1/1p2pp1p/8/6Q1/P2P4/Pqr1P1P1/6BP/K1R4R b - - 0 28,g8h8,g8h8 g5e7 f8c8 g2c6
7b/2k2N2/7B/4PpP1/2K2P1p/4r3/8/8 w - - 0 57,f7h8,7N/2k5/7B/4PpP1/2K2P1p/4r3/8/8 b - - 0 57,h4h3,h4h3 c4d5 h3h2 d5e6
1rr3k1/1b3p2/1p1ppqpp/pPb5/3N4/P3P1P1/1P2QPBP/R2R2K1 b - - 1 19,b7g2,1rr3k1/5p2/1p1ppqpp/pPb5/3N4/P3P1P1/1P2QPbP/R2R2K1 w - - 0 20,g1g2,g1g2 c5d4 d1d4 d6d5
3q1rk1/1p3ppp/3Rb3/r3Q1b1/2pP4/P1N2N2/P1P2PPP/4K2R w K - 1 20,d4d5,3q1rk1/1p3ppp/3Rb3/r2PQ1b1/2p5/P1N2N2/P1P2PPP/4K2R b K - 0 20,d8f6,d8f6 e1g1 f6e5 f3e5
6k1/4bp2/1n6/p3P1pp/4P3/PN2P3/KP5P/4r1NR w - - 2 31,b3a5,6k1/4bp2/1n6/N3P1pp/4P3/P3P3/KP5P/4r1NR b - - 0 31,e7c5,e7c5 a5c6 c5e3 h2h4
4rrk1/pb2q1bp/1ppp1pp1/3Pn1P1/Q1P1N2P/P1N1P3/1P3P2/R1B2K1R w - - 0 19,e4d6,4rrk1/pb2q1bp/1ppN1pp1/3Pn1P1/Q1P4P/P1N1P3/1P3P2/R1B2K1R b - - 0 19,e7d6,e7d6 c3e4 d6d7 g5f6
1r2k2r/p2n2b1/3np1p1/1P3p1p/8/B1N3P1/R2NKP1P/2R5 b - - 0 22,d6b5,1r2k2r/p2n2b1/4p1p1/1n3p1p/8/B1N3P1/R2NKP1P/2R5 w - - 0 23,c3b5,c3b5 b8b5 d2c4 b5d5
5r2/3q4/1kp3B1/4b1Pp/1PnnQ1bP/2N5/2P2P2/2K1B1NR w - - 0 37,c3a4,5r2/3q4/1kp3B1/4b1Pp/NPnnQ1bP/8/2P2P2/2K1B1NR b - - 1 37,b6c7,b6c7 e4d3 f8a8 e1c3
8/q4k2/4N3/3p1P1p/3Pn3/1P2r1P1/6R1/1R1K1B2 w - - 0 51,g3g4,8/q4k2/4N3/3p1P1p/3Pn1P1/1P2r3/6R1/1R1K1B2 b - - 0 51,a7a5,a7a5 e6g5 e4g5 b3b4
rnbqk2r/pp3pbp/6p1/2pn4/5N2/4P1P1/PP1P1PBP/R1BQK2R w KQkq - 0 10,g2d5,rnbqk2r/pp3pbp/6p1/2pB4/5N2/4P1P1/PP1P1P1P/R1BQK2R b KQkq - 0 10,g6g5,g6g5 d1a4 e8f8 a4c4
2r1k2r/2nNq1pp/4p3/1pp2p2/2P2P2/1pP3P1/1K1RQ2P/3R4 b k - 3 26,b5c4,2r1k2r/2nNq1pp/4p3/2p2p2/2p2P2/1pP3P1/1K1RQ2P/3R4 w k - 0 27,d7b6,d7b6 e8g8 b6c8 f8c8
r1b2knr/3nb1pp/p1p1p3/2P1qpN1/Pp6/4BQ2/1P1N1PPP/2KR1B1R b - - 1 16,e7g5,r1b2knr/3n2pp/p1p1p3/2P1qpb1/Pp6/4BQ2/1P1N1PPP/2KR1B1R w - - 0 17,e3g5,e3g5 g8f6 d2c4 e5c7
r1b2rk1/1pR4p/q3ppp1/p6P/3QB3/6P1/5PK1/2R5 b - - 0 31,e6e5,r1b2rk1/1pR4p/q4pp1/p3p2P/3QB3/6P1/5PK1/2R5 w - - 0 32,d4d2,d4d2 a6e6 e4d5 e6d5
r3k1r1/pp1n3p/3Bp1p1/1B1p4/3Qn3/7P/2q3P1/2R1R2K b q - 1 25,c2c1,r3k1r1/pp1n3p/3Bp1p1/1B1p4/3Qn3/7P/6P1/2q1R2K w q - 0 26,e1c1,e1c1 e4d6 d4f6 d6b5
8/3k4/3P4/2p1Ppp1/2P5/1r4P1/p4K2/3R4 w - - 1 46,e5e6,8/3k4/3PP3/2p2pp1/2P5/1r4P1/p4K2/3R4 b - - 0 46,d7e6,d7e6 d6d7 b3b8 g3g4
r2k1b1r/1b2q1pp/ppnppn2/2p5/2P1N3/1P2PB2/P4PPP/RNBQ1RK1 b - - 7 12,f6e4,r2k1b1r/1b2q1pp/ppnpp3/2p5/2P1n3/1P2PB2/P4PPP/RNBQ1RK1 w - - 0 13,f3e4,f3e4 d8c7 c1b2 a8d8
r2qk2r/1pp1bppp/2b2n2/n7/2pP4/P1N2N1P/2Q1BPP1/1RB1K2R b Kkq - 3 14,c6f3,r2qk2r/1pp1bppp/5n2/n7/2pP4/P1N2b1P/2Q1BPP1/1RB1K2R w Kkq - 0 15,e2f3,e2f3 e8g8 e1g1 a5b3
rnr3k1/p2p1ppp/1p2pn2/8/2qN4/P1B2QP1/1P2PPKP/R4R2 b - - 1 15,e6e5,rnr3k1/p2p1ppp/1p3n2/4p3/2qN4/P1B2QP1/1P2PPKP/R4R2 w - - 0 16,d4f5,d4f5 b8c6 f5d6 c4e6
5knr/p4pbp/b2P2p1/1q1Pn3/6P1/7P/PBQ5/2KRR3 b - - 2 25,e5d3,5knr/p4pbp/b2P2p1/1q1P4/6P1/3n3P/PBQ5/2KRR3 w - - 3 26,d1d3,d1d3 g7b2 c2b2 b5b2
8/8/R7/4p3/2P1kb2/1P5P/P1r5/5NK1 w - - 1 67,a2a4,8/8/R7/4p3/P1P1kb2/1P5P/2r5/5NK1 b - - 0 67,e4f3,e4f3 a6g6 c2c1 b3b4
8/1p3p2/p5n1/7k/4P1p1/P3BP2/1PK3P1/8 w - - 2 39,f3f4,8/1p3p2/p5n1/7k/4PPp1/P3B3/1PK3P1/8 b - - 0 39,g4g3,g4g3 f4f5 g6h4 c2d3
6k1/3r3n/1p2R3/p6q/2P5/PP1p1P2/5P1P/3Q1RK1 w - - 2 27,e6b6,6k1/3r3n/1R6/p6q/2P5/PP1p1P2/5P1P/3Q1RK1 b - - 0 27,h7g5,h7g5 g1h1 g5h3 b6b8
2kr4/8/p5p1/P6p/qPnBP1P1/1bP4P/4QP2/1K5R w - - 0 32,g4h5,2kr4/8/p5p1/P6P/qPnBP3/1bP4P/4QP2/1K5R b - - 0 32,b3c2,b3c2 e2c2 c4a3 b1b2
rnb1k2r/1p5p/1np1p1pB/p4P2/2pq4/5QP1/PP3PBP/RN3RK1 b kq - 0 14,d4b2,rnb1k2r/1p5p/1np1p1pB/p4P2/2p5/5QP1/Pq3PBP/RN3RK1 w kq - 0 15,b1c3,b1c3 e6e5 a1b1 b2a3
8/8/5Q2/6P1/2p3K1/3q4/5P1P/4k3 w - - 0 53,h2h4,8/8/5Q2/6P1/2p3KP/3q4/5P2/4k3 b - - 0 53,c4c3,c4c3 f6c6 c3c2 g5g6
r1b2rk1/p1q2pp1/2pb1n1p/2p1N3/Q3P3/2PP1N2/PP4PP/R1B1K2R w KQ - 3 13,a4c6,r1b2rk1/p1q2pp1/2Qb1n1p/2p1N3/4P3/2PP1N2/PP4PP/R1B1K2R b KQ - 0 13,d6e5,d6e5 f3e5 c7e5 c1e3
1r3rk1/pQ2pbbp/5pp1/3p4/3P1qP1/5N1P/PP1N1P2/2KR1B1R w - - 3 20,b7a7,1r3rk1/Q3pbbp/5pp1/3p4/3P1qP1/5N1P/PP1N1P2/2KR1B1R b - - 0 20,b8a8,b8a8 a7e7 f8e8 e7d7
r2qnrk1/4bppp/p7/1ppPR3/8/2NB1Q1P/PPP2PP1/2K4R w - - 0 19,a2a4,r2qnrk1/4bppp/p7/1ppPR3/P7/2NB1Q1P/1PP2PP1/2K4R b - - 0 19,e7f6,e7f6 e5h5 g7g6 d5d6
4r3/5p2/5R2/2Ppp1P1/P2P2p1/4P3/K6k/8 w - - 2 52,f6f7,4r3/5R2/8/2Ppp1P1/P2P2p1/4P3/K6k/8 b - - 0 52,g4g3,g4g3 f7h7 h2g2 g5g6
Q7/2q2ppk/7p/3p1P2/1B1Pr1n1/2P5/1P4PP/5RK1 w - - 3 34,g2g3,Q7/2q2ppk/7p/3p1P2/1B1Pr1n1/2P3P1/1P5P/5RK1 b - - 0 34,c7c4,c7c4 a8d8 c4e2 d8h4
r3k2r/pR2pp1p/2p5/3p4/3Pp3/8/2PN2PP/q2QKR2 b kq - 2 20,a1d4,r3k2r/pR2pp1p/2p5/3p4/3qp3/8/2PN2PP/3QKR2 w kq - 0 21,d1g4,d1g4 d4a1 e1f2 a1e5
rnb1k1nr/4b1p1/p1p5/1p1q1pPp/3p4/3B2N1/PPPBQP1P/1K2R1NR b kq - 1 16,h5h4,rnb1k1nr/4b1p1/p1p5/1p1q1pP1/3p3p/3B2N1/PPPBQP1P/1K2R1NR w kq - 0 17,g3h5,g3h5 d5f7 h5f4 c6c5
r1br2k1/1p3pp1/1p2pn1p/1P1P4/P2P4/R6P/2BN1PP1/4K2R w K - 1 22,d5e6,r1br2k1/1p3pp1/1p2Pn1p/1P6/P2P4/R6P/2BN1PP1/4K2R b K - 0 22,c8e6,c8e6 d2f3 e6c4 e1d2
