fen_start,sf_best,sf_cp,sf_static,cat,attackers,phase_bin,subject,stm
3R1k1r/p4pp1/1pn1pq2/4b2p/1PB5/P1N1PP1P/1B3Q2/4K2R b - - 0 23,f6d8,342,,play,2,early_mid,white,b
3k1r1r/1pp5/1b1ppq1p/pP2p1pP/P3Q1P1/2PP3N/5P2/1RN2RK1 b - - 4 23,d6d5,265,206,play,2,early_mid,white,b
1r4k1/3r1ppp/2RN2q1/Q3p3/4P3/P5P1/1P2N1K1/8 b - - 0 26,d7d6,-317,19,play,2,early_mid,white,b
2b2rk1/8/p4ppn/7p/2P1Pp2/P5PP/1r1NQ1B1/3R1R1K w - - 0 28,g3f4,626,718,play,2,early_mid,white,w
5rk1/1p2q3/1Pp2bp1/2Pp3p/R2Pp2P/P1B1PbP1/2Q2P2/4K1R1 b - - 2 35,f3g4,162,155,play,2,early_mid,white,b
1r2r1k1/pp3p2/P2p1qpb/2pPp2p/4P3/1P1P1NP1/R3QP1P/4R1K1 w - - 3 34,e1b1,35,28,play,2,early_mid,white,w
4r1k1/p4pb1/1q1pb1p1/2p3N1/8/PnR1Q1PP/4PPB1/4K2R b K - 4 24,b6a5,-380,-242,play,2,early_mid,white,b
1k1r1r2/1pq2p2/8/p2PR3/P1P5/1P2Q1P1/2B5/4R1K1 w - - 1 31,e5e7,563,468,play,2,early_mid,black,w
2r1kr2/3BqpQp/1b6/p7/3P4/P3P3/5PPP/R3K2R b KQ - 0 25,e8d7,7,,play,2,early_mid,white,b
2rk3r/4q1p1/6p1/p2QP2p/P7/1PNp4/2P3PP/R6K b - - 0 23,e7d7,0,,play,2,early_mid,black,b
r5k1/1p2Qpbp/p1q1pnp1/3p1bB1/3P4/4PN1P/PP1N1PP1/3R2K1 b - - 1 18,f6d7,-115,26,play,2,early_mid,black,b
6k1/8/1prp2p1/p3p1br/P1P1Pp2/qPR2P1P/4NP2/5QK1 w - - 8 40,c3d3,-342,-163,play,2,early_mid,white,w
r4rk1/pp1n1p2/2p2q1p/8/6Q1/1P3p1P/P1P2PP1/R3R1K1 b - - 1 19,f6g5,-369,,play,2,early_mid,white,b
r2b1rk1/1q3p1p/p5p1/1pPP4/1P2P2P/2P2QP1/R7/5RK1 b - - 2 25,d8c7,13,30,play,2,early_mid,black,b
2r3k1/p1q2p1p/2Prp1p1/4b3/P2pP3/5BP1/2QB1P1P/2R3K1 w - - 1 26,c2d3,-405,-206,play,2,early_mid,white,w
r4k1r/1bq2ppp/pp2p3/4P3/P1pP4/4PQ2/2P3PP/RN3RK1 w - - 0 18,e3e4,135,161,play,2,early_mid,black,w
q2r2k1/p4ppp/1p2bn2/8/2P5/1NQnPPP1/P5BP/1K5R b - - 3 29,d3c5,-471,-479,play,2,early_mid,white,b
2r3k1/2Nbqppp/1Q1p1n2/p1p1p1B1/2P4P/PP1P1N2/R3P3/4K1R1 w - - 1 24,g5f6,741,534,play,2,early_mid,black,w
r4rk1/pp3ppp/8/3qQb2/7P/5N2/PP2B1P1/R3K2R b KQ - 1 20,d5e5,144,213,play,2,early_mid,white,b
5r1k/8/3R1bqp/rp1B1bp1/8/5QPP/5P2/4R1K1 b - - 3 48,g5g4,-221,-215,play,2,early_mid,black,b
r2r2k1/4bppp/pp2p3/2q1P3/4QP1P/2N3P1/PP6/R4K1R b - - 0 20,b6b5,-101,-125,play,2,early_mid,white,b
5r2/3q2bk/8/4p2p/4R1bP/P5P1/8/4Q1KR b - - 2 50,d7a7,-422,-451,play,2,early_mid,white,b
4k2r/p3ppb1/1p2b1p1/2q3Bp/3n4/3P1NPP/P3PPB1/2Q2K1R w k - 9 23,c1c5,-38,-60,play,2,early_mid,white,w
1r4rk/p2bQ2p/2pp4/4pp2/8/4P2P/3NN1B1/q1R1K3 b - - 9 37,a1a5,-7,-51,play,2,early_mid,white,b
r5k1/1p1b2pp/p1n1p3/5qN1/1P2Q3/2P1B2P/P5P1/3R2K1 b - - 3 21,f5e4,36,104,play,2,early_mid,black,b
1r2r1k1/p4p1p/3n1np1/2q5/2P1p3/1P2P1P1/P1Q2PBP/3R1K1R b - - 0 26,d6b7,-333,-365,play,2,early_mid,white,b
5kr1/1b3p1R/1p1qp3/pPrpN3/P2Q4/2PPR1P1/8/6K1 b - - 11 40,c5c7,378,285,play,2,early_mid,black,b
r4rk1/3qp2p/p2p1pp1/1ppP4/2P2PbP/1Q1P2P1/PP4B1/2K1R2R w - - 0 26,e1e3,-16,-53,play,2,early_mid,black,w
2r2k2/1b3p2/1p1qpQ2/pP1p4/P5r1/2PP1NP1/6R1/4R1K1 b - - 1 35,d6e7,199,144,play,2,early_mid,white,b
rb2rqk1/1p3pp1/1Pp5/p1Pp1b1p/3Qn3/P1BBPNPP/5P2/2R3KR b - - 14 24,f7f6,-190,-131,play,3,opening,white,b
r4rk1/1pq4p/p3p1p1/3pb2n/1Q2P3/2N2P2/PP1B2PP/3R1RK1 w - - 1 23,f3f4,-80,8,play,3,opening,white,w
r3k2r/1bqpbpp1/p3pn1p/2P5/1Bn5/2N1PNP1/P4PBP/R2QK2R b KQkq - 1 14,a8b8,-320,-188,play,3,opening,white,b
r1bqk1nr/1p3ppp/3bp3/pBnp4/5B2/2P1PN1P/PPQ2PP1/RN2K2R b KQkq - 2 9,e8e7,97,,play,3,opening,black,b
r2qkb1r/p3pp2/1pnpb1p1/2p1P1Np/2P3nP/P1NPB1P1/1P3PB1/R2QK2R b KQkq - 2 12,a8c8,105,55,play,3,opening,black,b
3rk2r/R3bpp1/3p1q2/1p1Pp2p/3pP3/3P1B1b/1PQB1PP1/5RK1 w k - 2 20,c2c6,246,164,play,3,opening,white,w
r3k1nr/ppqb1ppp/8/3pn3/1b1N1P2/4Q1P1/PPP1P1BP/R1B2RK1 b kq - 0 11,f7f6,56,8,play,3,opening,white,b
r2qk2r/1b1p1ppp/3bpn2/p1n5/2PB3P/P2BPN2/2QN1PP1/R3K2R w KQkq - 1 14,e3e4,-28,-15,play,3,opening,white,w
2kB1bnr/ppp2p2/4q1pp/3pPb2/4p2P/1QP3P1/PP2PPB1/RN2K2R w KQ - 0 13,b1a3,286,189,play,3,opening,black,w
r3k2r/p1B4p/1pn1ppb1/2bq4/2Pp4/P2P1NPP/1P3P2/2RQKB1R b Kkq c3 0 17,d4c3,-23,70,play,3,opening,white,b
r3k2r/3np2p/1qp3p1/p4Nb1/3PQ3/B1N1P1P1/P6P/R4RK1 b kq - 0 21,e8g8,480,409,play,3,opening,black,b
r3k2r/5ppp/ppb2q2/n1bn4/4Q3/3NP3/PP3PPP/RNB1KB1R b KQkq - 5 15,c5e7,-26,,play,3,opening,white,b
3r1k1r/p4p2/3p2pb/2pNp2p/2P1P1qP/P1B3Pb/1P2QP2/R5KR w - - 5 32,e2d3,132,64,play,3,opening,white,w
3qr1k1/r2n1pPp/pp1pb3/2pNp1b1/2PnP3/1PNB1PP1/1B1P4/R2Q1K1R w - - 1 19,f3f4,169,-24,play,3,opening,white,w
r1r3k1/1pq2ppp/1p3n2/1B1p1b2/N7/PQ3N2/1Pn2PPP/2RR2K1 w - - 4 17,a4c3,142,100,play,3,opening,white,w
r3kbnr/pp1b1ppp/1q1p4/2pP4/Q7/2PBBN2/PP3PPP/R4RK1 w kq - 3 16,a4c2,192,240,play,3,opening,black,w
2r1r1k1/1b1q3p/p2Pppp1/1p5n/1PpP4/P3QNB1/3N1P1P/1BR2K1R b - - 3 26,e6e5,446,379,play,3,opening,white,b
r1bqk2r/pp1nppbp/6p1/2Pp4/Q4Bn1/P1P2N2/1P1NPPPP/R3KB1R b KQkq - 4 8,e8g8,-49,-11,play,3,opening,black,b
rn1q1rk1/4bppp/p1p2n2/1p6/3P1Bb1/1QNB1N2/PP3PPP/R3K2R w KQ - 2 12,d3e2,-21,6,play,3,opening,black,w
4k2b/1qp2p2/r1b1pn1p/1pPp1nrP/1P1P1Np1/2NBP1P1/1BQ2P2/2R1K2R b - - 44 40,f6e4,58,29,play,3,opening,black,b
rn1qk1nr/ppp2ppp/8/4b3/2PpQ1bP/P3P3/1P1P1PP1/RNB1KB1R b KQkq - 1 9,b8c6,-107,-112,play,3,opening,white,b
r3k3/p1b2p2/Pp1p1n1r/3Pp2p/2q5/2BBP3/1Q3P2/3RK1R1 b q - 2 33,c4h4,117,38,play,3,opening,black,b
rn2k2r/4pp1p/2pq2pb/8/p1pP2b1/2Q2N2/PP1NBPPP/R3R1K1 b kq - 1 15,e8g8,52,46,play,3,opening,white,b
r5k1/1p1b1p1p/6p1/2pP4/pnP1r2P/5N2/qb1QN1B1/5KRR b - - 1 34,a8e8,-735,-637,play,3,opening,white,b
r2q3r/1Qp1k3/3bpp1p/pB3b2/3Bp1n1/2P3P1/PP1N1P1P/R4RK1 b - - 3 15,e6e5,9,26,play,3,opening,white,b
r3k2r/pp3ppp/1q5n/2b1p1N1/1nB1Q1b1/4P1P1/PP1P1P1P/RNB1K2R b KQkq - 6 10,c5e7,-179,-73,play,3,opening,white,b
r4rk1/pQp1bp1p/2n2np1/5b2/2Pp1q2/3P1N2/PP2BPPP/RN2R1K1 w - - 0 13,b7c6,-14,-204,play,3,opening,white,w
r3kb1r/ppqb2pp/4p3/1P3p2/2PBB3/8/P1Q2PPP/1R3RK1 w kq - 0 19,e4f3,328,203,play,3,opening,black,w
r4rk1/p2n1ppp/4p3/1q3b2/3P1Q1B/5N1P/2P2PP1/R3R1K1 w - - 0 23,f3e5,-9,32,play,3,opening,black,w
3r1rk1/1p3bpp/3b4/1qpp4/p2p1PPP/P2P4/1PPB2B1/RK2RQ2 w - - 6 30,b1a2,-76,-112,play,3,opening,white,w
r3kb2/1p1bppp1/pq1p1n1r/n2P3p/P1PN3P/N1BBP3/1p1Q1PP1/1R3K1R b q - 1 19,e7e5,403,173,play,3,opening,black,b
r3k2r/pp3ppp/3b4/2p2bR1/2PnBp1P/Pq1P4/RP3Q2/1N2K1N1 w kq - 4 19,g5f5,-453,-453,play,3,opening,white,w
N1k2b1r/pp3pp1/2np1n1p/2P2b2/8/1P2BNP1/q3PP1P/3QKB1R b K - 0 13,f6e4,-314,-369,play,3,opening,black,b
1k1qr1r1/ppp3b1/6pp/2PP1p2/2Q2Pn1/P3PRN1/2R4P/2B1K3 b - - 8 33,g4f6,-69,-82,play,3,opening,white,b
r1b1k2r/1ppp1pp1/2n1pq1p/p5n1/PbPP4/1QN1BNP1/1P2PPBP/R3K2R w KQkq - 5 10,f3g5,134,112,play,3,opening,white,w
4k2r/r2n1p1p/3P1q2/pN1b2p1/4n3/p2B4/1PQ2PPP/R4RK1 w k - 0 23,d3e4,404,286,play,3,opening,black,w
r1b1k2r/pp1p1ppp/2n1p3/2P5/3N4/P1n1B1P1/1qPQPPBP/R4RK1 b kq - 4 14,c6d4,72,187,play,3,opening,black,b
2r1r1k1/pp1bqp2/3b1n1p/2pp2p1/Pn6/1PNP1NP1/3BPPBP/2RQ1RK1 w - - 2 17,c3b5,-30,-34,play,3,opening,white,w
r1bq2k1/1p2n1pp/3b4/P2P1nB1/4R3/2N5/P4PPP/2RQ2K1 b - - 0 19,h7h6,0,93,play,3,opening,black,b
r2qk2r/pp3pp1/2nb1n1p/2p5/3pP1bP/PPNP1N2/R4PP1/2BQKB1R w Kkq - 0 11,c3b1,-171,-205,play,3,opening,white,w
2r1r1k1/p3PR2/q2p2p1/2p3N1/b1PnP3/3P3P/PP1B2B1/1KQ1R3 b - - 0 28,c8b8,525,230,play,3,opening,black,b
r1b1k3/pp3p1r/n1p1pn1p/q2pN2P/1bPP1Bp1/P1N3P1/1PQ1PPB1/R3K2R w KQq - 3 16,e1g1,445,356,play,3,opening,black,w
r1q1kb1r/1p1b2pN/2n1p3/p3p2n/3PB3/PQN4P/1P3PP1/R4RK1 w kq - 0 18,e4g6,-53,59,play,3,opening,black,w
b3k3/2r5/3bpq2/3pNp1p/Pr1P1Pn1/3QPN1B/R6P/R2K4 b - - 1 35,f6d8,44,98,play,3,opening,white,b
1k3r1r/4bp2/P1p1p2p/3qn3/Pp1PN3/3BPQ2/2R5/R6K w - - 0 59,d4e5,169,-57,play,4,opening,black,w
r3k2r/pp3ppp/1qpbb3/3p3n/4P3/2NP1N1P/PP1PQ1P1/R1B2R1K w kq - 3 14,e2e3,-356,-218,play,4,opening,white,w
rn2k2r/1p1qpp2/2p2n1b/p1Pp1QNp/3P1B1P/1P2P3/P2N1PP1/R3K2R w KQkq - 1 15,f5c2,246,231,play,4,opening,black,w
r1b1k2r/2q2ppp/2nbpn2/p5B1/PpBP4/5N1P/1PQ2PP1/RN2R1K1 b kq - 0 14,e8g8,74,80,play,4,opening,black,b
1r2k2r/1pp2p2/p3p3/3qPb1P/Pb4p1/4P1Q1/1P1N1P1R/R1B1K3 w Qk - 0 18,g3f4,-362,-225,play,4,opening,white,w
r2qnrk1/pb1p1p2/1p2p3/2p1P2p/2Pn1Bpb/2NB1P2/PP4PP/R2Q1RK1 w - - 0 15,f3g4,-246,-128,play,4,opening,white,w
1q2k2b/2pb1p2/r1n1pn1p/1pPp2rP/1P1P1Np1/1QBBP1P1/3N1P1R/2R1K3 w - - 23 30,h2h1,74,25,play,4,opening,black,w
r2q1b1r/2pnk3/pp2p1Qp/3b2p1/3P4/2P2NN1/PP3RPP/R5K1 w - - 0 18,g3f5,484,35,play,4,opening,black,w
rbb2rk1/pp4pp/n1p2q2/2Pp3P/3pp3/1N2B1P1/PPQ1PPB1/R3K2R w KQ - 0 16,e3d4,-147,-243,play,4,opening,white,w
2rk3r/1b1pbp2/4pNp1/p3n1q1/1p2P2p/3PP2Q/PPN1BRPP/2K3R1 w - - 2 24,g1f1,-309,-234,play,4,opening,white,w
1k2r1r1/ppp5/1b4pp/3P1p2/5Pnq/P3PRN1/2Q1R2P/2B1K3 w - - 2 37,c2a2,-353,-316,play,4,opening,white,w
2r2rk1/pp1qbpp1/7p/8/P2pN1n1/1P1P4/1Bn1NPbP/RQ3K1R w - - 0 23,f1g2,-614,,play,4,opening,white,w
rnb2rk1/ppqn3p/2pbp1p1/3p2P1/2P4R/1P1BPN2/PB1P1P2/RN1QK3 b Q - 2 13,d7e5,13,106,play,4,opening,black,b
r4rk1/pp2qpp1/3b1n1p/2pp1b2/Pn6/1PNP1NP1/3BPPBP/R2QK2R w KQ - 9 13,e1g1,-80,-137,play,4,opening,white,w
r1q3r1/1p1npkbp/3pNnp1/pQ6/2PBp3/6PP/PP2PPB1/R4RK1 w - - 2 18,e6g5,272,278,play,4,opening,black,w
2kr3r/pp3pb1/2p3p1/q2pn1Np/P1PB2nP/1P2PN2/4QPP1/Rb3K1R w - - 0 19,a1b1,-57,-210,play,4,opening,white,w
rn1qk1r1/1b1pbp2/1p2pnpp/pNpP4/2P4P/1P1QPN2/PB2BPP1/3RK2R b Kq - 1 13,e7f8,387,291,play,4,opening,black,b
r3k2r/1p1n1p1p/p1p3pQ/2q1PbB1/2P5/5N2/PP3bPP/2KR1B1R w kq - 4 16,f1d3,144,46,play,4,opening,black,w
2kr1b2/pp6/nnp1bq1p/Q5r1/4B3/PP2P1Pp/3BNP2/1R2K2R w K - 3 24,a5c3,-491,-534,play,4,opening,white,w
r1b2rk1/1p3ppp/1b1qp3/p7/2Q2B2/1N4P1/PP2P1BP/R4R1K b - - 1 19,e6e5,352,402,play,2,opening,black,b
r1bqk2r/ppp1b1pp/2n1p3/3P1p2/P2Pn3/4PN2/1PQN1PPP/R1B1KB1R b KQkq - 0 8,c6b4,-31,-32,play,2,opening,black,b
2b1k2b/1p6/rq5p/p1pNnp2/2P3n1/PP2P1P1/Q4PB1/3R1RK1 b - - 4 20,b6d8,53,64,play,2,opening,white,b
r2qk1nr/1pp2ppp/2np1b2/p4b2/2P2Q2/2N2NP1/PP2PPBP/R1B1K2R b KQkq - 5 9,f6c3,26,25,play,2,opening,white,b
r3nrk1/pb1qbppp/1p2p3/1Nn5/2P4Q/P3PNP1/1B3PBP/R4RK1 w - - 3 17,f3e5,-43,-49,play,2,opening,black,w
4rrk1/pb4pp/np1b4/2pp1p2/3Pq1B1/PP2PNPP/1BQ2P2/R1R3K1 w - - 0 20,d4c5,-349,-124,play,2,opening,white,w
rnbq1k1r/1p3pp1/2pbpn2/p2p4/2PP3p/PP1BPN2/1BQN1PPP/R4RK1 w - - 0 12,h2h3,184,166,play,2,opening,white,w
r1b1kbnr/1p1npppp/1qpp4/p7/3PNB2/4PN2/PPP1BPPP/1R1QK2R b Kkq - 3 8,g8f6,34,60,play,2,opening,black,b
rn2k2r/ppqnppbp/2p3p1/6P1/P2Pp3/4P2P/1PPNBP2/R1BQ1K1R b kq - 1 12,f7f5,75,57,play,2,opening,white,b
rq3rk1/5ppp/b1pbpn2/3p4/p2P4/1P2QN1P/PBP1NPP1/R4RK1 w - - 0 15,a1b1,-90,-90,play,2,opening,white,w
r2n1rk1/1b4p1/pp1qp2p/2pn1pN1/P1BP4/2P2PN1/1PQ3PP/3RR1K1 w - - 0 20,g5e6,256,21,play,2,opening,white,w
r1b2rk1/1p1n1ppp/1q3b2/1p3P2/3Pp3/PQN1P3/1B3NPP/R3K2R b KQ - 1 19,f6h4,61,84,play,2,opening,black,b
r4rk1/p2nbppp/2ppb3/q1n5/Pp2PP1P/1P1PN3/1BP1Q1B1/RN2K2R b KQ - 0 15,f7f5,162,105,play,2,opening,white,b
1r2r1k1/p1qb1ppp/8/1ppPp1b1/4P3/PPN1NPP1/3Q3P/R3R1K1 w - - 4 33,h2h4,-26,-46,play,2,opening,white,w
r4rk1/p4p1p/1pnq2p1/4pb2/P1PpN3/1P3Q1P/1B3PP1/R4RK1 b - - 3 21,f5e4,-231,-123,play,2,opening,white,b
rn2k2r/1pqb1pp1/4pn1p/p1Np4/2P5/PP2PN2/1B3PPP/R2QKB1R b KQkq - 0 11,c7c5,110,295,play,2,opening,black,b
r1b1k2r/1pqpppbp/p4np1/2p5/QnPP4/2N1PN2/PP1BBPPP/R3K2R w KQkq - 0 10,e1g1,151,124,play,2,opening,white,w
3rr1k1/pp1qbp2/2npb1pp/3Bp2P/2P5/BP2PPP1/P2Q3R/3R1KN1 b - - 0 23,g6g5,87,71,play,2,opening,black,b
rn1qk2r/1p2p1b1/2p1b2p/pP1p1pp1/3Pn2P/B1NQPNP1/P1P1BP2/R4RK1 b kq - 0 13,c6c5,-69,-17,play,2,opening,black,b
r4rk1/pb2bppp/1p2pn2/2pq4/2pP1B2/P1Q2NPP/1P2PPB1/2R1K2R b K - 1 15,b6b5,-193,-177,play,2,opening,white,b
1qr1k2r/p2np1b1/Pp2b2p/1Q1p2p1/2pP1pP1/2P1PN1P/1PBN1P2/2KR3R b k - 1 21,f4e3,151,101,play,2,opening,white,b
r1bqk2r/1pp3pp/2n1pp2/p2n4/1b1P3P/3QBNP1/PP1NPPB1/R3K2R w KQkq - 0 12,a2a3,82,52,play,2,opening,white,w
2r2rk1/p1qn1p1p/2p1pnp1/1p1p4/P2P1P2/2PBPQ1P/2P2P2/1RB1K1R1 b - - 0 16,b5a4,-175,-105,play,2,opening,black,b
r1bqkb1r/1p3pp1/2p2n2/p1np3p/P2Np3/1P2P1PP/RBPP1PB1/1N1QK2R b Kkq - 1 10,f8d6,-129,-101,play,2,opening,white,b
2rqkb1r/pp2pppp/3p1n2/3P4/2n1P3/2N2QPP/PP3P2/R1B1KB1R b KQk - 0 12,f6d7,53,72,play,2,opening,black,b
r1b2rk1/1p3ppp/pq2p3/2b5/3nB3/2Q2N1P/PPP2PP1/R1B2RK1 w - - 5 13,f3d4,52,26,play,2,opening,black,w
2kr1b1r/p2q3p/n1pp1n2/5Np1/2P1p3/2N1P2P/PP2BP2/R1BQK2R b KQ - 0 16,d7f5,162,268,play,2,opening,black,b
r1b1k2r/pp2pp1p/2n1q1p1/2p5/2P5/2bPBNP1/P4PBP/1R1Q1K1R b kq - 3 12,e6d6,-100,-83,play,2,opening,white,b
r3r1k1/1p3pp1/2p1bnnp/2N1p3/q1P3P1/2Q1B2P/P1R1PPB1/5RK1 b - - 5 26,a4a3,139,64,play,2,opening,black,b
r2r2k1/pp1bbppp/nqp1pn2/3p4/1PPP4/P4NPB/1BQNPP1P/R4RK1 w - - 3 12,f1e1,167,128,play,2,opening,black,w
1rbqk1nr/5p2/p2ppb2/2p4p/1p1PP1p1/N1P1QP2/PP1N2PP/R3KB1R w KQk - 0 14,a3c4,-31,-85,play,2,opening,white,w
3qkb1r/2pp1ppp/b1p1pn2/Q7/3PP3/2N1B3/PrP1NPPP/R2K3R b k - 0 10,a6e2,-212,-56,play,2,opening,white,b
rqb2rk1/pp2bppp/4pn2/1N1p4/2Pp4/1P1P2P1/PB1QPPBP/R3K2R w KQ - 2 13,b5d4,183,121,play,2,opening,white,w
r1b1k1nN/6bp/p1n1p3/q1p2p2/p5P1/2P1P1B1/PPQ2PP1/R3KB1R b KQq - 0 16,a4a3,171,238,play,2,opening,white,b
r1bqk2r/pppn1pbp/6p1/3P4/8/3P1QP1/PP1B1PBP/RN2K2R b KQkq - 0 10,e8g8,-30,-28,play,2,opening,black,b
1r2kb1r/6pp/1qp2n2/p3Qn2/P7/2N5/1PP2PPP/R1B1R1K1 b k - 0 17,f5e7,277,,play,2,opening,white,b
r1bq1rk1/ppp1bppp/2n2n2/6B1/2Pp4/1Q1P1N2/PP2BPPP/RN3RK1 b - - 7 9,a7a5,-90,-63,play,2,opening,white,b
3krb1r/Q1p2pp1/1pbq3p/8/6B1/2P2N2/PP1N2PP/R1K4n w - - 0 18,f3d4,-353,-182,play,2,opening,white,w
r2qkb1r/ppp2ppp/4bn2/3pp1N1/2Pn4/6P1/PPQPPPBP/RNB1K2R w KQkq - 8 8,c2d1,-174,-47,play,2,opening,black,w
r4k1r/p2nqppp/bp1b1n2/1Npp4/3P4/P1BBPN1P/1P3PP1/R2QK2R b KQ - 7 13,a6b5,46,36,play,2,opening,white,b
rn2r1k1/1pq2p1p/2pp1bp1/3P1b2/pPP1P3/P2Q1N1P/3N4/2KR1B1R b - - 1 20,f5c8,-261,-267,play,2,opening,white,b
r3k2r/2q2p2/bppbpnp1/p2pN2p/PnPP1B1P/1P1BP1P1/3NQP2/R4RK1 w kq - 1 15,a1c1,53,66,play,2,opening,black,w
r3k2r/2p2q1p/ppnbbp1Q/3p2p1/3P1BP1/P1N2N1P/1PP5/2KR1B1R b kq - 0 19,d6f4,-186,40,play,2,opening,black,b
rn1qk1r1/5p1p/pp1bpnp1/3p1b1P/P2N4/2N1P3/1P1PBPP1/R1BQK2R w KQq - 2 12,e1f1,58,64,play,2,opening,white,w
r1b2rk1/pp2q1bp/2np2pn/1Np1p3/2P1Pp2/3P1N2/PPQBBPPP/R4RK1 w - - 0 12,h2h3,-113,-87,play,2,opening,white,w
2kr1b1r/1p3p2/p1nqb1pp/4p3/1P2P1nP/2PPB1P1/3Q2B1/RNN1KR2 b Q - 2 16,h6h5,-187,-133,play,2,opening,white,b
rnb1k2r/ppqnppb1/7p/2ppP1p1/8/3P1NPB/PPPNQP1P/R1B1K2R w KQkq - 3 9,e5e6,-36,-31,play,2,opening,black,w
r4rk1/1pp1q1pp/p2bpp2/4N2n/b1PPQ3/4PP1P/PB2N1P1/1R2K2R b K - 1 17,d6b4,-381,-137,play,2,opening,white,b
r3kb1r/1pq1pppp/4b3/p3N3/Q1pPn3/P1P1P3/5PPP/1RB1KB1R b Kkq - 1 13,e8d8,180,,play,2,opening,white,b
rn2r1k1/pp3pp1/1q3n1p/5Q2/3P1B2/P1N3P1/1P4pP/2KR3R w - - 0 18,h1g1,-92,-124,play,2,opening,white,w
1r3rk1/1pQnppbp/p2p1qp1/2p5/2PP3N/2N1P3/PPnBBPPP/5RK1 w - - 0 19,h4f3,246,-27,play,2,opening,white,w
r3k2r/2pn1pp1/qpNbpn1p/3p1b2/p1PP4/2Q1B1P1/PP1NPPBP/R3K2R w KQkq - 2 13,e3f4,68,25,play,2,opening,white,w
r4rk1/1pp3pp/1pnqbp2/8/P2P4/2P2N2/1P1QB1PP/R3R2K w - - 7 19,e2d3,34,25,play,2,opening,white,w
r1b1k1nr/p1q1bpp1/2pp3p/2p1p3/Q1N1P3/2PP4/PP3PPP/R1B1K1NR w KQkq - 2 9,f2f4,44,-8,play,2,opening,black,w
r2qk2r/1bp1bpp1/1pnppn2/pP5p/3PP3/1QPB1N2/P2N1PPP/R1B2RK1 b kq - 0 11,c6b8,164,90,play,2,opening,black,b
r2r2k1/1p2bp1p/p1pq1p2/3Np3/4P1B1/PnPQ3P/1P3PP1/3RR1K1 w - - 0 20,d5e7,283,182,play,2,opening,black,w
r3k2r/pp1n1p2/2bp3b/8/4pq2/2N5/PPP3PP/1K1RQB1R b kq - 1 19,f4e5,-353,-480,play,2,opening,white,b
r2qk2r/1pp1nppp/8/p2P4/1n2Q3/2b2NP1/PP2PP1P/R1B1K2R w KQkq - 0 14,b2c3,-5,,play,2,opening,white,w
1n2kbr1/rbppqp2/1p2pn1p/p3N3/2PP3P/P1N1P2Q/1P1B2P1/R3KB1R b KQ - 4 13,f6e4,71,101,play,2,opening,white,b
3r2k1/1b6/1p1b1qpp/pP1p4/P2Nrn2/4BNQ1/R4PPP/2R3K1 b - - 3 37,f4d3,-381,-159,play,2,opening,white,b
r1bqr1k1/pp3ppp/3p4/8/3P2n1/1QP2N2/P3BPPP/R3K2R w KQ - 0 15,b3b2,-67,-34,play,2,opening,white,w
r3kb1r/ppqn1pp1/2p2n1p/4pb2/2P4N/P1N1P1PP/1P3P2/R1BQKB1R b KQkq - 3 10,f5h7,-197,-109,play,2,opening,black,b
2r1kr2/p2q4/1pnppnp1/1Qp1p2p/2P1PP1P/2PPB1PB/P7/2K2R1R w - - 0 19,f4f5,179,94,play,2,opening,black,w
r2qkb1r/ppp3pp/n1n1ppb1/4P3/3p1B2/2NP1NPP/PPP2P2/2RQKB1R w Kkq - 0 12,c3e4,-49,-71,play,2,opening,white,w
rn1qkbnr/1pp2p2/p2pb1p1/4p3/3PP3/2NQ4/PPP1BP1P/R1B1R1KN b kq - 3 11,e5d4,-171,-83,play,2,opening,white,b
4kb1r/p2qp1p1/2Q2p2/3pB2p/P2P1P2/1r3N1P/6P1/Rb2K2R w KQk - 1 17,c6d7,-44,-210,play,2,opening,white,w
r1b2r1k/1p2q1pp/4Pn2/p1b5/8/1N3BP1/PP2P2P/R1Q2K1R w - - 0 20,c1c5,24,-396,play,2,opening,black,w
6k1/4npp1/pp1q3p/8/2P1b3/2br2PP/P3QP2/1R1RN1K1 b - - 1 29,c3e1,-331,-129,play,4,early_mid,white,b
3nkN1r/6r1/pq1p1Rp1/4p2p/Pp2P3/1Q2P3/1PP3PP/5RK1 w k - 5 23,f8e6,440,343,play,4,early_mid,black,w
3r2kr/5p2/8/2Nb3p/3b2p1/1P6/P3q1PP/2R1R2K w - - 0 42,e1e2,-527,-402,play,4,early_mid,white,w
4k1r1/p4p1R/p3qp2/Q7/P1P1p3/1P2P3/6rP/5R1K w - - 1 35,a5c7,105,71,play,4,early_mid,white,w
2r2bk1/pp6/5qp1/4pb2/8/nPBP2P1/P3QP2/2K1R2R w - - 1 31,e2d2,-669,-264,play,4,early_mid,white,w
2q1nrk1/5p1p/4b1p1/p7/3pP3/2bP3P/2Q1BPPB/1R1K3R w - - 0 29,e2g4,71,8,play,4,early_mid,white,w
2r2rk1/1p1b1pp1/1q2p2p/p1BpP2P/5P2/1PPQ1NP1/P7/4RK1R b - - 0 22,b6c5,-115,-81,play,4,early_mid,black,b
3rk2r/Q1pb1p2/B1p1p2p/p1Pp2q1/3P4/P3P1P1/1P5P/4RRK1 w - - 5 27,a7c7,270,156,play,4,early_mid,black,w
4k3/3bbp2/7r/p2R2p1/1p1QP2p/1P3pP1/P1q2B1P/6K1 b - - 2 33,c2c1,-613,-349,play,4,early_mid,white,b
6k1/p3n3/5qpp/4P1n1/Pp1p1p2/1Pr3P1/3QPP1P/RR4K1 b - - 0 37,f6e5,-469,-358,play,4,early_mid,white,b
4rrk1/p4p1p/3p2p1/8/2bnqP1P/P4Q2/1P3K1R/3R2N1 w - - 0 25,f3e4,-614,-621,play,4,early_mid,white,w
r4rk1/1bp5/4p1pp/6N1/1pp1P3/1P1q2PP/3B4/1RKQ3R w - - 0 27,d2b4,-336,-263,play,4,early_mid,white,w
3rb1k1/r4pp1/2p1pn1p/p1N1N3/Pn1P4/1P1B1PQ1/6PP/2R3K1 w - - 1 27,g3h4,499,507,play,4,early_mid,black,w
2r3kb/7p/3R3P/p1pN4/PpPnr3/4B1P1/2R1PP2/4K3 w - - 2 43,e3d4,289,179,play,4,late_mid,black,w
8/2pk1p1p/1p2p3/pq2P3/3P4/2Q2p2/PP1K1P1r/4R3 b - - 3 23,h2f2,-475,-284,play,4,late_mid,white,b
8/1p3pk1/4p2p/3pP2p/3P1P2/3q2P1/1r3B1K/4Q3 w - - 0 38,f4f5,-761,-532,play,4,late_mid,black,w
3rk3/5p2/5PnR/3pP3/p2P4/3rB3/P1R1N3/4K3 b - - 0 41,d3e3,252,449,play,4,late_mid,black,b
r6k/1p3Bp1/1n6/p2pP3/6n1/P3PQ2/1P2KPP1/q7 w - - 0 30,f3g4,-221,-126,play,4,late_mid,white,w
r7/pn1k4/3b1p1p/1P1p4/3P2r1/P3B3/4KPp1/R5R1 b - - 3 27,b7a5,-577,-439,play,4,late_mid,white,b
r5rk/1p5p/b2Bpp2/8/P2N4/1pn1P2P/1N3P2/R3K1R1 w Q - 6 29,g1g8,244,193,play,4,late_mid,white,w
8/pp1nkpp1/4pn2/P2p3p/1P1P3P/2rNPPP1/2r5/R3K2R w - - 3 25,e1d1,-501,-454,play,4,late_mid,black,w
8/p2k1n2/1p6/2pp1P2/6P1/4q3/7Q/R4R1K w - - 0 34,a1a7,765,416,play,4,late_mid,black,w
r6r/ppk1n1n1/4PNp1/8/2p1N1P1/2P2R1P/P7/3R2K1 w - - 3 31,d1d7,641,371,play,4,late_mid,black,w
r7/p1k1N3/1pbp4/2p1nP2/P1P1P3/3P1p1p/2qB1P1P/3RK1R1 w - - 6 30,e7d5,-99992,-391,play,6,late_mid,black,w
8/2kr1pp1/p1b1p2p/P2rP2n/5P2/3BK2P/1P1RN3/2R5 w - - 3 33,e2c3,138,125,play,6,late_mid,white,w
1r6/4k1p1/2p1np1p/2n5/2P1p1PP/r3B3/P1RRPPB1/6K1 b - - 7 40,g7g5,62,49,play,5,late_mid,black,b
r3n3/pp1R4/1k2P2r/8/2p1NNP1/2P2R1P/P7/6K1 b - - 2 37,b6c6,692,558,play,5,late_mid,black,b
3r2k1/1p2qp2/p2R1np1/P1p1p1bp/2B1P3/2B2QPP/1PP2P2/3R2K1 b - - 0 27,d8d6,224,419,play,3,early_mid,black,b
1qr4r/3pkpQ1/p3p2p/3P4/8/6P1/P4PKP/R1R5 b - - 0 25,b8a8,124,120,play,3,early_mid,black,b
2r2k1r/1p3pp1/p1p1p3/P4bNp/3Pp2P/R3q3/1PP1B3/3Q1K1R b - - 1 21,e3f4,87,106,play,3,early_mid,white,b
1r4k1/4b2p/1q2p1p1/3pPp2/P3n3/6P1/R3QP1P/Br2R1K1 w - - 1 32,a4a5,-388,-380,play,3,early_mid,white,w
2r1k3/5p2/p3p3/q2pP3/P1pP1Q1N/R7/2r5/1R4K1 b - - 1 34,a5d2,63,177,play,3,early_mid,black,b
2kr4/pp2q3/2p1b2p/2P2B2/3p1QP1/P3P3/1P1R2R1/1K6 b - - 6 37,e6f5,554,262,play,3,early_mid,black,b
r3k1r1/2R1qp2/p3p2p/1p6/5Q2/b3PN2/5PPP/3R2K1 b q - 1 25,e8f8,533,256,play,3,early_mid,black,b
2b1k2r/4npp1/1qPp1n2/4p2p/1pP4N/3P2P1/1B1QPPBP/4K2R w Kk - 4 21,d3d4,142,149,play,3,early_mid,black,w
1k2r2r/1p1q2p1/pB2B2p/4bp1P/8/1QP2P2/1P6/1K6 w - - 0 36,e6d7,501,-165,play,3,early_mid,black,w
2r1k3/8/2b1n1p1/7q/1p1pP1r1/pP1B4/P1P2RQP/5RK1 b - - 8 41,g4g2,-635,-420,play,3,early_mid,white,b
r3k2r/pp2ppb1/n1p1b2p/4n1P1/2PNN2R/6B1/P4P2/2R1KB2 b kq - 0 20,e6c8,-225,-160,play,3,early_mid,black,b
3rk3/4qN2/p5p1/3p4/P4Q2/3BPR2/7P/2r3K1 w - - 1 36,g1g2,468,,play,3,early_mid,black,w
5r1k/6pp/1ppp1P2/p1b5/P1q5/2P4P/1KQ2p2/R2R4 b - - 1 36,f8f6,-499,-412,play,3,early_mid,white,b
r1b2rk1/p5bp/2p3p1/P2n4/6P1/5P1P/1Pn2B2/2KR1BNR w - - 0 22,c1c2,-250,-181,play,3,early_mid,white,w
4k1r1/4b3/p1r1qp2/5p1p/2bP1B1P/5PP1/P2Q3R/2R3K1 b - - 1 31,e8f7,-381,-345,play,3,early_mid,white,b
r4r1k/p3Qp1p/qpp1pNp1/4P3/2P2P2/8/PP4PP/1K1R3R b - - 2 27,a6c4,487,375,play,3,early_mid,black,b
1r2r1k1/1Pn2pB1/pq4p1/2p1p3/Q3N2P/2PP2P1/5P2/R5KR b - - 0 27,g8g7,308,345,play,3,early_mid,black,b
2r2k2/4np2/p5q1/Ppp1p1P1/2Ppp3/1P1P2Pr/2NQ3P/4RRK1 w - - 0 28,e1e4,314,99,play,3,early_mid,white,w
4rk1r/pp4pp/8/1Q4P1/1b1Pp1BP/4n3/qP3P2/2R2KR1 w - - 0 29,f2e3,310,,play,3,early_mid,white,w
r1r3k1/5p1b/3p1p2/3PqP2/p1p1P3/5BPP/3Q4/1RR4K w - - 9 44,d2c3,-40,25,play,3,early_mid,black,w
4r1k1/6nr/1p2P1R1/p1p4p/P1P1pP2/1P1qP1R1/4Q1P1/5K2 w - - 3 43,e2d3,223,41,play,3,early_mid,black,w
4rk1r/p4ppp/1p6/1q1Rp3/8/4BQ2/PPP2PPP/1K6 b - - 3 20,b5c6,-71,-27,play,3,early_mid,black,b
2k2r1r/1p1bb1p1/pBq1p2p/5p2/6PP/1Q1B1P2/1PPN4/2K4R w - - 3 23,d2c4,-80,-125,play,3,early_mid,black,w
r4rk1/1pp3pp/3pp3/p1b5/1n2P3/2N2N2/PP3PPP/R4RK1 w - - 0 17,a1c1,-217,-166,play,2,late_mid,white,w
6k1/2q3pp/1pr5/3p1p2/3P3Q/4PN2/P3b1P1/6K1 w - - 10 43,f3e1,-572,-246,play,2,late_mid,white,w
4kr2/p3npbp/1n1N2p1/1b1p4/5BP1/5P1P/PPP5/2KR3R b - - 1 24,e8d7,400,,play,2,late_mid,white,b
r1bk3r/1ppn1pp1/3p3p/p2P4/4P3/3Nb1P1/PPP2pBP/R2N1K1R b - - 4 17,e3a7,-120,-141,play,2,late_mid,white,b
1nr4k/2r2p2/p1P1p1p1/4P3/6P1/P2Q4/1P3PP1/2R2K2 b - - 1 29,h8g7,465,480,play,2,late_mid,black,b
5rk1/3b1p2/7p/3n2p1/4P3/b2B1N2/PN4PP/R1R3K1 w - - 1 24,e4d5,499,379,play,2,late_mid,white,w
r4rk1/p2nppbp/1p3np1/4N3/2Np1B2/4PP1P/P5P1/1RR3K1 w - - 0 17,e3d4,-187,-118,play,2,late_mid,black,w
b1r5/r4pk1/2PR1npp/1B6/1P3P2/P5P1/4P2P/R5K1 w - - 3 35,a3a4,90,119,play,2,late_mid,black,w
8/2k3p1/2pn3p/1pb1p3/4P1q1/1R5N/P1P1R3/3K4 w - - 7 33,d1e1,-721,-671,play,2,late_mid,white,w
r1r3k1/1p2p3/1n3bp1/p2pNb1p/P2P1B2/1P2R2P/5PP1/4R1K1 b - - 1 25,f5e4,-401,-462,play,2,late_mid,black,b
8/5pk1/4p1p1/6Qp/2r1q3/8/1PP5/1K1R4 w - - 2 47,g5c1,-374,-375,play,2,late_mid,white,w
2r1kb1r/pp2npp1/4p3/3pP2p/3P1B2/PnN2N2/1P3PPP/RK1R4 w k - 7 17,a1a2,-61,-42,play,2,late_mid,white,w
2rr2k1/4b2p/1p2bpp1/pNn1p3/3p2P1/PP1P1B1P/3NPP2/1R2K2R b K - 1 24,a5a4,-108,-119,play,2,late_mid,white,b
5rk1/2n2ppp/5n2/8/1bN1P3/1r3P2/3B2PP/2R1K2R w K - 1 26,e1e2,-320,-273,play,2,late_mid,white,w
2r3k1/p1q2pb1/6pp/4p3/4Q3/3BnN1P/PP3PP1/1K6 w - - 0 26,e4e3,-503,-241,play,2,late_mid,white,w
4k3/p2n3p/prpnppr1/3p2P1/3P3P/R1PNPN2/4K3/7R b - - 2 28,d6b5,-125,-110,play,2,late_mid,white,b
2bkn3/7p/2p5/3p2r1/RN6/1PP1b1P1/4P1BP/4KR2 b - - 9 26,c8d7,438,353,play,2,late_mid,white,b
r1b1k2r/1pp3pp/1p1p4/4ppB1/PnP1P1n1/3P1N1P/1P2BPP1/R2K1R2 b kq - 0 15,f5e4,-13,24,play,2,late_mid,white,b
6k1/p5p1/1p5p/5r2/PPPb1q2/8/4QPPP/5RK1 b - - 1 32,f4e5,-394,-413,play,2,late_mid,white,b
1rb1k2r/6p1/p1nb3p/1p2p3/3N1P2/1N1B4/PP4PP/4RRK1 b k - 0 20,c6d4,12,141,play,2,late_mid,black,b
r2k1b1r/pp4pp/4b3/2n1N3/2P5/4P1N1/P4PPP/R4K1R w - - 1 18,a1c1,-387,-348,play,2,late_mid,white,w
3r3k/p5pp/p7/P2p2P1/1Q2p3/2P1P3/4qPR1/6K1 b - - 8 44,e2d1,-34,-23,play,2,late_mid,white,b
r3r1k1/1pp2pp1/p2p1n1p/n7/2PN1Pb1/P4B2/2P3PP/2BR1K1R w - - 3 25,d1d3,-303,-262,play,2,late_mid,white,w
6k1/5ppp/p2rp3/4Q3/8/1P6/1PPq2PP/1K2R3 b - - 5 32,h7h5,-23,-46,play,2,late_mid,white,b
rk3b2/1p4p1/p1npb3/5n2/4Q1p1/1P4P1/P1P1PP2/4K2B w - - 0 21,e4e6,259,-205,play,2,late_mid,white,w
r1b2rk1/ppp4p/5pp1/3PNn2/1n1P1P1P/1P2PN2/1P3KB1/R6R w - - 1 19,e5c4,-31,34,play,2,late_mid,white,w
1r2k2r/p2n1p1p/p1p1p3/3p4/2nP4/2PNPN2/4K1PP/R4R2 b k - 5 23,a6a5,-184,-125,play,2,late_mid,white,b
1k6/r7/1p2p3/3p1pn1/qP1P1N2/4P1Pp/8/5RQK b - - 3 47,a4c2,-501,-279,play,2,late_mid,white,b
r1b3k1/ppp3p1/7p/2q1p3/2P4P/2QP1RP1/PP2B3/6K1 w - - 1 24,g1h2,-8,,play,2,late_mid,white,w
6k1/3q2p1/p7/2Q2R2/2P2p2/3P1Pb1/1rPB2K1/8 b - - 2 37,b2b8,265,129,play,2,late_mid,white,b
r4rk1/1pB1np1p/2p2b2/p5p1/2P1P1b1/2NP2PP/PP6/R3K1NR b KQ - 0 14,g4e6,114,66,play,2,late_mid,white,b
1r3k1r/pp1b1p2/3p2p1/1N2n3/2PN3p/2R1P1P1/P5BP/4K2R b K - 1 22,h4g3,311,244,play,2,late_mid,white,b
5knQ/6p1/2p4p/3p4/8/1N1P4/2KR4/5q2 w - - 7 54,d3d4,303,309,play,2,late_mid,white,w
k3r3/p1B2npp/5p2/3r1n2/1P6/4PNP1/3P3P/2R2RK1 b - - 0 29,h7h5,155,124,play,2,late_mid,white,b
rn6/1k1r1n2/1pp2BRp/p7/4N3/P4P2/1PP4P/R1K5 w - - 2 30,c2c3,214,229,play,2,late_mid,black,w
3qr3/4bpkB/2n4R/1bp5/1p1p4/3P1NP1/1P3K2/1NBQ4 b - - 0 27,e7f6,299,241,play,6,early_mid,white,b
3r1qk1/6pp/2n1N3/p7/R3p3/2P3Q1/2KN1PPP/1r6 b - - 2 33,d8d2,-10,-57,play,6,early_mid,white,b
rn1b3Q/pp2kqRP/2p1b3/2P2p2/3P4/8/P2P1P2/RNBK4 b - - 0 33,b8d7,759,417,play,5,early_mid,black,b
2kbR3/B2n4/3p1p2/3P1P2/p1PQ1R2/3n4/6KP/3q4 b - - 4 62,d7e5,217,101,play,5,early_mid,black,b
2r3k1/1p6/1p2r1p1/1P3n1p/PRp2P1b/2Q5/3Bq3/2K3R1 b - - 0 36,g8f7,-688,-381,play,5,early_mid,white,b
1r5r/pp1bkpp1/P1np1n2/2p1pP1p/Q1P1P2P/3PB1P1/6B1/4K2R b K - 0 21,b7a6,-119,-47,play,6,early_mid,black,b
7r/1p1n1pk1/2p3p1/p7/Pr2PQ1P/1p2PKP1/q5B1/1RR5 b - - 0 30,h8e8,-697,-372,play,6,early_mid,white,b
3k2Q1/rp2q1p1/7p/p4R2/5P2/PPP3P1/1K5P/4r3 b - - 15 37,e7e8,0,,play,3,late_mid,white,b
2rr1k2/5ppB/p2bpn1p/1p1bN3/1P1P4/P3BP1P/6P1/R1R3K1 w - - 6 29,h7d3,-29,-47,play,3,late_mid,black,w
2rr1k2/3bb2p/1p4p1/pN2pP2/2Bp1n2/PP1P3P/3NPP2/R2K3R b - - 0 29,g6f5,-149,-133,play,3,late_mid,black,b
2r1k2r/Rp1n1ppp/3b4/3p4/3Pn2P/1PN3PN/1P3P2/2B1K2R w Kk - 1 16,e1e2,170,145,play,3,late_mid,white,w
k2r4/p4p2/2p1n1pp/4Pb2/2PbNP2/P1NP2R1/6KP/2R5 w - - 11 36,c1f1,153,163,play,3,late_mid,white,w
4k2r/1p2b2p/1Bn2pp1/1N3b2/5P1P/3p4/PP6/R1K4R w k - 1 28,a2a3,10,-18,play,3,late_mid,white,w
4kb1r/5pp1/3pb3/2p1p3/2P4p/rP4PP/P2B2B1/R2nR2K w k - 0 27,a1d1,-321,-142,play,3,late_mid,white,w
6k1/1p3ppp/p2q4/8/2P5/2K3R1/1R2N3/5r2 b - - 9 45,f1d1,-565,-643,play,3,late_mid,white,b
1b1q3r/5Q1p/6pk/1P6/4R3/8/6PP/4B1K1 w - - 4 47,g2g3,677,414,play,3,late_mid,black,w
1b2k1r1/n4p2/1r2pBn1/R1p5/2B1NP1p/2PP2Pp/1P6/3KR3 w - - 1 36,g3h4,44,243,play,3,late_mid,black,w
2r3k1/5p1p/4pBp1/8/2b2P2/n3P2P/4B1P1/2rNK2R b K - 0 34,c4e2,-419,-372,play,3,late_mid,white,b
r2k3r/1pp3b1/p1npb1p1/8/3pPN2/6N1/PPP1BP1P/R3R1K1 b - - 4 19,e6f7,-140,-116,play,3,late_mid,white,b
4k2r/1p1b1pb1/4p1p1/p2pP1Bp/P1rp1P1P/R5PB/8/1N1KR3 w k - 0 25,h3f1,-41,14,play,3,late_mid,black,w
8/6rk/3qPQp1/p6p/2P4P/3PR1P1/5P2/5K2 w - - 3 44,f6e5,551,480,play,3,late_mid,black,w
3r4/5k2/4ppp1/7p/1q3P2/5Q2/6K1/7R b - - 1 31,b4d2,-503,-518,play,3,late_mid,black,b
3rk3/p1Q5/4N3/3Pp3/7p/PP6/2P5/2K2q2 w - - 12 50,c1b2,14,,play,3,late_mid,black,w
4r1k1/8/6pp/4p3/2Pp4/3P1PPq/PPQ4P/5bK1 b - - 1 44,h3f5,-583,-417,play,3,late_mid,white,b
3r4/5pk1/5p2/1p1Pp3/1q2P1P1/7P/1p2R3/K3RB2 w - - 0 39,e2b2,-99992,,play,3,late_mid,black,w
k1b5/7r/1pN1p3/pP6/P1pP4/4RQP1/8/5K1q w - - 8 56,f3h1,158,,play,3,late_mid,white,w
2r1k2r/Rp1n1ppp/3b4/3p4/3Pn2P/1PN3PN/1P1B1P2/4K2R b Kk - 2 16,e8g8,169,70,play,3,late_mid,white,b
3k3r/1p2Rp2/1p4N1/7p/8/8/Pq3PPP/3R2K1 b - - 2 23,d8c8,373,,play,3,late_mid,black,b
3k1r2/R6p/3N2p1/3B1p2/6P1/2bP4/5r1P/3K3R w - - 0 30,d5e6,99994,380,play,3,late_mid,black,w
rk3b2/1p1bn1p1/p1npN3/8/6p1/1P2Q1P1/P1P1PP2/4K2B b - - 1 19,d7e6,121,97,play,3,late_mid,black,b
8/5pk1/P7/6p1/P2b3p/5q2/2Q2P1P/2R2K2 b - - 2 43,g5g4,0,3,play,3,late_mid,white,b
2r1k3/3p1pb1/1p2p2p/p1P1P3/P1P4q/1P2B3/3QKP2/3R4 b - - 0 30,h4h5,170,53,play,3,late_mid,black,b
r2q1k2/1pp1Q1p1/1n1P1nr1/p3B2p/3PN3/PP3R2/5P2/1R2KB2 b - - 0 28,d8e7,439,,play,5,opening,black,b
1k1r1b1r/1p2ppp1/p3qn2/5b2/3P1N2/BP1BP3/P4K1P/2RQ3R b - - 0 18,f6e4,-261,-182,play,5,opening,white,b
r3r1k1/6pp/pn1b4/1pPp2P1/5PqP/2Q1P3/PP1K2BR/R1B5 b - - 0 23,d6f4,-325,-192,play,6,opening,white,b
rnb2r2/pp1pk1p1/2qbp1n1/1N1P1p1p/7P/P1QBPN2/1P1B1PP1/R3K2R b KQ - 0 14,c6c3,379,440,play,6,opening,black,b
r1bqk2r/pppp1ppp/2n2n2/2b1p3/2B1P3/2NP1N2/PPP2PPP/R1BQ1RK1 b kq - 0 1,e8g8,51,31,canon,1,opening,white,b
r1bq1rk1/ppp2ppp/2np1n2/2b1p3/2B1P3/2NP1N2/PPP1QPPP/R1B2RK1 w - - 0 1,c3a4,20,5,canon,2,opening,white,w
r1bqkb1r/pp3ppp/2n1pn2/2pp4/3P1B2/2PBPN2/PP3PPP/RN1QK2R b KQkq - 0 1,f6h5,-23,17,canon,2,opening,black,b
2r2rk1/pp1bppbp/3p1np1/q7/3NP3/1BN1BP2/PPPQ2PP/2KR3R w - - 0 1,c1b1,434,553,canon,3,opening,black,w
r2q1rk1/1b1nbppp/p2ppn2/1p6/3NPP2/2N1B3/PPPQB1PP/2KR3R w - - 0 1,e2f3,-177,-80,canon,1,opening,black,w
6k1/5ppp/8/8/8/8/5PPP/3QR1K1 w - - 0 1,e1e8,99999,722,canon,1,endgame,black,w
