fen_start,sf_best,sf_cp,sf_static,wing,color,surplus,phase,outside,stm
rnbqk2r/p3npp1/2p2b2/2ppp2p/7P/P1NBPN2/1PQP1PP1/R1B1K2R b KQkq - 0 10,e5e4,-313,-246,qs,b,1,mid,1,b
1r5k/2p1n1rp/2qp4/p3pp2/8/1PPP1Q2/P2N1PPP/1R2R1K1 w - - 2 23,f3c6,93,8,qs,w,1,mid,1,w
6q1/5k2/p7/1p2R1p1/7p/P1NN4/1PPK4/8 w - - 0 42,c3e4,140,88,qs,w,1,eeg,1,w
r4kr1/p1RRnp2/4p2p/2p1P3/7N/2P4P/PP3PP1/6K1 b - - 2 24,e7d5,488,402,qs,w,1,eeg,1,b
r1b1k2r/3qnpb1/p1np3p/2pB2p1/4P3/5NB1/PPQ2PPP/RN1R2K1 b kq - 3 15,c6b4,-89,60,qs,b,1,mid,1,b
r1b5/1p1p3r/n1pk1Q1p/p2P4/7P/6P1/P3PPB1/5K1R b - - 0 25,d6c7,662,,qs,b,2,mid,1,b
1r3k2/5p2/1qbpp1pr/p1p1n1Np/P1P4P/1P2P3/1BQ1B1P1/1R3K1R w - - 4 26,f1f2,377,466,ks,b,1,mid,0,w
7r/3k1n1p/p2p1p2/3N4/2r4P/4PPP1/PP1p3R/R2K4 b - - 0 31,c4c1,284,230,ks,w,2,eeg,1,b
1q1k3r/r2P1p1p/ppb2p2/2bN4/2P5/P2QnNP1/1P2B2P/R3K2R b - - 4 22,a7d7,-104,-37,ks,b,1,mid,0,b
3r3k/7p/p5p1/2R2p2/P2qr3/3N4/1Q4PP/2R3K1 w - - 8 36,b2d4,279,,ks,b,1,mid,0,w
2bq1rk1/r1p2pbp/2Qp2p1/4pnN1/p1P5/P2P2P1/1P2PPBP/R1B1K2R w KQ - 1 15,c6b5,-225,-98,qs,w,1,mid,1,w
6k1/pb4p1/4p3/7p/6p1/P1Qq4/1P2rP1P/6KR w - - 0 31,c3d3,-584,-477,ks,b,2,mid,0,w
2K2k2/p4pp1/4p3/1P6/P3qP2/6P1/1R6/8 b - - 0 45,e4a4,-541,-344,qs,w,1,eeg,1,b
3r2k1/4r1b1/3q1p1p/1p5N/2p5/P1Q1P2b/1P2NP1P/2R1K1R1 b - - 1 31,d6h2,174,114,ks,w,1,mid,0,b
r2r2k1/p1n3bp/3q2p1/P1Nbp3/2B5/1Q2B3/1P4PP/R3R1K1 w - - 0 27,a1d1,414,176,qs,w,1,mid,1,w
1r1q1rk1/p3nppp/2p5/3p4/1Q2P3/8/PP1N1PPP/R4RK1 w - - 2 15,b4c3,13,24,qs,b,1,mid,1,w
r1nr2kb/1pq2p2/p1p3pp/P1QpP3/2P3bP/1P1BPN2/3N1PP1/2R2K1R b - - 2 21,h8e5,-8,-7,ks,w,2,mid,0,b
4r1kn/2R2p1p/5R2/5N2/5P2/4P1PK/5r1P/8 w - - 1 38,e3e4,487,412,ks,w,2,eeg,0,w
3rr1k1/b1p2ppp/1p6/p1p5/2PP4/2n1PBP1/P6P/R1B1R1K1 w - - 2 27,d4c5,-48,-53,qs,b,1,mid,1,w
r3k1r1/pp2p2N/1q1p1bp1/2p4n/2PpPPQ1/3P4/PP4PP/R1B2RK1 w q - 1 17,f4f5,477,334,ks,w,2,mid,0,w
5k1r/1q1nbpp1/4pn2/pB5p/P2Qp2N/1P2P1PP/1B3P2/2R3K1 w - - 5 25,b5d7,481,275,qs,w,1,mid,1,w
2k3rr/pppn1p1p/8/3b2B1/3P1P2/2P5/PP4PP/RN2R1K1 b - - 0 17,h7h6,-35,56,qs,w,1,mid,0,b
r1bq1rk1/1pppnppp/p4n2/8/2PQ4/6P1/PP2PPBP/R1B1K1NR b KQ - 1 10,d7d5,-8,-13,qs,b,1,mid,1,b
8/4pk1p/3p1bp1/pR1P1b2/8/1P1r3P/R5B1/2K5 w - - 2 35,a2f2,-318,-246,ks,b,2,eeg,1,w
r3k2r/p5p1/1bpp1p2/3nq2p/7P/3NPQP1/PP1B4/5RKR b kq - 5 28,e5e6,-97,-141,qs,b,1,mid,1,b
1r2k2r/1bq2pbp/ppn1p1p1/2p1N1B1/8/5NPP/PPP1QPB1/R3R1K1 b k - 0 19,c6e5,368,297,ks,b,1,mid,0,b
6nk/4q1p1/1p4Qp/1Np1p3/P1PpP3/1P1P3P/5R2/6K1 b - - 0 39,g8f6,500,284,qs,w,1,mid,1,b
r4k1r/4R1pp/5n2/1p1Np3/2p1P3/1P4PQ/2P2P1P/6K1 b - - 0 24,f6d5,549,385,ks,w,1,mid,0,b
6k1/1pqNp1r1/2p1P1p1/p1P2b1p/P6P/3rQ3/6P1/5RKR w - - 9 43,e3h6,-181,-94,qs,b,1,mid,1,w
2r2k1r/4bp2/6p1/pQp4p/2P4P/1Pq1P3/P2RKPP1/5B1R w - - 2 27,g2g3,276,122,qs,w,1,mid,1,w
5k1r/1pr2p2/p1bR2pp/8/4P1P1/1P5P/P1PR2B1/2K5 w - - 1 33,e4e5,202,123,qs,w,1,eeg,1,w
6k1/5R2/3N2p1/r1P1p2p/4P2P/Pn6/1P3K2/8 w - - 7 45,c5c6,554,301,ks,b,1,eeg,0,w
6rr/2pk4/1p1pb3/pP6/R1BpP2P/5pb1/1PP2P2/R5K1 w - - 0 31,c4e6,-378,-331,qs,b,2,eeg,1,w
r3k2r/pp2qpp1/3b1n1p/2pp4/P2n3P/1P1P2P1/Q2BPP2/RN3K1R w kq - 2 15,b1c3,-519,-554,qs,b,1,mid,1,w
1k2r3/ppp2p1p/6p1/6P1/2P1P2P/P1NR2K1/1r6/8 w - - 0 33,c3d5,-384,-346,qs,b,1,eeg,1,w
1n1rkb2/pq5r/2p1p1p1/1p1pBp1p/1P1P3P/1NPBP1P1/R4P1R/Q3K3 b - - 5 29,b8d7,472,467,qs,b,1,mid,1,b
r1r3k1/pp2pp1p/3pb1p1/2P5/2q5/1R4P1/P3PPQP/1K3B1R b - - 3 20,c8c5,-99996,-613,qs,b,1,mid,0,b
r2qk3/1pp5/4b1p1/p2ppp2/P1P1N3/bP2PN2/4QP2/2K3R1 w q - 0 24,c1b1,-455,,qs,b,1,mid,0,w
r1bq1rk1/pp2bppp/2n2n2/2pp4/N7/PP1P1NP1/1BQ1PP1P/R3KB1R w KQ - 1 12,f1g2,-30,-56,qs,b,1,mid,1,w
3rr1k1/b1p2ppp/8/p1p5/2P5/2n1PBP1/PB5P/R3R1K1 b - - 1 28,c3e4,-35,-11,qs,b,1,mid,1,b
r5k1/5pp1/p2qbn1p/2p5/3p3P/PrN1P3/3Q1PPN/R4K1R w - - 0 22,e3d4,-544,-464,ks,w,1,mid,0,w
1rb1k2r/1q4np/1p2p1p1/p2p2P1/1b1B4/1QN5/PP2PPBP/2R2RK1 w k - 4 20,c3d5,538,264,qs,b,1,mid,1,w
3k1r1r/pR4np/3bp1p1/3PNp2/2P3PP/P2B4/5P2/4R1K1 b - - 0 32,g7e8,494,346,ks,b,1,mid,0,b
r3r1k1/n2bqppp/1ppp1b2/p1nPp3/P1P1P3/Q1N1BN1P/2B2PP1/3RR1K1 w - - 0 24,d1b1,7,8,qs,b,1,mid,1,w
2krr3/pp3pp1/2p5/3p2Pp/3P1P1B/4P3/PPK1N2P/R6n w - - 1 23,c2d2,365,47,qs,b,1,eeg,0,w
r1b1k2r/1p3ppp/2nq1n2/pBpp4/Pb1P4/1Q2PNPP/1P1N1P2/R1B1K2R w KQkq - 2 12,d4c5,-100,-136,qs,b,1,mid,1,w
rr4k1/5ppp/p4n2/2Q5/6P1/P1N5/1PKN2q1/R7 b - - 2 34,b8d8,-589,-559,ks,b,2,mid,1,b
4r3/3nkpB1/3p2p1/2p4p/r1B1PP2/p6P/P4KP1/2R5 w - - 0 38,g2g4,-316,-262,ks,w,1,eeg,0,w
r1bqk2r/1pp3p1/2n1pPn1/p1b4p/3p1B2/P2P1NPB/1PPNQP1P/R3K2R b KQkq - 0 13,g7f6,91,185,ks,w,1,mid,0,b
rn1k1b1r/p4pp1/1p1pp2p/1N6/1P1Pn2N/4B1P1/PP3P1P/R3K2R w KQ - 2 19,d4d5,22,10,qs,w,1,mid,0,w
r1b1k2r/5pbp/p3p1p1/qp1np1B1/3n4/1B1Q1N2/PP3PPP/RN3RK1 w kq - 0 15,b1c3,-152,-207,ks,b,2,mid,0,w
r2q1rk1/pp1b1ppp/2n1pn2/3p4/1bPP1B2/2N2N2/PP3PPP/R2QKB1R w KQ - 3 10,a1c1,-50,-51,qs,w,1,mid,1,w
r3r1k1/1pp2ppp/1n1qbn2/p2pN3/P2P1P2/3BP3/1PQB2PP/R3K2R b KQ - 0 15,f6e4,-36,4,qs,b,1,mid,1,b
r4rk1/pb1p1ppp/1p6/1N3R2/4n3/1P2P3/2n2PPP/3K1B1R b - - 1 19,c2b4,-553,-379,qs,b,2,mid,0,b
r1br2k1/pp2bpp1/1npp3p/q7/4PBn1/1PNQ1NP1/P1P2PBP/R3R1K1 w - - 5 14,f3d4,80,51,qs,b,1,mid,1,w
1r6/1pr4p/3kp3/4p1p1/PRB1p3/8/P1P2PPP/4R1K1 w - - 2 23,c4b3,548,477,qs,w,2,eeg,0,w
2rqkb1r/pp3pp1/2n5/2P2b1p/4pP2/2P1B1P1/PP2N2P/RN1Q1RK1 w k - 0 13,d1d8,33,24,qs,w,2,mid,1,w
8/3k1p2/1p3p2/1Pp2P2/2P2K1r/R4B1p/7P/8 w - - 4 53,f3g4,549,,ks,b,1,leg,0,w
8/p3p1kp/3p4/1PrP2p1/r3p3/4P1PP/3N1K2/3B4 b - - 4 36,a4a2,-702,-515,ks,b,1,eeg,0,b
1nk2b1r/2p2ppp/p3p3/N3n3/1P3P2/P1Pr4/3P2PP/R1B2RK1 b - - 0 19,e5g4,-346,-248,qs,w,2,mid,0,b
2k1r2r/qppb4/3p2pp/3P1p2/p2p1P1P/P2P4/1P2PPB1/1QR1K2R b K - 2 22,a7a5,9,-74,qs,b,1,mid,1,b
1r1qkb1r/ppp1npp1/2n1p1N1/1B1p4/3P2pP/1P2P3/P1PN1P2/R1BQK2R b KQk - 0 10,e7g6,-87,54,ks,b,1,mid,0,b
4n2k/rb3pp1/1p2r2p/pRp2N1P/2N1PP2/P3PP2/8/5K1R w - - 1 32,b5b6,149,191,ks,w,2,mid,0,w
8/5Rpp/6k1/6P1/1p2rp2/5K2/PP5P/2r5 b - - 5 46,g6f7,-684,-483,qs,w,1,eeg,1,b
2b5/1r1rk3/1p1p2pp/7n/P1PnpB1P/3P2P1/1R2P3/4KB1R w K - 3 27,f4h6,-162,-125,qs,w,1,mid,1,w
2r1k2r/pp2ppb1/3pbn1p/2n4B/2P1P3/4R3/P2N1PP1/3Q1K1R b k - 0 18,f6h5,180,118,qs,b,1,mid,1,b
3rnk2/Npn2p2/1N1p2p1/3P4/1P4P1/P4P2/3Q2K1/b7 b - - 2 37,f8g8,337,326,qs,w,1,eeg,1,b
r3kb1r/pp1b1p1p/4pnp1/q2pN3/3P4/1QN1P1P1/1P3P1P/2R1KB1R b Kkq - 1 18,a5b4,-124,-51,qs,b,1,mid,1,b
r7/2Pb1p2/3k2p1/P3p2p/2B1P3/5PP1/8/5K1R b - - 4 42,a8a5,0,21,ks,b,1,eeg,0,b
r5k1/2pp2pp/pp1qp3/4np2/2P5/P1NPB3/1P2QKPP/3R4 w - - 0 22,f2f1,296,273,ks,b,2,mid,0,w
r3r1k1/1p1n1p2/p1p3pp/4Pb2/2P1P3/2B2N2/6PP/3RKB1R b - - 0 23,f5e6,278,319,ks,w,1,mid,0,b
3r1rk1/2R2ppp/pq2pn2/nb6/1Q1PB3/Pp2PN2/1P1N1PPP/2R3K1 b - - 4 22,d8b8,334,258,qs,w,1,mid,1,b
2r1r1k1/1p3p1p/2bB1np1/p6n/1PBb3P/P3PP2/3N1P2/3RK2R b K - 13 29,d4c3,-432,-445,ks,w,1,mid,0,b
rn2k2r/pp3p2/2p2p1p/4qb2/4N3/3P2PP/PP2PPB1/R2QK2R b KQkq - 0 15,b8a6,197,160,ks,w,1,mid,0,b
1r2k1r1/3nppbp/Bp1pb1p1/8/2P5/2P1P1N1/P2B1PPP/R3K2R b KQ - 2 15,b8a8,-105,-107,qs,w,1,mid,1,b
3r2kr/p1qn2p1/1bp1bp2/2p1p2p/Q1N1P2P/1PBPNRP1/P1P5/2K1R3 w - - 16 38,e1g1,164,99,qs,w,1,mid,1,w
2r2rk1/pp3ppp/2q1p3/3n3b/3P4/1Q1B3P/PP1N1PP1/R3R1K1 w - - 1 19,d3e4,16,-7,qs,w,1,mid,1,w
r4k1r/1pBqn1p1/2b1pp2/3n3p/P3PN2/1Q5P/1PB2PP1/R2R2K1 b - - 0 29,g7g5,360,355,qs,w,1,mid,1,b
r1bqk2r/1pp2pp1/3bpn1p/8/p2P4/P2B1N2/1PP2PPP/R1BQ1RK1 w kq - 2 11,f3e5,99,59,qs,w,1,mid,1,w
N4b1r/4nkp1/1qb2n2/p2p1p1p/1P3P2/P3PB2/1B1Q2PP/2R1K1NR b K - 0 20,c6a8,465,358,ks,w,1,mid,0,b
7k/6p1/7p/p1pq1p1P/pr1p2nN/3P2P1/4PP2/2Q2KR1 b - - 3 48,d5b7,-589,-363,ks,w,1,mid,0,b
2k4R/pp1b4/1n6/1P1r2p1/5P2/6P1/4B3/5K2 b - - 1 38,c8c7,-375,,qs,b,1,eeg,1,b
2q1r1k1/1bb2ppp/4nn2/p2p1N2/P3P3/2Q2PPP/1P3B2/R2R2K1 w - - 0 32,a1c1,-231,-171,ks,w,1,mid,0,w
5r2/r5p1/2k3Pp/p1p1bP1P/RpPp4/1P3R2/8/5K2 b - - 1 53,d4d3,-524,-539,ks,w,1,eeg,1,b
1k1rr3/ppb5/4bBp1/1P3pPp/P1P1pP1P/3p4/3P1RB1/2R1K3 b - - 3 31,d8c8,-301,-204,qs,w,1,mid,0,b
4rk2/1p3pp1/5q1p/2pP1b2/Q3p3/2P1R1P1/2R2P2/4n1K1 w - - 0 41,c2e2,-105,-251,ks,b,2,mid,0,w
rn2kb1r/2qp1ppp/pp2p3/8/3NQ3/PP4P1/2P2P1P/R1B1KB1R b KQkq - 0 11,c7c3,-54,269,ks,b,1,mid,0,b
r4rk1/7p/n1p1qp2/B1bpnNp1/Q5P1/2P5/1P1N1PB1/R3R1K1 b - - 2 22,c5f2,289,282,ks,b,1,mid,0,b
1r3rk1/4bp2/pp3np1/n1pq1b1p/P3PB2/2P2P2/Q3N1P1/R4K1R w - - 0 28,e4d5,200,-287,qs,b,1,mid,1,w
6k1/6p1/8/1pr1p1R1/p3PP2/P1P4P/1R2K1P1/r7 b - - 0 36,a1a3,21,83,ks,w,2,eeg,0,b
2r1k2r/p2q1p2/1p1p1b2/1P1Ppbpp/PBPp4/3P2PP/5PB1/3RRQK1 w k - 0 24,f2f4,92,58,qs,w,1,mid,1,w
3r2k1/R7/2N2pp1/1p1n1b2/8/5P2/P5PP/6K1 b - - 0 33,d8d6,-340,-279,ks,w,1,eeg,0,b
r3k2r/1pp1npp1/1p1pb2p/1P2q3/2PpP3/PQ1B1P2/1B1P2PP/R3K2R w KQkq - 5 15,d3e2,29,25,qs,b,1,mid,1,w
8/R3Rpk1/2p3p1/p4r1p/5P1P/KP4P1/5n2/8 w - - 19 46,e7e5,344,251,qs,b,1,eeg,0,w
8/8/2k3p1/p1prN2p/P4r1P/1PR5/6K1/8 b - - 0 49,d5e5,-694,,ks,b,1,eeg,0,b
1r1q1rk1/Q3bppp/p2p4/P1pPp2P/4P1b1/R2P4/1Pn1NPP1/2BK1B1R b - - 6 16,c2a3,-403,-263,qs,w,1,mid,1,b
2kr3r/p5b1/2pp2pp/3q4/P2P1PP1/4BQ2/1PP3P1/R2KR3 b - - 1 27,d5f3,216,238,qs,w,1,mid,0,b
8/4n3/2p1k1p1/p1P2p1p/PP6/3N3P/5KB1/8 b - - 0 48,a5b4,466,309,qs,w,1,leg,1,b
3r1rk1/pp3ppp/2n5/2p3N1/1n6/4P1P1/PP2KPBP/3R3R b - - 3 18,c5c4,74,46,qs,b,1,mid,1,b
r2q1rk1/pp2ppbp/3p1np1/2p2b2/2P1P3/1PNQ1NPP/PB3PB1/R3K2R b KQ - 0 12,f6e4,211,407,qs,b,1,mid,1,b
r1bqk2r/ppp1bpp1/5n2/3P3p/1nB5/PQN2N2/1P1P1PPP/R1B1K2R b KQkq - 0 9,b4a6,302,170,qs,w,1,mid,1,b
r1q1k2r/1p1nppbp/2n1b1p1/pNPp4/1P1N1B2/P3P2P/2P1BPP1/R2QK2R b KQkq - 1 12,d7e5,264,184,qs,w,1,mid,1,b
1k1rr3/1ppq4/p1nn1b2/1P1p3p/P2P1Bb1/N1PB1N2/2Q3PP/4RRK1 b - - 0 20,e8e1,239,191,ks,w,1,mid,1,b
2rr2k1/pb3ppp/1q1bpn2/1p6/3P1n2/PP1B1N2/1B1N1PPP/R2R1QK1 b - - 14 19,f4d3,-202,-182,qs,w,1,mid,1,b
6Q1/3k1p2/5P2/p1r1b1P1/4P3/8/2r1K3/8 w - - 5 54,e2f3,-102,,ks,w,2,eeg,1,w
2r1kr2/pp1n2pp/2p1bq2/3n4/1b1Q4/1PN2NP1/PB2BP1P/2R1K2R b K - 5 20,e6h3,-36,-136,qs,b,1,mid,1,b
4k2r/Pb1qbpp1/2pPp3/Q7/3PB2p/5N2/PP3PPP/R1Rn2K1 w k - 1 26,a7a8q,842,527,ks,b,1,mid,0,w
2rq1k1r/5p2/3p1Ppp/pppN4/4P3/3PQ1P1/PP5P/1KR5 w - - 0 30,h2h4,108,42,qs,b,1,mid,0,w
8/1r1k4/6p1/5p1p/2P5/2bPB1P1/4K2P/5R2 w - - 0 28,d3d4,224,168,ks,b,1,eeg,0,w
1k3r2/8/1p2r1p1/4b1Pp/1PR1KP2/P6P/5B2/2R5 w - - 0 56,f4e5,594,205,qs,w,1,eeg,0,w
2k4r/p2rpp2/1pn1bbp1/2p1N3/2P3q1/Q2PB3/PP2BP2/2KRR3 b - - 1 19,f6e5,51,31,ks,b,2,mid,1,b
rq1n3R/pp1bkp2/3pRp2/7B/2P2B2/PN6/1PQ3P1/5K2 b - - 0 25,d8e6,556,,ks,b,1,mid,0,b
8/8/5R2/p1bkp2r/P3p3/8/1P1BKP2/8 b - - 1 52,h5h1,0,-10,qs,w,1,eeg,0,b
4rrn1/2ppqp1k/1pb4p/p1b4Q/2B1PPNP/P1PP4/1P4P1/R2KR3 w - - 7 23,d1c2,71,24,ks,w,2,mid,0,w
2rr1bk1/7p/p4pp1/2p5/2PpqP1P/P4NP1/1P1RPB2/2K1R3 w - - 0 28,g3g4,-602,-527,ks,w,1,mid,0,w
7r/3n1p2/2N1pk2/1P1p1p2/7p/R2P2PP/5PK1/8 b - - 2 35,h4g3,84,48,ks,b,1,eeg,0,b
r1r3k1/4q1pp/1pb1pp2/p2p4/P1nP1B2/2P3Q1/4NPPP/R4RK1 w - - 0 21,h2h4,-206,-221,ks,b,1,mid,0,w
r4rk1/5pp1/pp2pn1p/4N3/1P1P4/2N3Pb/5P1P/R1R3K1 w - - 1 21,f2f3,-58,-77,ks,b,1,mid,0,w
N4rk1/pp1bp1bp/3p1np1/2n2p2/P2P3P/6P1/qP1BNPB1/2RQ1K1R b - - 0 16,c5b3,185,148,ks,b,1,mid,0,b
1r5R/3n1p2/5k1N/6p1/4B2p/2N1P2P/2K4b/r7 w - - 2 48,h6g4,-126,-147,ks,b,1,eeg,1,w
7Q/4kp2/4p1p1/1p4Pp/p4P1P/P7/1P5K/3q4 w - - 3 46,h8e5,-169,-124,ks,b,1,eeg,0,w
r4k1r/1pq1ppbp/p5p1/3Ppn2/2R2P2/P1N5/1PPN1BP1/R1Q3K1 b - - 0 25,c7b8,400,406,ks,b,3,mid,0,b
5k2/p3rp1p/6p1/3R4/4b3/1P4P1/P4P1P/6KB w - - 0 30,h1e4,261,163,qs,w,1,eeg,1,w
1r3k2/1bn1b3/4p1n1/5pp1/BP1P4/P1P3Pr/4QK2/2R1R3 b - - 1 33,h3h2,-444,-176,ks,b,2,mid,0,b
1r2r3/1p4k1/p2p1ppp/2pPp3/2PbP3/PNN3B1/2R2PPP/6K1 b - - 1 28,b7b5,-54,68,qs,b,1,eeg,1,b
8/3k1p2/bpn1p1p1/2p1P1K1/4PP2/PP3NP1/8/2R5 b - - 2 42,a6e2,436,410,ks,w,1,leg,1,b
8/6k1/5p1p/2Nnp1p1/8/5PP1/7P/6K1 w - - 1 44,g3g4,-28,-40,ks,b,1,leg,0,w
1br5/3n1pk1/4p2p/NR2P3/1P3p2/3N3P/4K1P1/8 b - - 0 30,g7f8,14,26,ks,b,1,eeg,0,b
1b1r4/1P2k2p/2R3p1/2P1p3/4p3/5PP1/7P/1R4K1 w - - 0 39,f3e4,579,561,ks,b,1,eeg,0,w
8/3r2pk/p6p/1p2B3/PPb3R1/5P1P/6PK/8 w - - 4 49,a4a5,101,51,ks,w,1,eeg,0,w
1k6/p1p3p1/1p3p2/3r4/1Pn1p1R1/P2rP3/4K1PP/RNB5 b - - 7 32,f6f5,281,148,qs,b,1,eeg,1,b
6k1/1pp4p/6p1/p1q1pp2/PrPn4/3P3B/1r3PPP/R2QR1K1 w - - 6 32,a1c1,-401,-307,ks,b,1,mid,0,w
r3k2r/p2Bp1bp/3q1np1/5p2/Q7/2P5/PP1NNPPP/2R1K2R b Kkq - 0 16,d6d7,91,,ks,b,1,mid,0,b
1r3k2/p3Rpr1/2Bp2pQ/1pp5/1qP3P1/4P3/1P1K1P1P/7R w - - 1 30,d2d1,0,,qs,b,2,mid,0,w
4kbnr/2p4p/2b1pp2/6p1/2pP4/2B5/1P1N1PPP/2K2B1R w k - 4 20,f1c4,-19,-1,ks,b,1,eeg,1,w
3r4/ppkr2p1/4pq2/n1p1p2p/P2PP3/2P2P2/Q3N1P1/R2R2K1 w - - 0 25,a1b1,-147,-93,ks,b,1,mid,0,w
8/r4p1k/6p1/7P/1Q6/6P1/5PK1/8 b - - 2 40,a7d7,514,424,ks,w,1,eeg,0,b
2k3r1/ppp4p/5R2/1P2p2p/P1Pr4/3PK3/3R2P1/8 w - - 2 42,f6f5,0,-26,ks,b,2,eeg,0,w
2r1k3/p1Pn1p2/1p2p3/2q4r/4Q2p/PRP3p1/1NP2PPP/3R2K1 w - - 0 29,b2d3,-89,-101,ks,b,1,mid,0,w
rn2k2r/4ppb1/2p1b1p1/1p2N2p/1p2PP2/P2B3P/2PKNP2/3R3R w - - 0 19,a3b4,42,-187,qs,b,1,mid,0,w
4r1k1/pp4pp/q2b4/2p1rb2/PnPpN3/1P1P2PP/1Q2P1B1/R4RK1 w - - 2 22,b2d2,-431,-304,ks,w,1,mid,0,w
5k2/5p2/1p1p2p1/pr2q3/4P1R1/1PR2B2/1P1K1PP1/8 w - - 0 44,f3e2,-393,-269,qs,b,1,eeg,0,w
8/8/8/2r2kp1/7p/1R3K1P/8/8 w - - 10 63,f3g2,0,-2,ks,b,1,leg,0,w
8/7k/pp2n1p1/6p1/5r2/P5RP/4PKB1/8 w - - 2 44,f2e1,-55,,qs,b,1,eeg,1,w
2r1k3/p4p2/P2b3p/Rp3p1P/5Pr1/1B2n1PR/1B2P3/6K1 w - - 5 34,g1f2,96,76,ks,w,1,mid,0,w
8/2n5/3k2p1/P4p1p/2K2P1P/8/3B4/8 w - - 11 69,d2b4,343,177,ks,b,1,leg,1,w
4r1k1/pp4pp/2p5/2p4b/1PP4P/6q1/PK1Q2B1/6N1 w - - 0 29,b4b5,-636,-576,qs,b,1,mid,0,w
1r5r/p5p1/1p1QBnk1/8/7p/2P5/P4PPP/3R2K1 w - - 7 27,d6d3,99995,732,ks,w,1,mid,0,w
r1b1k2r/1p3p1p/6p1/p3P3/P4Pn1/RNP5/1P2P2P/4K2R b Kkq - 0 19,f7f6,-369,-318,qs,w,1,eeg,1,b
8/8/1p6/p1p5/P1Pb4/1Bk5/7K/8 w - - 3 76,b3d1,-569,-363,qs,b,1,leg,1,w
4r1k1/5p2/1p1r4/p7/Pn3P2/1P3KP1/8/2R1N3 w - - 1 44,f4f5,-534,-477,ks,w,1,eeg,0,w
r3r1k1/1p4np/p1p2qp1/P1Pp1pRn/1P1P3P/2BQPP2/5P2/3R1K2 w - - 2 27,f3f4,-417,-456,ks,w,1,mid,0,w
r3k2r/1pq2p1p/2p1pp2/p7/P1PP2n1/1Q1B4/1P3PPN/R3K2R b KQkq - 0 16,g4h2,-4,259,ks,b,2,mid,0,b
rn2k2r/1b3ppp/1p2pn2/p3b3/1P6/P1NBP2P/1BQ2P2/R3K1N1 w Qkq - 5 17,f2f4,453,443,ks,b,1,mid,0,w
4Bk2/2B4p/1p6/p1n5/Pr6/8/1b4PP/4R1K1 w - - 0 35,c7d6,23,29,qs,b,1,eeg,1,w
r1b2rk1/1p1n2pp/2pp1q2/p1b5/2PpPn2/P2B1N1P/1P1N1P1R/R1BQK3 w Q - 2 15,d1c2,-486,-428,ks,w,1,mid,0,w
1r4k1/1pR2p1p/p4p2/5N2/1P3P2/P4P2/4P1KP/8 b - - 2 39,b8e8,630,509,ks,w,1,leg,0,b
8/1p3pk1/p4p2/P4P1r/1r6/6P1/R5KP/8 b - - 2 40,h5f5,-633,-541,qs,b,1,eeg,1,b
8/2kn3p/2r4P/pq2pp2/3P4/P1R1R1Q1/K7/1rB5 b - - 2 43,b1c1,-533,-119,qs,w,1,mid,0,b
2krr3/pppqn2p/5pp1/3P1b2/5P1P/1QP5/PP1N2B1/2KR3R w - - 1 21,d2c4,8,-3,qs,w,1,mid,0,w
8/R1pkr1p1/1p1p4/7P/2bB4/5P2/2P3KP/8 b - - 0 30,b6b5,-73,-65,qs,b,2,eeg,1,b
2kr4/pp2qpp1/5n1p/2p5/P4B1P/1PNbbNP1/8/R1KR4 w - - 4 23,c1b2,-612,,qs,b,1,mid,0,w
5b2/8/1B5p/3kp1p1/1p3p2/P2b3P/1P4P1/2R1K3 w - - 0 40,b6a5,0,25,qs,w,1,leg,0,w
2k3r1/p1p2p1p/2n1pp2/1p1Pb2q/2P3r1/P4N1P/1P3PP1/R1B1RQ1K b - - 0 22,g4g2,-368,-81,qs,w,1,mid,0,b
6k1/5p1p/2pbr3/8/p2P1P2/3K3P/3B1PP1/R1b5 w - - 0 30,a1c1,158,58,ks,w,2,eeg,0,w
1r2r1k1/5pb1/1pnp3p/p1p1pPqQ/2P1P2R/RPBB2P1/3P4/3K4 w - - 2 31,h5f3,-38,-13,qs,b,1,mid,0,w
2R5/7p/5pk1/7p/2P3rP/6P1/5K2/8 w - - 0 57,c8g8,22,18,ks,b,1,leg,0,w
8/1r1nk1pp/4p3/pN2P3/Prp2P2/6P1/1PR4P/3R2K1 b - - 7 34,b4a4,73,94,ks,w,1,eeg,0,b
8/5p1p/p4P2/P5k1/8/1P2q3/5Np1/R5K1 w - - 0 55,a1b1,-385,-293,qs,w,1,eeg,1,w
8/3kpr2/p6p/8/P1R1NP2/7P/1P4P1/6K1 b - - 0 36,a6a5,592,567,qs,w,1,leg,0,b
8/6p1/p1p3k1/3b2Pp/1K1B3P/5P2/8/8 b - - 5 46,d5f3,0,-21,ks,w,1,leg,0,b
Nnbkr3/1p3p2/3p1q1p/p2P2pN/4B3/3Q2P1/P1P1PP1P/b3K2R b K - 1 15,f6c3,-351,-12,ks,w,1,mid,1,b
8/3nrkp1/3r1p2/pRp4p/3P3P/P1PKnP1R/8/2B5 b - - 3 33,c5d4,-526,-456,qs,w,1,eeg,1,b
6k1/1b4p1/p3pp1p/1p2N3/Pn1P3P/1PrB2P1/4KP2/3R4 w - - 0 31,e5d7,-213,-129,qs,w,1,eeg,1,w
4k3/1pR2p1p/1N3P2/Pb6/6PK/3r1P1P/8/8 b - - 2 47,d3d8,510,340,ks,w,2,eeg,0,b
8/2k5/8/pp6/3R4/P1PN4/1P2K1q1/8 w - - 20 72,e2e3,0,,qs,w,1,eeg,0,w
5rk1/p7/p3pppp/8/P2p1PbP/2N5/2P2RP1/6K1 w - - 0 31,c3e4,-287,-260,qs,b,1,eeg,1,w
6R1/5pp1/5k2/5rp1/7P/6PK/8/8 w - - 0 44,h4h5,0,2,ks,b,1,leg,0,w
r1bk2r1/2q2Qb1/1p2pn1p/p1pPP2B/P1P5/1P2P1N1/1B4PP/R4RK1 b - - 0 22,c7f7,743,550,ks,w,2,mid,1,b
6k1/5pp1/pp4bp/2pp4/4n1P1/P1qPQ2P/2P5/1RKNrB2 b - - 3 32,c3a3,-804,-619,qs,b,1,mid,0,b
7k/7p/2p5/p1R5/P1P5/1P1Pp3/6r1/3K4 w - - 1 53,c5c6,135,146,qs,w,2,leg,1,w
6k1/4r2p/1qp5/p2p1BN1/6P1/1PQ1P2P/3K4/7r b - - 0 43,b6b4,-467,-311,qs,b,2,mid,0,b
rk6/1p2B3/2qRrbQ1/p4p1p/2p5/2P1P3/P1P3PP/3R2K1 b - - 4 37,e6d6,469,206,ks,w,1,mid,1,b
1r3rk1/6pp/pp1p4/2pNp3/2P1P2b/PP1Q1q2/1BKP2bP/2R4R w - - 0 31,d3f3,-379,-257,ks,b,1,mid,1,w
6B1/1p6/p1r5/8/Pp1k4/1P6/8/5K2 b - - 5 55,c6c8,-518,-473,qs,b,1,leg,1,b
4r1k1/pp1RB1pp/8/5P2/2P1p3/1n6/P4PPP/6K1 b - - 1 36,b3a5,247,211,ks,w,1,eeg,0,b
3r2k1/6p1/8/1pr1p1R1/p1b1P3/P1P2P1P/1R2N1P1/6K1 b - - 0 33,d8d1,173,89,ks,w,2,eeg,0,b
2k5/1pR3p1/8/p4q2/7P/PP4P1/3BK3/8 b - - 0 41,c8c7,-616,,ks,w,1,eeg,1,b
3r4/2b1k1p1/4p3/p1P2r2/PpBP1n1p/1p2B2P/1P6/1K1R1R2 b - - 6 39,f4g2,-20,-17,ks,b,2,mid,1,b
5rk1/5pp1/p3p3/1p1pP3/3P4/6Q1/1P1K1P2/6q1 b - - 1 44,g1g3,-825,-491,qs,b,1,eeg,0,b
r3k2r/p3npp1/3p4/2pPp1Np/P7/2pP3P/1P3PP1/R3K2R w KQkq - 0 19,b2c3,-195,-150,ks,b,1,eeg,0,w
7r/5pk1/p1p1p1p1/P6p/1n6/2r1BP1P/1P3KP1/7R w - - 0 32,b2c3,1,-65,ks,b,1,eeg,0,w
r6k/6n1/p4RBp/8/P1N2p2/1P2p1P1/4P1KP/2r5 b - - 0 44,f4g3,216,64,qs,w,1,eeg,1,b
2R3k1/1p2pp1p/4nb2/P2p1B2/1P1P2Pr/4P2P/1B6/3K4 b - - 0 40,e6f8,471,,qs,w,1,eeg,1,b
8/4k2p/1NB3p1/2p5/6K1/7P/1Pr5/8 w - - 0 44,b2b3,0,-15,ks,b,1,leg,0,w
r5k1/1R5p/4Nnp1/3n4/8/p4P2/P4KPP/4R3 b - - 1 33,d5c3,435,438,ks,w,1,eeg,0,b
8/p2k3p/6p1/8/8/8/PP4bq/K2Q4 b - - 3 45,d7e7,-504,,qs,w,1,eeg,0,b
2k5/1p4pp/5n2/8/p1b3P1/2r1bP1P/P6R/3K1RN1 w - - 2 37,g1e2,-663,-527,qs,b,1,eeg,0,w
4r3/7p/2p1kp2/3b4/3P1P2/Q4P2/5K1P/8 b - - 1 43,f6f5,171,92,ks,w,1,eeg,0,b
8/p7/Pb5p/4NRpk/8/1P6/2K5/7r b - - 3 56,h1a1,-293,-236,qs,w,1,eeg,1,b
2r3k1/8/2pB1p2/2P3pp/1P2p3/2Pb3P/1P3KP1/4R3 w - - 1 34,b4b5,63,31,qs,w,3,eeg,1,w
3r4/p1r3k1/P2n3p/R1pBR1p1/2Pp2P1/3P3P/1PK5/2B5 b - - 0 36,d6c8,569,469,qs,w,1,eeg,1,b
r4rk1/2p2ppp/pp6/8/3q4/P1NP4/1P1B2PP/2KR1B1R w - - 2 18,f1e2,-9,25,ks,b,1,mid,1,w
6k1/r3b2p/pp1p1rpB/2pPp3/P1P1B3/P1R2p1P/5P2/5KR1 w - - 0 26,e4f3,452,446,ks,b,2,eeg,0,w
5Q2/2pk4/4p2p/P5p1/3P4/2q4P/6P1/5R1K w - - 4 36,f8c5,807,603,ks,b,1,eeg,0,w
3r4/4k3/2bppp2/pp4p1/3RP1P1/PPN2P2/2P2KPr/4R3 w - - 1 27,e1d1,160,158,ks,w,1,eeg,0,w
r4k1r/p1p3pp/1p1pb3/8/8/2P2P2/PRP1K1PP/2BR4 b - - 3 18,f8e7,-90,-86,qs,b,1,eeg,1,b
8/6k1/3R1p1p/1b3K1P/4BPP1/r7/8/8 b - - 0 61,a3a5,0,52,ks,w,1,eeg,0,b
8/1pN1pp2/1Pk4p/P1b2Pp1/6P1/1R1K3P/5P2/8 w - - 1 51,f2f3,758,670,qs,w,1,leg,0,w
1r5b/3k4/3pn1p1/p3Pp1p/2R4P/P3PNP1/4PKN1/8 b - - 0 34,h8e5,-49,21,ks,w,2,eeg,1,b
8/2pk1p1p/3p2n1/q5B1/3P4/4QP1P/2P2P2/6K1 w - - 6 29,h3h4,0,36,ks,w,1,eeg,1,w
3r1rk1/2R2p2/1p1Rp1p1/p3P2p/P1N1P3/1P6/4KPPP/8 b - - 6 28,d8c8,586,493,ks,w,1,eeg,0,b
8/6pp/pR6/8/1P1b1k2/5P2/1r4PP/5K2 w - - 6 43,b6a6,-496,-413,ks,w,1,leg,0,w
r3r1k1/1pp5/3p2p1/pP3p1p/2P1n2P/4PB2/PR2KPP1/7R w - - 0 22,h1c1,10,23,qs,b,1,eeg,1,w
r7/p7/5kp1/2pP2p1/3n1nP1/1P6/P1B5/2K2R2 w - - 2 39,f1h1,-492,-546,ks,b,1,eeg,1,w
3r4/p3pkbp/1pB3p1/2n5/2PR4/8/P4P1P/2R3K1 b - - 0 27,g7d4,-580,-103,ks,b,1,eeg,0,b
6k1/p1p5/p5p1/3p1p1p/P2P3R/2P3rN/4r1P1/5K2 w - - 0 30,f1e2,-9,-318,ks,b,2,eeg,0,w
8/1p2r1k1/p1b3pp/5p2/3RP1P1/1P2K2P/P1P3B1/8 b - - 1 38,f5g4,124,62,qs,w,1,eeg,1,b
3n2r1/3k3p/p2b1B2/3p1p2/6P1/P3P2P/1P3P2/2RK3R w - - 1 27,f6d8,518,577,ks,w,2,eeg,1,w
2rr4/R1n1k2p/3pp1p1/p1p5/2P1NP1P/P1PN4/4K3/R7 w - - 2 34,a1b1,455,485,ks,b,1,eeg,0,w
5k2/5p2/1p6/p1p1PPP1/8/P7/1PK2BB1/r7 w - - 0 45,g2e4,525,429,ks,w,2,leg,0,w
2krr3/pp6/2b1q2p/6p1/4N3/PP3PQP/5P2/1RR3K1 w - - 0 34,b3b4,381,42,ks,w,1,mid,1,w
6k1/8/2pq3p/1p3p2/p4n1P/4Q1P1/PP6/6K1 w - - 0 42,g3f4,-198,-142,qs,b,1,eeg,1,w
8/6k1/1p4P1/p1p1P3/4B3/P7/1PK2B2/r7 b - - 2 47,a1f1,574,377,qs,b,1,leg,0,b
5r2/3B4/8/p6p/Pk2K2P/6P1/8/8 b - - 5 70,b4c5,-122,-150,ks,w,1,leg,1,b
8/2Q1b3/B5k1/1p3p2/8/1P4P1/P4P1K/3q4 b - - 4 36,d1d4,232,85,qs,w,1,eeg,1,b
3n4/3k3R/p3pp2/Pb3p2/1N3P2/1P2PK2/8/8 b - - 14 44,d7d6,379,,qs,w,1,leg,0,b
4K3/6k1/R7/5p1p/5p1P/5P2/8/8 b - - 6 87,g7g8,99996,550,ks,b,1,leg,0,b
3r4/5pk1/R5p1/7p/2PnrP2/4b1P1/PP6/1KN1R3 b - - 9 46,d4f3,-509,-380,ks,b,1,eeg,1,b
3q2k1/4npp1/4p1p1/8/3PN2P/1Q3PP1/1P6/6K1 w - - 2 52,g1g2,14,17,ks,b,1,eeg,0,w
8/1r1k1n2/p1bbpB2/2p2p1p/2P3pP/PP2PP2/2B2KP1/1Q6 w - - 0 36,b1e1,364,354,qs,w,1,eeg,0,w
8/1B4k1/5ppp/8/5RP1/8/3r1PK1/4r3 w - - 0 48,f4c4,-390,-415,ks,b,1,eeg,0,w
r2k4/3b1p2/1p3p1p/2P2P1r/P1P1R1P1/3K4/P6P/R1B5 b - - 0 31,h5h3,304,205,qs,w,3,eeg,0,b
r2k4/4b1p1/3p1pB1/3P4/1pP5/pP2R3/P4K2/8 w - - 18 49,f2g3,18,5,qs,w,1,eeg,0,w
8/8/1p1p4/1P1Ppk2/2P2b2/PB1PpK2/7r/5R2 b - - 6 53,h2d2,-331,-162,qs,w,3,eeg,1,b
8/1p3k2/2r2pp1/P1P5/3rb3/P3R2P/1K6/4R3 b - - 2 34,f6f5,-498,-383,qs,w,2,eeg,1,b
2N5/1p1r1k2/1K3p2/PP1r1p2/2R2Pp1/6R1/8/8 w - - 5 53,g3e3,445,397,qs,w,1,eeg,1,w
4r3/1p1r2kp/4p1p1/8/2P2p2/5B2/P1N5/1K5R w - - 1 43,b1b2,-289,-276,qs,w,1,eeg,1,w
2kr3r/Qp2pp2/P2pb1p1/7p/1PP1P3/6bP/4B1P1/4R1K1 b - - 0 29,c8d7,536,330,qs,w,1,mid,0,b
r4r2/p1kb2pp/1p3p2/8/1p3P2/3RPNP1/PN2K2P/2R5 b - - 1 24,c7d8,431,,qs,b,2,eeg,1,b
1k2r3/pp6/6R1/2n2p1p/qpP2P1P/2b1PB1K/5Q2/1RBr4 b - - 4 38,c5d3,-418,-320,ks,w,1,mid,1,b
1R6/r3b1nk/r3p3/2P1Nppp/p2P2P1/P3BP1P/8/3K1R2 b - - 3 49,a7a8,325,307,ks,b,1,mid,1,b
8/3r4/3nk1p1/1p1b1p1p/3R1P1P/3BP1P1/3K4/8 b - - 2 49,d5c4,-527,-518,ks,w,1,eeg,0,b
1r6/p4pk1/1bB1p1p1/p3P2p/5P1P/P5P1/2R1K3/8 w - - 0 40,a3a4,-15,-20,qs,b,1,eeg,1,w
4k3/1p2pp2/1P3b1p/3r1Pp1/1R1N2P1/3K3P/PB3P2/8 b - - 0 43,e7e5,496,355,qs,w,1,eeg,1,b
3r2kr/p7/1ppb2pp/5p2/3P1B1P/5KP1/PP2N3/2R4R b - - 3 24,d6f4,429,434,ks,b,1,eeg,0,b
2k4r/pp1r1pp1/2pbpn1p/q5N1/2BP1n1P/1QP1B3/PP3PP1/2KR3R w - - 0 17,g2g3,-78,-1,qs,w,1,mid,0,w
1k6/p7/1p1p4/3B2p1/2P2bN1/PK1p1P1r/1P1R3P/8 w - - 2 35,d2d3,464,416,ks,w,1,eeg,1,w
6k1/1p3pp1/2p5/p5P1/3Pr3/4n1K1/PP6/R7 b - - 2 34,e3f5,-594,-462,ks,b,1,leg,0,b
r4Rk1/3p3p/1p2p3/pNbnp1p1/3N4/3P4/PP1B2PP/4R1K1 b - - 0 23,a8f8,200,,ks,b,2,eeg,0,b
2r5/5p2/4kn2/p2p3p/Pr6/1P2PP2/2PR1PKP/3R4 b - - 3 28,c8c3,-254,-181,ks,w,2,eeg,0,b
4r3/p1Br1kbp/2p1p1p1/5p2/P2P4/2P4P/1P1K2P1/4RR2 w - - 4 32,c7e5,-127,-6,qs,w,2,eeg,1,w
1r6/3R1k2/5b2/1p2pp1p/1p2r3/1R1N2P1/1P3P2/5K2 b - - 2 39,f7g6,-14,,qs,b,1,eeg,1,b
5k2/5p1p/1p4p1/8/2P1B3/3PK1P1/7P/1r6 b - - 1 35,f7f5,-384,-383,ks,b,1,leg,0,b
r1r3k1/2p2pb1/1pnp3p/p2N4/4PBbq/3B4/PPPQ2PP/1K2RR2 w - - 3 21,h2h3,350,252,qs,b,1,mid,0,w
r1b3k1/1p2r1bp/3pP1p1/p1p2pP1/P1P4P/7R/1P1NPPB1/n1BKN3 b - - 3 19,g7d4,162,-45,qs,b,1,mid,0,b
8/2k2p2/4p3/1P1p1p2/3P1P1p/5KP1/r7/8 w - - 0 47,g3h4,-1060,-571,ks,b,2,leg,0,w
5k2/8/2np2p1/2pB2B1/7P/p6P/P5K1/1r6 b - - 11 62,c6e7,-462,-375,ks,w,1,leg,0,b
2k4r/pp3p1p/5p2/8/4Pq2/bP6/2K2P1P/3R1B1R w - - 0 25,f1d3,-675,-364,qs,b,1,mid,0,w
1rr2k2/5p1p/6p1/p1pB4/1p1nPP1P/P2P2P1/4NK2/1RR5 b - - 1 30,f8e7,439,423,qs,b,1,eeg,1,b
3Q4/5k1p/3p4/2n1Pp2/3p4/3P1qPP/2B5/2K5 b - - 2 50,f3e3,-58,-26,qs,b,1,eeg,0,b
2kr3r/ppp2ppp/2n3b1/4P3/1b3B2/1Pn3P1/1P1NPPBP/R3K2R w KQ - 0 16,b2c3,-87,-171,ks,w,2,mid,1,w
r5k1/1b1p1n2/8/p1Np2p1/PpPB4/1P3P2/6PP/1R4K1 b - - 2 41,f7d8,239,266,ks,w,2,eeg,0,b
8/p1r5/1p2kp2/5p1p/P2R4/2P1P1P1/5PKP/8 w - - 2 35,d4h4,175,175,ks,w,1,leg,0,w
1r2N1k1/p4ppp/1pQ5/8/3Pp3/P3P1qP/PB6/2RK1b1n b - - 2 24,g3e3,-694,-394,ks,b,2,mid,1,b
8/8/6p1/5b1p/3R3P/3PK2k/8/8 b - - 7 57,h3g3,381,219,ks,b,1,leg,0,b
8/5pkp/2q5/1p4pP/p5r1/P1PQ4/1PK5/5N2 b - - 2 50,c6e4,-563,-477,qs,w,1,eeg,1,b
8/4bk2/1p3n2/1Np4p/2P4P/1PP2p2/P1K5/6n1 w - - 0 46,b3b4,-842,-536,qs,w,2,leg,1,w
2k4r/2n2p1p/1p4p1/p3r3/P1R1P3/2P5/1P5P/2K4R w - - 0 29,h1f1,-447,-315,qs,w,1,eeg,0,w
1r3rk1/Qp2ppbp/3p2p1/1Np2PN1/2n5/P1Pq3P/3B1PB1/2KR3R b - - 0 19,c4d2,-61,12,qs,b,1,mid,0,b
Q1b1kb1r/p1qnpppp/1p1p4/8/1BP5/3BP2P/P4PP1/nN1K2NR w k - 4 13,g1f3,233,114,qs,b,1,mid,0,w
3k4/3n4/1p4p1/1Np2r1p/pr6/2B2PP1/6P1/2R3K1 w - - 5 47,g3g4,-490,-333,ks,w,1,eeg,1,w
3R4/2r2p1k/1p2pnp1/p6p/P1P3P1/5P1P/2R1K3/8 b - - 6 34,g6g5,148,186,ks,b,1,eeg,0,b
5rk1/p1np2b1/6pp/2p2p2/2P4P/P3P1P1/2nRNP2/5K2 w - - 0 30,d2c2,-436,-640,qs,b,1,eeg,1,w
5k2/1b3p2/p1p3rr/PpPp4/1P4P1/3R1P2/4N3/R5K1 w - - 3 34,d3e3,172,173,ks,w,1,eeg,0,w
5k2/8/1p4pp/5p2/2B2P2/5K2/PP4PP/8 b - - 2 37,g6g5,670,508,qs,w,1,leg,1,b
8/4kp2/Q7/pr2b1P1/2r5/4P3/5P2/5K2 b - - 2 45,b5b1,-228,-270,ks,w,2,eeg,0,b
6k1/6p1/2p1np2/2P2r1p/pB1p1P1P/P1PP1PK1/1R6/8 b - - 0 41,g8f7,-139,-101,qs,w,1,eeg,1,b
2R5/7p/R5k1/1p3p2/6P1/8/1r2PP2/6K1 b - - 0 40,g6g5,545,,ks,w,1,eeg,0,b
5k2/8/3pBBp1/4n3/2p4P/p5KP/P2r4/8 b - - 3 67,d2a2,-607,-423,ks,w,1,leg,0,b
1B2k1n1/5p2/pq5r/1p2P2p/1b6/1N1R1P1B/1P5P/1K5R w - - 3 28,h1c1,73,-35,qs,b,1,mid,0,w
5rk1/p3b1p1/1p5p/4p2P/4N1p1/1PP1P3/P1K5/6R1 w - - 3 45,g1g4,-58,-45,qs,w,1,eeg,1,w
R7/8/4p1p1/4Pk1p/3P1PrP/8/8/2K5 b - - 0 47,f5f4,-199,-49,qs,w,1,leg,1,b
8/2k1Bp1p/6pb/1N1p4/2bP1P2/2P1P2P/r5P1/1R5K b - - 2 33,c7d7,12,,qs,w,1,eeg,0,b
r3k3/4pp1p/p1q3r1/3pn1p1/3B4/2P2P2/P2N2PP/1QKR4 w q - 0 24,d4e5,-34,-263,ks,b,1,mid,1,w
8/3nkNp1/7p/4p2P/8/4K3/B4P2/8 w - - 1 42,e3e4,281,245,ks,b,1,leg,0,w
2B5/6p1/3b1p1p/B2pk3/7P/4P1P1/n2K1P2/8 w - - 6 42,d2e2,23,55,qs,b,1,leg,0,w
8/1R3pb1/4k3/8/4PPp1/6P1/8/6K1 w - - 1 49,b7b6,457,472,ks,w,1,leg,0,w
r2k2r1/1p1b1pqn/2pB3p/p1P3pP/2BQP3/P7/1P3PP1/4RK1R w - - 1 27,d6e5,504,455,ks,w,1,mid,1,w
4r3/pppkn3/5B1p/8/8/PPpR4/6PP/2K5 b - - 2 33,d7e6,4,,ks,w,1,eeg,1,b
5k2/5Pp1/1p3n1p/p1b2N2/P1B2P2/6PP/6K1/8 w - - 1 42,g2f3,176,127,qs,b,1,leg,1,w
5k2/p6p/1p1R4/2n1p3/2P1P1P1/P3KP1P/8/5B2 w - - 11 43,d6d5,804,608,ks,w,2,leg,0,w
1k5r/p7/1p3Rpp/3Q4/P1P5/2q3P1/2P4P/6K1 w - - 4 34,f6f7,351,224,qs,w,1,mid,0,w
8/8/p6p/1p3pp1/kP3rP1/P2R2KP/8/8 b - - 2 63,f5g4,-423,-187,ks,b,1,leg,0,b
3k4/3nbR2/r2p2p1/p1pP2P1/Np3P2/1P6/PP3B2/1K6 w - - 1 33,f7g7,349,219,ks,w,1,eeg,1,w
8/2p1kpp1/p7/N2n3p/P6P/1r3PP1/1P2P1K1/2B5 b - - 0 28,b3b6,-209,-179,ks,w,1,leg,0,b
1nkrnb1r/p4p1b/2p1p2p/4q1p1/2PN4/P2PB1NP/1Q2BPP1/R1R3K1 w - - 0 22,a1b1,417,326,qs,w,1,mid,0,w
8/5p1p/8/2p2P2/1kp2P2/1p3r2/4R2P/1K6 w - - 5 43,e2e4,-764,-506,ks,w,1,leg,1,w
2r1k2r/p4q2/1p1ppnp1/n1p1p1Bp/P1Q1P3/2PP1PN1/1P4P1/2K1R2R w k - 2 20,c4b5,-50,-40,ks,b,1,mid,1,w
r2k4/1b4r1/2pbQ3/p5p1/Pp1P4/6P1/1PP2P1P/4R1K1 b - - 3 26,d8c7,176,184,ks,w,2,mid,1,b
4k3/pp4pp/8/8/8/8/PP3PPP/4K3 w - - 0 1,e1e2,343,361,ks,w,1,leg,0,w
4k3/pp4pp/8/8/8/8/PP3PPP/4KB1N w - - 0 1,f1d3,786,605,ks,w,1,leg,0,w
r3k2r/pp4pp/2n2n2/8/8/2N2N2/PP3PPP/R3K2R w KQkq - 0 1,e1g1,147,145,ks,w,1,mid,0,w
4k3/1p4pp/8/8/8/8/P4PPP/4K3 w - - 0 1,e1e2,370,283,ks,w,1,leg,0,w
