fen_start,sf_best,sf_cp,sf_static,cat,dist,stm
8/r2kn1p1/p5Q1/4q3/P2p2P1/2p5/5P1P/5K1R w - - 1 31,g6d3,-641,-669,clear,2,w
2b1rr1k/Q1n1b2p/3p2pP/P1p1ppN1/q1P1N1nR/3P1BP1/3BPP2/1R2K3 b - - 6 27,f5e4,191,244,clear,3,b
6k1/6p1/4np2/3Q4/6r1/P3P3/5K1p/8 w - - 0 43,d5e6,172,58,clear,1,w
8/4brpk/2R1p2p/p3B3/P1p2P2/4P2P/4K1P1/8 w - - 0 41,c6e6,443,342,clear,3,w
3r1k2/pp5r/n1pPqp2/2Pbpn1p/3p3P/P2P1N2/1PQBBP2/2R2K1R w - - 6 33,h1g1,-197,-101,clear,2,w
8/2kn2K1/5PBR/8/1r6/8/7P/8 b - - 0 68,d7f6,489,275,clear,2,b
6k1/8/8/2pPn1KP/2P3P1/1p6/5B2/8 w - - 0 59,g5f4,-529,-134,clear,2,w
2r2rk1/4b3/2b2p1p/3Pp1p1/1R3P2/2P1BNP1/P6P/5RK1 b - - 0 30,c6d5,-319,-29,clear,3,b
5rk1/pp3pbp/6p1/3qp3/2p3P1/1r2P2P/Q1N2PN1/2K3RR b - - 7 30,b7b5,-368,-353,clear,3,b
3rr1kb/1Bq2p2/pn2b2p/2pnN1p1/3PN3/Pp2B1PP/3Q1P2/3RK2R w K - 3 27,e1g1,-416,-411,clear,2,w
8/3B4/8/6n1/4k2p/8/1b4K1/8 w - - 52 83,d7h3,-205,-172,clear,3,w
rnq2k2/4bN2/ppPp2pr/8/2BN3p/2P4P/PP2QPP1/R4RK1 b - - 0 21,h6h5,807,663,clear,2,b
rr6/7p/PP4p1/4kp2/8/2P1N2P/2K2nP1/R7 b - - 0 33,e5d6,-203,-86,clear,2,b
8/5k2/7K/3p2P1/r2P4/3R2P1/8/8 b - - 6 60,a4a1,485,326,clear,3,b
1r1r2k1/p3qpp1/R4n1p/1B6/2P2P1P/3bP3/1Q3P2/4K1R1 b - - 0 29,b8b6,-486,-508,clear,4,b
r1b3kr/2R1Rp2/6p1/1P1P3p/2N5/7P/5PP1/6K1 b - - 0 36,h5h4,579,433,clear,3,b
1r6/2N2pk1/2R2n2/pP3p2/6p1/6P1/P3PP2/5K2 w - - 3 37,b5b6,331,242,clear,3,w
8/5nk1/5pp1/p3p2p/4P3/q2Q1PP1/7P/3R3K b - - 3 36,a3c5,158,146,clear,4,b
7R/1k1r4/p4R2/1p6/1Pp5/8/2K5/8 b - - 8 65,d7g7,458,374,clear,3,b
6k1/3r1pp1/pn4p1/2NP2Pn/7P/1P3N2/P1Pb1P2/3R1K2 b - - 0 30,d7d5,-22,195,clear,3,b
8/5p2/1p4kp/p2p1r2/7Q/8/4qB2/6K1 w - - 1 75,h4g3,-978,-449,clear,4,w
8/4kp1P/8/p2b2n1/P5P1/2r5/2p2RK1/2R5 w - - 1 53,g2f1,-184,,clear,1,w
8/1kp5/1p2R2p/p1P2p2/7P/P7/5r1r/4K3 w - - 0 44,c5c6,-99995,-404,clear,4,w
2b1r1k1/Rr2B3/5ppp/3P4/p1B5/P7/5PPP/2R3K1 w - - 4 31,d5d6,785,550,clear,3,w
8/2k2p2/2bp1p2/Ppp1bP2/2P1P3/1P1PB3/2K5/r7 w - - 2 47,c4b5,-752,-401,clear,3,w
8/4k2P/8/pp2qp2/8/5P1K/6P1/1R6 b - - 1 50,e5h8,-516,-212,clear,1,b
k1b5/8/1pN1p3/pP6/P1pP4/5RP1/3K4/r7 b - - 7 60,a1a2,314,146,clear,3,b
B7/3Pk3/7p/p3K3/2r2p2/8/3P4/8 b - - 5 63,a5a4,-579,-559,clear,1,b
2q2rk1/1p5p/p1p2r1b/P1PnR3/3P1P2/1R3PB1/4N2P/Q4K2 w - - 23 64,a1b1,127,75,clear,4,w
8/8/1R6/1pP2k2/p4P1r/4K3/8/8 b - - 1 46,h4f4,-1,-13,clear,3,b
8/1R5p/1pN4k/pPrp2p1/P1p1p3/2P1P3/3K4/8 w - - 0 45,b7b6,484,335,clear,4,w
8/2R3kp/5p2/7p/2P1K2P/2r3P1/8/8 b - - 23 68,g7g6,22,,clear,4,b
4kb2/8/2R4p/3Pp1pP/4Pp2/5PP1/3r1B2/5K2 w - - 5 50,g3f4,331,229,clear,3,w
6r1/5p2/5p2/RP3Bp1/P2kP3/8/7K/8 b - - 0 44,d4c5,500,317,clear,3,b
4r2k/R6p/4P1p1/1p6/6n1/2P2rP1/P1B4P/2K1R3 w - - 0 33,a7c7,399,348,clear,2,w
1r4k1/5p1p/2Bqp3/pPp1np2/Q6P/3P4/1PP3P1/2K2R2 w - - 6 27,b2b3,30,69,clear,3,w
1B6/8/8/3k4/1p1nb2K/8/1r6/5R2 b - - 9 69,b4b3,-514,-450,clear,3,b
4k3/p2n4/8/r4p1p/5R2/P1R2pP1/7P/6K1 b - - 1 40,e8e7,364,373,clear,2,b
4r1k1/r2q1p2/1p4p1/2p1b1B1/1nP4P/1P1p4/5RP1/1BQ2RK1 w - - 0 33,g1h1,-277,-228,clear,2,w
4r2k/1p6/p2q4/3N3P/4p2P/2P2r2/PP2Q3/1K1R4 b - - 0 34,d6g3,-194,-150,clear,3,b
6r1/3PR3/2K5/2P2k2/p7/P7/1P6/8 b - - 0 89,g8f8,933,696,clear,1,b
8/R7/8/p1k3P1/2P4K/1r6/8/8 w - - 3 60,a7a5,480,236,clear,3,w
4r2k/3R4/7P/1p6/p7/P1P5/4b3/KB6 w - - 25 64,b1g6,251,198,clear,2,w
rn2kb1r/1p6/2pPpqpp/3bB3/p1PP4/3B3P/PP3PP1/R2QR1K1 b kq - 1 18,f8d6,669,462,clear,2,b
8/3k4/8/3p4/1r1P2P1/3R4/5KP1/8 b - - 1 54,d7e6,368,199,clear,4,b
4r3/8/p4pk1/6p1/2P2n1p/2K5/2N2P2/7R b - - 1 45,a6a5,-361,-389,clear,3,b
1r4r1/3kp3/4p1Np/2p1P3/Pn6/1Pb1P3/4R2P/3K2R1 b - - 0 30,d7c7,-446,-434,clear,4,b
B7/2k5/4pp1p/1P3np1/4KP2/3N2P1/7P/8 w - - 2 58,d3c5,430,453,clear,3,w
n3r3/R5pk/3B1r2/p1P5/P7/2P4P/8/1R4K1 b - - 0 35,f6g6,390,350,clear,3,b
8/2P5/8/2q4k/6p1/7p/5Q2/6K1 b - - 4 74,h3h2,0,-21,clear,1,b
5k2/3P2p1/3n4/3n3p/3N1P2/6P1/PP5P/4R1K1 b - - 0 35,d6b7,812,690,clear,1,b
1b5k/3B2pp/8/4P3/7P/5RPK/4r3/8 b - - 16 58,g7g6,385,54,clear,3,b
8/k7/7R/PPK2p2/8/3b4/8/8 w - - 1 63,h6h7,99983,517,clear,3,w
1k1r1b2/pp3p2/5p1r/N2P4/6p1/1R4P1/PP2RPK1/8 b - - 3 30,b7b6,392,95,clear,3,b
3rk1r1/2Rb1pbp/2p3p1/P1B1p3/2P5/1R3NP1/4PP1P/6K1 b - - 13 30,g7f8,481,328,clear,3,b
8/8/8/5N2/7k/7p/4r3/7K b - - 7 95,h4g4,-99993,,clear,2,b
1R3n2/6k1/1p2Q1qp/1PpP3b/2P2p2/6P1/5N2/4K3 w - - 2 56,b8b7,729,283,clear,3,w
6qk/7p/7R/p6R/6r1/1rN5/3P1P2/2K5 b - - 1 45,g4g1,-512,-342,clear,4,b
5r2/8/k7/1p3B1P/p5K1/4b3/8/3R4 w - - 12 68,h5h6,-38,-177,clear,3,w
8/1bk2p2/1R2pbp1/P2p3p/5P2/1PPK2P1/3R3P/8 w - - 6 38,b6b7,564,371,clear,3,w
4k1r1/nr3p2/3bpBn1/p1p5/2B1NP1p/2PP2Pp/RP6/3KR3 b - - 1 34,d6e7,-19,95,clear,2,b
2r3k1/7b/1p5p/2p3b1/Pq1rp3/2N1P3/3QP2R/3R2K1 w - - 0 37,d2a2,-450,-102,clear,4,w
rq2nrk1/1b3pbp/ppnpp1p1/1N6/QBPpP1P1/P4N1P/1P3PB1/R3K2R w KQ - 0 18,b5d4,-398,-403,clear,3,w
8/8/K1n5/p6k/P1p4P/3p4/1P6/1N6 w - - 2 46,a6b6,321,91,clear,2,w
8/4n3/2p5/1p2k1pp/3N4/4P3/1P4K1/8 w - - 2 49,d4f3,-450,-378,clear,4,w
6Q1/p7/1bPBn2k/4pqpp/8/1P2P3/2r2PP1/5RK1 w - - 0 35,b3b4,-212,-53,clear,2,w
5r1k/r5p1/p2RPn2/1p5p/1P3B2/P3PBPP/5K2/8 b - - 8 40,a6a5,257,190,clear,2,b
3k4/2p5/1pQp4/p2P2PP/P2b1PK1/8/5r2/8 w - - 4 52,c6a8,577,531,clear,3,w
1rr4k/p4p2/4pp2/q1P4p/2R1P2P/P5Q1/5PP1/2R2K2 b - - 4 38,a5c7,314,158,clear,3,b
8/4r1p1/7p/1k1KP2P/p5P1/1p6/8/2R5 b - - 3 58,b3b2,-585,-363,clear,2,b
2rqk2r/7p/p5p1/1p3pN1/1QbbpP2/P7/1P4PP/R1BBK2R w KQk - 2 22,d1e2,-241,-90,clear,3,w
1k1r2r1/p7/1pq2Pb1/B3p3/2PpP2p/P2B1R2/6PP/1Q4K1 b - - 10 39,d8f8,-187,-132,clear,2,b
5r1k/3B2pp/8/3RP3/3b3P/6P1/6K1/8 b - - 6 53,f8f2,104,47,clear,3,b
8/4n3/3k2p1/8/1pPNB3/3K4/8/8 w - - 1 62,d4b3,292,236,clear,3,w
2r3k1/p4ppp/R7/1PqPB3/2Pp4/1P1b2PP/6B1/5RK1 w - - 0 27,e5d6,527,123,clear,3,w
4k3/8/1R5p/8/1P1R1B1P/8/K7/5br1 w - - 5 44,a2b2,569,601,clear,4,w
1R6/6kp/4N1p1/5p2/1P6/b5P1/4K1bP/8 b - - 8 41,g7f6,408,,clear,4,b
r2r2k1/1p1q2pp/5B2/p2p1p2/7P/3Q4/PP3PP1/R3R1K1 b - - 0 24,g7f6,37,112,clear,4,b
8/7p/6k1/4R1p1/1p6/6P1/4R1KP/2q5 b - - 0 43,c1c6,-29,-5,clear,3,b
5Q2/2pk4/4p2p/P5p1/3P4/2q4P/6P1/5R1K w - - 4 36,f8c5,781,603,clear,3,w
8/5p2/1n1bp1kp/2Np4/1p1P2P1/5P2/3BK1R1/3r4 b - - 5 43,d1b1,-430,-360,clear,3,b
5k2/4r3/p1n3p1/1p2P3/PP1pKPP1/7P/8/3RR3 w - - 0 36,a4b5,525,544,clear,3,w
r1b1kb1r/2p2p2/p1n1p1pp/q2P4/4Q2P/P1p2NP1/1B1N1PB1/R3K2R w KQkq - 0 16,d5e6,447,274,clear,2,w
6k1/q7/6p1/PPbN1p1p/7P/2Q2KP1/5P2/8 b - - 2 62,c5f2,575,399,clear,3,b
r3kb1r/4pppp/n3b3/pp2N3/N1pP4/P3P3/5PPP/R1B1KB1R w KQkq - 0 14,a4c3,350,430,clear,3,w
2r5/5kpp/1R2p3/P2p4/1P1Pp3/4P3/5PPP/6K1 w - - 1 33,h2h4,570,468,clear,3,w
5rk1/6p1/7p/R7/1p1P3P/4RNP1/1n4r1/2K5 b - - 8 51,b2c4,-517,-160,clear,3,b
8/4k3/2n1p1p1/3pN3/1p1P1PP1/4b3/r1K1N3/5R2 w - - 2 46,c2b1,-159,,clear,3,w
R2R4/2r2p2/5kp1/P6p/7P/1K4P1/2P1r3/8 b - - 5 59,e2c2,0,62,clear,3,b
6k1/6pp/1p2p3/pP3p2/5P2/3PP1q1/3Kb3/3R4 w - - 0 39,d2e2,-726,-417,clear,4,w
8/P5p1/1P3p1p/4pk2/8/5q2/4pP1K/4Q3 w - - 9 54,h2g1,0,-25,clear,1,w
8/5K2/1N6/2B5/1p5p/2k4P/8/8 b - - 0 70,b4b3,612,342,clear,3,b
r1bnkb1r/3pppp1/1p5q/3PP3/p1BQ3p/PpP1PN2/3N2PP/R4RK1 b kq - 1 18,e7e6,-85,14,clear,2,b
2B5/8/6p1/4Kp2/8/7k/7P/8 b - - 2 52,h3h2,0,-2,clear,4,b
2r4k/pp4p1/7p/5p2/3rpP1P/2P4N/qPKB2P1/3RR3 b - - 1 26,d4b4,-665,-434,clear,3,b
8/5K2/R1p5/3k1P2/3P2r1/8/8/8 w - - 39 74,a6a8,457,83,clear,3,w
4k3/3R4/2PKp1p1/5p1p/3P1P1P/5P2/1r6/8 b - - 14 76,b2b6,732,472,clear,2,b
4r1k1/1p3ppp/p7/3P1bP1/1P4r1/P1N1P3/5P1q/2BRKQ2 w - - 14 38,c3e2,-432,-312,clear,3,w
8/8/8/5R2/p1k4P/1p3PK1/2r5/8 w - - 0 67,f5f4,-544,-365,clear,2,w
r5r1/5knR/3bp3/PpNp1p2/1P1P1P2/4B1P1/6K1/4R3 w - - 2 52,e1h1,298,317,clear,3,w
1r6/8/4RK2/6B1/5Pk1/8/8/8 w - - 23 108,g5h6,487,343,clear,4,w
8/4n2p/BPk1p1p1/P7/6P1/8/5P1P/6K1 b - - 2 33,e7d5,488,358,clear,2,b
1r3r1k/pp1b3p/5np1/2pPpp2/1q5P/1BNQP1P1/PP3P2/3RK2R w K c6 0 19,d3c4,-156,-54,clear,3,w
r7/pkbp4/1p6/1bp2B1Q/4PB2/2qR1PP1/5R1P/7K b - - 0 44,b5d3,39,230,clear,4,b
1k1r1r2/1q3n2/8/1NQPp2p/p3P1p1/P7/1P3PP1/3NR1K1 b - - 0 29,d8c8,4,146,clear,3,b
3r1k1r/p5pp/1p3n2/8/2Bp4/5P2/PP1R1PKP/3R4 b - - 4 31,d8d7,77,72,clear,3,b
6k1/8/5K2/6NP/5N2/6P1/8/r7 w - - 1 70,f4d5,444,384,clear,3,w
6Q1/1P6/2k5/8/7p/2P3b1/8/6K1 b - - 0 56,c6b7,631,285,clear,1,b
4k3/8/p2br1N1/2n2p1P/6p1/1p1P2P1/2r2P2/3R1K1R b - - 3 50,b3b2,-558,-454,clear,2,b
8/2r1pR2/8/1B6/P3p2K/4kP2/8/8 w - - 0 56,h4g4,363,388,clear,4,w
6k1/r7/4p1p1/4Pp1p/1n1N1P2/r2p4/2pR2PP/R3K3 w - - 2 53,d4c2,-727,-389,clear,1,w
8/2k1p2p/p2r4/1Pp1N2P/5P2/5K2/8/3n1R2 b - - 2 34,a6b5,-254,-104,clear,4,b
r4k2/5p1r/2n1q1p1/1p2P2p/p1p4P/3b1BP1/PB1Q1P2/R3R1K1 w - - 0 29,a1d1,44,149,clear,3,w
8/2B5/R7/6p1/p6p/5n1k/r6P/5K2 b - - 1 60,g5g4,-530,-413,clear,3,b
2r1k3/8/3R4/p7/4rP2/PPb3P1/4RQ1K/1q6 w - - 3 47,f2f3,5,37,clear,4,w
3k1r2/4bppp/1pR2n2/p7/3P4/4P1P1/bP3PBP/R5K1 b - - 1 25,a2b3,159,99,clear,4,b
r1bk3r/pp2np2/8/n2p2Q1/3Pp2P/2P3P1/PP2PPB1/R3K2R w KQ - 4 23,f2f3,529,624,clear,4,w
8/8/1p3p1p/1P2bkp1/rNK5/3RB3/8/8 b - - 1 61,f5e4,0,28,clear,4,b
3rk3/2P1b3/1p6/p2pqp1r/P3p1p1/4P1Pp/Q3BP1P/3R1RK1 b - - 0 32,e5c7,306,166,clear,1,b
1Q6/4kpp1/8/3p4/1p2p2R/6PP/P4P2/2q3K1 w - - 1 37,g1g2,544,,clear,4,w
1r2kb1r/6p1/4p2p/1pP5/1pnR1P2/2P3P1/P4K1P/RN3B2 w - - 0 24,c3b4,213,142,clear,3,w
8/5k2/PN3p2/1Pn5/8/K7/8/3r4 w - - 5 66,a3a2,-38,-79,clear,2,w
4R3/2k3p1/2p2p1p/p1n2P1P/p1B2PP1/2P5/1KPr4/8 w - - 6 36,e8g8,0,-3,clear,3,w
4R3/p1r3kp/1p2r1p1/5pP1/4n2P/R1p5/P1P5/4K3 w - - 0 31,e8e6,-43,-447,clear,4,w
8/3k2N1/3p4/p2b2p1/3P1p2/8/1K6/8 b - - 3 52,f4f3,-700,-683,clear,3,b
8/r5b1/2k1p1p1/p4p1p/3P4/3KPNPP/5P2/R7 b - - 0 30,a5a4,-32,-3,clear,4,b
5r1k/1p1q2pp/rbnpb3/p2Np3/1pP1P3/3P2P1/Q3N1B1/1R2K2R w K - 0 25,d5b6,-410,-495,clear,3,w
r2r2k1/5ppp/ppn1pn2/2qp4/P1Pp4/1P3PPB/2N1QP1P/R2R2K1 b - - 0 17,d5c4,-199,-143,clear,3,b
8/7r/8/3K4/1P6/5p2/1N1k4/8 w - - 0 67,b2c4,-714,-292,clear,2,w
8/8/8/8/2p5/3k1r2/K2p4/7R b - - 3 120,d3c2,-986,-538,clear,1,b
3n1b2/2k5/1p2p3/1Pp4N/4n2P/P3P2B/3PK3/R7 w - - 3 49,a1g1,551,576,other,4,w
8/4k3/R3P1K1/1r4P1/8/8/8/8 w - - 1 58,a6a3,449,376,other,2,w
1r3k2/1p3P2/p1q3p1/Pr5p/2ppR3/2P3P1/1P2Q2P/5R1K b - - 0 33,b5e5,-375,146,other,1,b
r7/8/2Nk2p1/1P3p2/p5p1/p5P1/K2B1P2/8 w - - 1 40,d2e3,243,164,other,2,w
7r/5pk1/1R2p1pp/1P1p4/3Pn1P1/3NP2P/r4PK1/3R4 w - - 1 31,b6a6,200,93,other,3,w
8/1p2kb2/1P4R1/2P3P1/5K2/5P2/8/8 b - - 0 44,e7d8,892,446,other,3,b
2r1k2r/pp2Pp2/2n3p1/7p/2P1P1b1/4qN2/PQ2B1PP/R3R1K1 w k - 0 19,g1h1,177,,other,1,w
8/5p2/bp1Np2k/p2pP2P/P2P4/1P4P1/2Bn1K2/8 w - - 7 53,g3g4,466,321,other,3,w
6nr/8/6p1/2RN3k/3P1RbP/6P1/1P6/6K1 b - - 4 49,g4f5,633,630,other,4,b
8/1p4p1/p6p/2pN3P/2P1r1k1/4p3/4K3/8 b - - 0 55,g4h5,-691,-413,other,2,b
3q3k/6pp/1ppp4/p7/r7/b1P4P/4QR2/1K6 w - - 0 44,e2c2,-515,-372,other,4,w
3r4/kp6/p4R2/5N2/3p2P1/2rK4/P6P/8 w - - 1 42,d3d2,-405,,other,3,w
5rk1/p4ppp/2p5/1n1r4/8/1P1pP1PP/PB1K1P2/R6R b - - 3 28,f8c8,136,69,other,2,b
8/p1n2k1p/1p1prP2/6p1/1PP2RP1/P4B1P/5P1K/8 w - - 0 35,f4d4,168,238,other,2,w
8/8/2k5/p7/1p5P/1K6/7r/2B5 w - - 6 82,b3a4,-639,-392,other,3,w
n7/4kbbp/8/p1N2p1P/P1P1p1r1/1PN1P3/1B3P2/4K2R b - - 0 29,e7d6,243,204,other,4,b
k7/P3K2R/7P/4r3/8/8/8/8 w - - 7 76,e7f7,0,,other,1,w
2r2k1r/4b1p1/2n2n1p/2p1p3/4PP2/2PBB1PP/Pp6/1K1R3R w - - 0 30,h1f1,-144,-137,other,1,w
3r1k2/2R2p2/R2n2pp/P2P4/5K2/6P1/7P/8 b - - 2 43,d6e8,505,399,other,3,b
5knr/1B2ppbp/3q2p1/B7/P2N2bP/3P1NP1/1P2PP2/2Q3K1 w - - 1 25,c1c4,394,333,other,4,w
3k4/8/2R1p1p1/r6p/3PBP1P/p3K1P1/r7/8 b - - 4 49,a2b2,-522,-484,other,2,b
5k2/6R1/8/2b1p3/5p2/3B1Pp1/6K1/8 w - - 39 100,g7b7,284,224,other,2,w
r6k/1p1bq2P/2pb1r2/p2p4/3n4/2NP1p1n/PPP1B1N1/1RBQK2R w - - 0 26,g2e3,-795,-618,other,1,w
8/8/k3r3/P4R1P/5Kp1/4P1P1/8/8 w - - 1 57,e3e4,613,618,other,3,w
7k/5bpp/1N6/1P2K3/p2NB3/8/6P1/r7 w - - 4 45,b6d5,205,11,other,3,w
8/6R1/8/8/3K2p1/6k1/8/5r2 w - - 2 68,g7g6,-452,-514,other,3,w
7k/7P/1p1rN2b/p1pP1p1r/P1P5/5K2/2B5/3R4 w - - 4 54,d1g1,-74,-54,other,1,w
6k1/5p2/1Q1pp2p/6p1/3PP1q1/2K5/8/8 b - - 0 46,g4e4,-511,-431,other,4,b
5R2/6k1/3p2p1/p3p3/Pp5P/1qb3P1/7K/5R2 b - - 5 62,e5e4,-615,-273,other,3,b
2r1k2r/p2pP1bp/nq2p1p1/2p5/2P4P/Pp1B1NP1/1PbB1N2/R1Q1K2R b KQk - 6 20,b6c6,334,249,other,1,b
r4r1k/4n2P/1np2b2/p3q3/P1p1PR2/2Qp2P1/1P1P3P/R1BbK3 w Q - 0 32,c3e5,-780,-479,other,1,w
8/3nk3/p3P3/2p5/1pPP2r1/1P4P1/7P/B2R2K1 b - - 0 44,e7e6,350,337,other,2,b
8/8/6k1/3p2Pp/2p4P/2P1KRP1/8/3r4 w - - 12 53,f3f6,185,115,other,3,w
8/R7/1p2k3/4Pp2/6p1/6pr/P5K1/1R6 w - - 0 35,b1b6,477,278,other,2,w
6k1/4Np2/1p4p1/1P1Q4/1p1P4/1P5p/4q2P/6K1 b - - 2 36,e2e7,-449,,other,4,b
7R/B1r1k3/P7/Rp1p2p1/6P1/2PK4/1r6/8 b - - 0 48,c7a7,583,307,other,2,b
8/8/5k2/R1p5/P2b4/5KP1/8/8 b - - 0 62,f6e5,568,396,other,4,b
7r/8/r2p1k2/2p1bPp1/2Nn4/P4P1P/R2B2P1/3R2K1 b - - 0 30,h8a8,35,82,other,3,b
7B/8/6k1/8/6Pp/7K/8/8 w - - 9 58,h3h4,1015,387,other,3,w
8/3K4/4p3/4R3/4R3/P4q2/4p3/4k1q1 w - - 0 76,e4e2,-641,-331,other,1,w
7R/1k1r4/4r2B/p3pp1P/2p1b3/P1P1P3/2P5/2K3R1 b - - 0 38,e6d6,0,1,other,3,b
8/5R2/4p2k/4P1pP/p2B4/1bP4P/r7/4K3 b - - 4 53,a2a1,-321,-193,other,3,b
7r/5R2/8/2kB1p2/2P2P2/1P2P3/6K1/8 w - - 3 42,f7f5,686,550,other,4,w
5b1r/1b1k2p1/1r1P1p2/p1p4p/2P2B1P/1P4P1/P2R4/2K2R2 w - - 0 28,f1e1,-298,-260,other,2,w
8/7p/3pNk2/R2P1pp1/P6P/2n1P1P1/1r3PK1/8 b - - 0 46,h7h6,0,57,other,4,b
8/R7/P3kp2/8/2K4p/8/8/r7 w - - 0 63,c4b5,0,-26,other,2,w
3r2k1/5pp1/7p/R6P/P7/1r2nBP1/8/5K2 w - - 0 34,f1f2,-564,,other,4,w
8/7R/pk6/1pbB1pp1/5r2/2P5/1K6/8 w - - 7 50,h7h6,-264,-345,other,4,w
8/4k2p/6p1/p7/r7/1R5P/5KP1/8 w - - 0 51,b3b7,0,-42,other,4,w
6k1/R7/5N1p/8/p6P/r3PKP1/5P2/8 b - - 2 39,g8f8,640,,other,3,b
6k1/8/p3r1p1/4qb2/1p2P3/Q3RR1P/6p1/6K1 w - - 0 49,a3b4,408,38,other,1,w
7R/2k5/6r1/r7/1RP3n1/5PpP/6K1/8 w - - 0 57,h3g4,476,15,other,2,w
R7/5pp1/3Bpbkp/p7/r5P1/3n1P1P/6K1/8 b - - 1 46,f6h4,-576,-496,other,4,b
8/k7/P3p3/R1p1P1p1/2PnK1P1/8/8/8 b - - 6 53,d4b3,523,384,other,2,b
1r3k2/5RR1/4pPp1/8/P1P1PPPr/7p/7P/7K b - - 4 47,f8e8,494,,other,2,b
r7/p2k4/3n1p1B/1P1p4/P2r4/8/4KPR1/8 b - - 0 31,d4a4,-585,-491,other,4,b
5k1r/8/p5Q1/Pp2P3/8/1pP5/1KBq4/8 w - - 5 42,g6f6,7,62,other,2,w
8/1p4bk/qP1p3p/2p3p1/p1PpP1b1/PQ1P4/6BR/4K3 w - - 0 35,b3c2,-173,-54,other,4,w
8/r1K5/2P1kP1R/8/2N5/8/8/8 w - - 3 55,c7b6,846,,other,2,w
2R5/2b2N2/1p3PP1/p2k4/Pn6/1P6/KB4r1/8 w - - 5 56,a2b1,317,,other,2,w
8/7p/5k2/1N3p2/5Kn1/8/4B3/8 w - - 4 63,b5c7,10,7,other,4,w
5k2/5p2/r2p1n2/p1pP1N1p/7r/2K2B2/PP2P3/8 b - - 1 38,h4f4,-705,-628,other,4,b
1r4k1/2p3P1/5p2/4p1p1/1r2q3/1P4P1/1QP5/2KR4 b - - 4 49,b4d4,-656,-422,other,1,b
8/2k5/2Pr4/2R4P/4PP2/8/4K3/8 b - - 0 63,d6h6,562,478,other,2,b
4r3/4rk1p/3R2p1/2N5/3Pp2P/1P2K3/8/6R1 w - - 2 38,d6d7,525,507,other,3,w
8/7p/4k3/RBp1B3/P4K1P/r1P3P1/2b5/8 b - - 4 62,c2b3,685,427,other,4,b
5nk1/5ppp/1p3q2/3Q2b1/2BP4/6P1/P2r1B1P/5RK1 b - - 3 35,f8e6,84,60,other,4,b
1b6/8/3kB3/4p3/4K3/5N2/8/8 w - - 23 103,e6c4,14,7,other,4,w
7R/8/5k2/4pb2/4K3/8/8/8 w - - 1 97,e4d5,28,,other,4,w
8/5k2/4r1p1/Q1p1q3/P1P3R1/1P5P/5PK1/8 b - - 0 37,f7g7,444,352,other,4,b
8/4k3/p3n2R/P6P/8/6K1/8/8 w - - 1 53,h6g6,640,443,other,3,w
2b4B/4b3/p3p1Bk/P3P2P/2p3K1/8/8/3R4 w - - 1 47,d1f1,99995,545,other,3,w
b7/4kp2/1K3p2/5P2/P1P2RPp/7r/P2B4/8 b - - 5 41,h3d3,103,128,other,3,b
8/p2k2K1/1pr3P1/5P2/4Q3/7r/P7/8 b - - 2 65,c6c8,554,309,other,2,b
5rk1/3Q1p1p/1p4p1/nP6/P3pP2/4q3/2B3PP/1R3R1K b - - 1 24,a5c4,513,308,other,3,b
5rk1/3b1pp1/p1n1rb1p/3N1q2/1p1P1B1P/5NP1/PP2BK2/2RQR3 w - - 3 24,d5f6,421,459,other,4,w
8/8/1p6/p2kp2R/r2b4/6P1/5PK1/8 w - - 0 50,f2f4,-572,-464,other,4,w
1k1r4/1R5p/p1R5/P1P1p1Pp/3p4/2nP4/3BBP2/5K2 b - - 0 35,b8b7,607,,other,3,b
8/3k4/2p3K1/6P1/P1R5/2P5/2r5/8 b - - 0 53,d7d6,495,349,other,3,b
1nk4r/4rp2/2p5/N1Pp1pP1/P2P4/1Q6/5PK1/7R b - - 0 35,h8g8,683,509,other,4,b
6k1/6P1/1p2r3/p1p3RP/P1P1K3/1P2P3/8/8 w - - 5 65,e4d5,677,,other,1,w
8/8/4k2p/2K1p3/2P1P3/3P2P1/2b5/8 w - - 8 60,d3d4,-502,-186,other,4,w
5r2/7R/7K/5k1P/8/8/8/8 w - - 7 96,h7b7,1,-1,other,3,w
3r1rk1/5pb1/7p/pp1P4/4PQ2/1P1B4/q3bPPp/1R1R3K w - - 0 41,d1d2,67,-171,other,1,w
1nb2q2/1p1k4/r2pp2N/1P3p1Q/p1PB1P1P/P2n2P1/7R/R4K2 b - - 0 32,b8c6,540,389,other,4,b
8/5kp1/4p1np/2prPp2/1p1P3P/1K3P2/5P2/2NR4 w - - 2 43,c1e2,-384,-208,other,3,w
5R2/3k4/3p4/p1pP4/P1P3n1/1P5p/7r/4R1K1 b - - 11 54,h2g2,0,-14,other,2,b
5k2/5p2/1r6/N1p1p3/P3n3/6P1/2P1BP1R/4K3 w - - 1 31,a5b3,479,420,other,4,w
5b2/7R/2k5/8/8/4Np2/5K2/8 w - - 56 87,h7f7,312,208,other,2,w
3r4/5kp1/2p2p2/2P1nP1p/pP5P/r3P3/2RNK3/5R2 w - - 4 43,f1d1,-183,-118,other,3,w
2r4r/5p2/2pk4/Q1bp3p/P3q2P/1P4P1/5PR1/3R1K2 b - - 13 42,e4c2,-483,-388,other,4,b
8/3r2k1/p4R2/8/2PpbR2/3r4/P1K5/2B5 b - - 4 49,d7e7,-35,-6,other,3,b
4r1k1/4Q1P1/1p2b1q1/1P2R2p/8/P5P1/4PP2/6K1 w - - 2 42,e7b4,24,28,other,1,w
8/R6p/3k4/8/3B2P1/2P5/p5KP/r7 w - - 2 49,a7a5,541,366,other,1,w
8/8/3bk3/8/6N1/3R1p2/5K2/8 w - - 16 67,f2f3,317,236,other,2,w
6k1/8/1p2r2p/1P5R/5pPp/1PB2K2/2P5/8 w - - 4 49,c3d2,667,420,other,3,w
5k2/5P2/8/p5pp/5b1P/2P5/P1Kr2P1/4RR2 w - - 3 37,c2b1,550,,other,1,w
8/8/8/8/5k2/2N3p1/6K1/8 w - - 4 83,c3d1,0,-4,other,2,w
7r/p7/1p1k4/2pPr2p/P1R4P/6K1/8/3R4 w - - 0 33,c4f4,-377,-358,other,3,w
8/4n3/4k1p1/3pP2p/P7/3RK1PP/r7/4R3 w - - 2 40,d3b3,233,243,other,3,w
1r2k3/pp1n4/5p2/2P3p1/P1PPp2r/8/2P1R1pP/2B1R1K1 b - - 1 24,e8f7,222,97,other,1,b
2r1k3/5pbp/4p3/1N1p1p2/1Pr1nP2/R1P1P1P1/1B5P/2R3K1 w - - 16 31,g1f1,-5,-10,other,4,w
r7/6k1/4p1B1/8/2P3P1/P4R2/7p/7K w - - 3 60,g6c2,492,380,other,1,w
8/8/8/5n1p/4k1p1/6r1/8/2R4K w - - 0 62,h1h2,-667,-430,other,3,w
8/8/4K3/p6p/k6P/8/8/8 w - - 0 54,e6f5,-932,-196,other,4,w
2Q1n1k1/pp6/6p1/3N3p/3Pr1n1/1P6/P2K3b/8 w - - 1 36,d2d3,-235,-183,other,4,w
8/6k1/4p1P1/4P1K1/4P3/8/7R/6r1 w - - 21 97,g5f4,9,,other,2,w
8/3n1rk1/2QP3p/q3p1p1/8/8/4RP2/4R1K1 w - - 0 48,c6c4,62,107,minor,2,w
8/2k5/6p1/1p3p1p/1N5P/5nPK/3r4/7R w - - 6 58,g3g4,-451,-304,minor,4,w
8/8/1p3r2/p2p1k2/P4p2/1P2rN2/2K2R2/8 w - - 12 60,c2d2,-541,-472,minor,3,w
7r/pp6/b1P1k3/R7/4pP1p/P3N2P/7K/8 b - - 4 44,h8c8,13,69,minor,3,b
1r1q1rk1/pp1b1p2/3P1pnp/1PP1p3/1Q6/P5PP/3N1PB1/2R2RK1 w - - 5 27,a3a4,382,468,minor,2,w
4rk1r/3n1pp1/3R3p/pp1n4/3Pp3/7N/PP1N1PPP/4K2R b K - 1 22,d7b6,-91,-21,minor,4,b
6k1/5n2/1B2KP2/RP6/P7/5r2/8/8 b - - 1 65,f7g5,453,402,minor,2,b
2r1kbr1/2nbp2p/5p2/pp1P2p1/2pN3P/P1N1P3/5PP1/1RB1KB1R w K - 1 20,h4g5,389,460,minor,3,w
1r1rq3/p3kp2/1p1b2p1/n1pPp1P1/2P1NP2/1P5Q/P5BP/R3R1K1 b - - 0 29,e8h8,503,402,minor,3,b
8/8/3k4/6Kp/5P1P/6p1/6B1/8 w - - 3 67,f4f5,1373,408,minor,2,w
8/1p3r2/2n1k3/pR3p1p/3p1B1P/P2P4/1PK5/8 w - - 12 47,c2d1,0,-12,minor,4,w
1Q5R/4k3/8/1r5p/3r1p2/3p1K2/3B1P2/8 b - - 0 57,b5b8,342,156,minor,2,b
8/2n1k1b1/2P1p3/p2p4/3NnP1p/P2KP2P/1P6/2RB4 w - - 1 41,d3e2,444,505,minor,2,w
6r1/3k1N2/4pBp1/pp1pP2p/bb1p1P1P/R2B2P1/4K3/8 w - - 3 36,a3a1,28,62,minor,3,w
r3k1r1/3bn3/1p1p4/1p1Ppp1n/4p2p/PB2N1P1/1P2N2P/R3RK2 w q - 4 33,f1f2,-376,-372,minor,3,w
r3kb1r/p3qpp1/2n1bn1p/1pPp4/3B1N2/2P3P1/PP2QPBP/RN2K2R b KQkq - 5 12,c6d4,271,266,minor,3,b
5rk1/pp1b4/3P1n2/1P2p2p/2r4P/P1N1p1PR/1P2KbB1/7R w - - 0 35,g2b7,-616,-452,minor,2,w
3b4/3P4/5k2/1p5K/7P/P2R2P1/8/8 w - - 1 66,d3e3,725,702,minor,1,w
3rr1k1/pp1n1ppp/3P3b/2p5/2B2P2/6P1/PP5P/R4R1K w - - 1 20,b2b4,-384,-283,minor,2,w
5rk1/5ppp/p6q/4P3/PbpBP2P/2Nn1RP1/1r6/3Q1RK1 b - - 0 31,b2d2,-313,-180,minor,3,b
2b3k1/7p/3bpnp1/3pN3/rp1P1P2/1Nq1P3/4BP2/1Q2K2R w K - 4 30,e1f1,-260,,minor,3,w
1b3k1r/1b4q1/rP3p2/3BpP2/2Np4/3P2P1/2R4P/3Q1RK1 w - - 6 37,d1f3,381,307,minor,2,w
1r2k2r/p3p1n1/2qp1nPp/2p1bp2/1PP4R/P1NP1PP1/2QNPB2/R4K2 b - - 0 26,h8g8,237,192,minor,2,b
r4rk1/1p5p/b3pp2/4B3/P2N4/1p2P2P/1N2nP2/R3KR2 b Q - 1 26,e2d4,-73,-60,minor,2,b
1r6/3b4/1k2pRr1/ppR3p1/2Pp2PN/1P1B3P/P7/6K1 b - - 0 42,g6f6,-199,177,minor,3,b
6rr/1k6/4R2b/1p5p/p2P1p1P/P2K4/1P3Rp1/6N1 b - - 3 42,g8g3,-294,-153,minor,1,b
r6r/4bkp1/2n1n2p/ppP1p3/1P2N3/P3P3/5PPP/1RBR1K2 w - - 4 24,b4a5,-237,-206,minor,3,w
b2rr1k1/5p2/1p3b2/pPpp1q1p/5N2/1P1RPPPp/5Q1B/2R3K1 b - - 13 34,a8b7,-364,-371,minor,2,b
3r1r2/b3k1pp/p3pn2/8/2p1NP1P/P1NnP1P1/3B4/R4K1R w - - 0 25,f1e2,-2,-49,minor,3,w
3rk2r/pp2ppb1/6p1/q1pP1P1p/2p5/2N1QNPP/Pn3P2/R2K1B1R w k - 0 20,d1e2,-362,,minor,3,w
2Qqk2r/1p3p2/2pp2p1/2N5/4rb2/p2R4/B5PP/3R2K1 w k - 2 32,c8d8,465,196,minor,2,w
r3k2r/1R2ppbp/n1p3p1/P2p4/3P1B2/2n1PN1P/3N1PP1/4K2R b Kkq - 0 16,c6c5,14,23,minor,3,b
r2qk2r/pp2bppp/4b3/1Pp5/2NnP3/P1BQ4/5PPP/1R2KB1R w Kkq - 1 15,c3a1,-91,-46,minor,4,w
8/4ppk1/p5p1/2p1P2r/2Nb4/R5P1/8/3K4 w - - 3 34,e5e6,-425,-405,minor,4,w
1R3b1r/7p/p3k1p1/P2n1p2/2NP1P1P/4P3/4KP2/8 w - - 13 40,b8a8,48,-2,minor,4,w
3qrr1k/1p4p1/p1p1b3/P2pPpNp/3Q4/1P5P/5PP1/2R1R1K1 w - - 3 34,d4h4,69,107,minor,3,w
r1bqk1nr/pp2n3/2pp1b1p/3P1p2/2P1p1Pp/P1N1B2N/1PQ1PP2/R3KB1R b KQkq - 0 13,f5g4,-72,67,minor,3,b
2b1k3/3r1p2/p2b2p1/2pP3p/2N1PP1n/PP6/3B1R2/1K6 b - - 1 44,d6e7,-333,-297,minor,3,b
5rk1/7p/pp1b2p1/2pP4/2P5/1B4P1/PP4K1/5R2 b - - 0 30,f8f1,-211,-23,minor,3,b
2r5/1p4k1/8/4p2R/Pb2N3/6P1/1Rn2K1P/3r4 w - - 2 40,h5g5,-150,-196,minor,4,w
r1r3k1/2nnbp1p/2q1p1pQ/p1p1P3/2N1PP2/P3B1PB/7P/2RR2K1 w - - 1 23,f4f5,240,150,minor,4,w
r3k2r/2qn1pp1/p2b1n2/3b1P2/p2PN2p/1pP5/1B2N1PP/RB2QRK1 b kq - 0 20,d6h2,-357,-241,minor,2,b
2r2rk1/p5bp/1pq1b1p1/2p1PpB1/2P4N/3P2P1/PP2Q2P/2KRR3 w - - 2 21,h4g2,45,60,minor,3,w
3R4/8/8/3pk3/5p2/3KbB2/2r5/8 b - - 15 67,c2d2,-75,-50,minor,3,b
4r1k1/5ppp/8/q1n1p3/2Pp2BP/1p1P1PP1/rP6/1QKR3R w - - 1 32,g4f5,-775,-538,minor,4,w
2r2rk1/1RNn1p1p/3P2p1/p1P2b2/8/1B3P2/P5PP/2R3K1 b - - 2 25,d7e5,468,464,minor,2,b
1R2nk1r/n7/P4R2/8/2P1B1p1/6Pp/7P/6K1 b - - 0 48,f8e7,711,,minor,2,b
r3r1k1/3q3p/pp1b2p1/2pP4/2P5/1B3Qp1/PP5P/R3R1K1 w - - 0 26,e1e8,-242,-161,minor,3,w
5k1r/pp2n3/4q3/3n2p1/3P1pbp/1BPQ4/P1PB2PP/5KR1 w - - 0 26,f1f2,-360,-376,minor,4,w
5R2/8/8/4k3/8/8/3K3p/6rN w - - 4 96,h1f2,0,3,minor,1,w
r2qk2r/3n1pp1/bp1b4/p2p3p/P2Pn3/1P1pP1PP/RB1N1P2/1Q2NK1R w kq - 4 17,e1f3,-635,-638,minor,2,w
8/7p/8/2k1bp1P/pr2p1p1/4P1P1/1p1K1P2/1N1R4 b - - 0 65,b4c4,-808,-544,minor,1,b
4qk2/5prp/5b2/2P5/P6P/2P1pQ2/1r2N1P1/R2R2K1 w - - 1 29,a1b1,208,246,minor,2,w
1n2k1nr/r2b1ppp/1ppPq3/pB1Q4/8/1NP3PP/PP3P2/R3R1K1 w k - 0 21,d5g5,549,262,minor,2,w
7Q/8/8/1p1p3r/1P2k3/3p4/3B4/4K3 b - - 0 57,h5h8,-1295,265,minor,2,b
2rr2k1/5pp1/1p2bq1p/p7/Q3P3/2Np3P/PP1B1PP1/5RK1 b - - 0 28,c8c4,-320,-368,minor,2,b
r3r1k1/1p2qp1p/p2b2p1/2pP1b2/P3n3/1BN1BQ1P/1P3PP1/R3R1K1 b - - 0 18,e7e5,-221,-3,minor,3,b
3b4/2nP4/P3k1p1/5p1p/2NR4/5P1P/3K2P1/8 w - - 1 56,a6a7,686,586,minor,1,w
1r6/6Q1/p2kp3/2p5/8/1p6/1B4KP/4q3 b - - 3 34,e1e2,-616,-468,minor,2,b
r3k1nr/pb1p1ppp/1p1qpb2/1P6/2PpP3/P2B2P1/1B1N1P1P/R2Q1RK1 w kq - 2 14,a3a4,72,12,minor,3,w
1k1rr3/1pq2p2/5n2/1p5p/1Pbp4/3B1P1P/2QB3N/2R4K b - - 7 36,f6d5,-441,-361,minor,3,b
8/8/7p/2n3kP/p1P1B3/K4P1P/P7/8 w - - 1 55,a3b4,598,427,minor,4,w
7r/8/2b1k3/1pPpPp2/1P3P2/4K1P1/1P5P/3R4 w - - 5 53,h2h4,39,29,minor,3,w
3k4/8/r7/P3RR1P/5P2/6K1/8/r7 w - - 9 64,f5f8,531,457,major,3,w
r4rk1/ppBn3p/2b3p1/3q1pb1/2QPp3/PP6/3N1PPP/1R1RN1K1 b - - 3 25,a8c8,-220,-169,major,4,b
2r3k1/4R3/2r5/n1P5/5R2/5PP1/7P/6K1 w - - 7 59,f4f7,39,32,major,3,w
2r3k1/2P2ppp/b3p3/Pq1p4/1b1Pn3/1P2PN2/1B1N1PPP/3QK1R1 w - - 3 19,b2a3,-725,-286,major,1,w
3rr1k1/p2q1pp1/n2P3p/1pNB2b1/6P1/PPBbP3/5P1P/3RK1R1 w - - 0 31,c5d7,296,-332,major,2,w
1r6/2r5/2P1pkp1/p2p1p1p/8/PP2P3/1R3PPP/2R3K1 w - - 1 31,b3b4,58,61,major,2,w
8/1b6/p2k2p1/5n1p/5P2/PP2p3/1K2R3/8 b - - 1 54,b7f3,-622,-523,major,2,b
2r2k2/1b6/pn2p1r1/3p1pP1/3P3p/2P1R2P/1qB2QPB/5K1R b - - 11 33,b6c4,91,23,major,3,b
8/8/8/2b5/2k5/4PK2/1pr2P2/1R6 b - - 1 57,c5d6,-491,-460,major,1,b
5k2/Np1r1p2/3N1np1/3PB1b1/2P5/1P1n3r/P7/3R2K1 b - - 3 32,d3e5,-691,-467,major,3,b
1k3r2/p3N3/5b1r/1Pp2B2/2P2P2/4PP2/8/1R1R2K1 w - - 2 47,e7c6,591,531,major,4,w
8/7p/1k4pP/2r2pP1/3K1P2/2r5/2p1B3/2R5 b - - 2 55,c5c7,-513,-411,major,1,b
4k1r1/p1r2p2/1p2p3/3p3p/3R3P/PPqQ2P1/5P2/5RK1 w - - 0 28,d3b5,-96,-102,major,4,w
5rk1/3q1p2/3P4/p3pb2/1r4p1/2Q3P1/PP5R/2K2R1B w - - 0 36,h1c6,33,126,major,2,w
7k/3Q2b1/3p1r1p/2p1pPp1/P5P1/3P4/3B3P/6K1 w - - 3 43,g1f1,636,497,major,3,w
rn2r1k1/4q1b1/2p1Pp2/p2p1P1p/R2Q2p1/2N3P1/1PP1BBP1/3R2K1 b - - 0 25,b8a6,524,537,major,2,b
8/5pk1/4p1p1/p1r1P2p/R4P2/3PK1PP/8/8 w - - 2 40,a4c4,0,6,major,4,w
1k2r3/1pqn4/2p5/p3bpr1/P1Pp2Pp/B2Q3P/5PB1/1R1R2K1 w - - 0 28,a3c1,-93,-36,major,3,w
k7/p2bnp2/3p1n2/2pPp2p/1qP1P2R/1P1BNPr1/Q4K2/1R6 b - - 1 39,g3g8,179,154,major,4,b
6k1/1p4p1/5p1p/1pb5/3pP3/3n2PP/PP1R4/7K b - - 1 36,d3e5,-477,-288,major,3,b
8/8/4Kb2/8/4Pk1p/5P1R/8/8 b - - 6 51,f6b2,440,227,major,3,b
2k5/1p2b3/p3p3/3p4/P2R1P2/1P2NK2/8/4r3 w - - 2 59,d4d1,-199,-192,major,4,w
1r2r2k/4P1p1/3p4/3Q4/pP2R2p/P3B1nP/5qPK/7R b - - 3 42,f2f6,542,205,major,1,b
r1r4k/P3R3/5p2/5Np1/8/1K2P1Bn/PP6/8 w - - 2 29,e7b7,424,297,major,1,w
4r3/3q1p1k/1R1b4/3Q1Pp1/3P4/6P1/P6P/6K1 b - - 0 45,e8e1,-247,-122,major,4,b
r3k1r1/P2bn1P1/1p2qn1R/2pp1p2/5P2/P1P1PB2/2Q3P1/R1B1K1N1 b Qq - 0 21,e6f7,189,59,major,1,b
5k2/5p1p/1p1r4/p2p4/P3rP1P/4p1P1/4R1K1/2R5 w - - 0 43,c1c8,-362,-323,major,2,w
8/8/4kr2/p1pp4/3r1PK1/1P3R2/P4P1p/7R b - - 1 44,f6g6,-324,-175,major,1,b
1krr4/3q4/1p1P2p1/pPp1pnNp/P1P1N1nP/3P1QP1/8/1R3R1K w - - 5 36,f3e2,9,29,major,2,w
8/4k3/p1p1p3/2P1P3/PP1K4/2B3r1/4r2p/7R b - - 1 49,g3g1,-701,-593,major,1,b
6r1/1p2k1P1/p3p3/P1p1K3/2P4p/4r3/8/1R4R1 w - - 7 58,e5f4,-27,,major,1,w
1k6/3r4/1B1P4/pn1R1p2/5P2/5BP1/1r5P/5K2 w - - 0 44,d5f5,201,148,major,2,w
3r2k1/3b2pp/2p5/3p4/r2qp3/PQ6/4BPPP/R2R2K1 b - - 3 26,d4a7,-176,-142,major,4,b
1k1r4/1p2Q3/p6p/1qN5/7P/5b2/1K1p4/3R4 w - - 0 49,c5b3,-705,,major,1,w
8/r7/P7/5p2/3p1b1p/4kP2/R3P1K1/8 b - - 32 78,h4h3,-681,-361,major,2,b
3k1br1/1R3p1p/p2n2p1/3p4/2bB4/5N2/P1P3Kp/7R w - - 2 27,d4b6,141,82,major,1,w
4k2r/2r4q/1Qbbpp2/3p4/1p1P2pp/1Pp1B1P1/2R1PPBP/2R2K2 b k - 1 31,h7d7,-347,-321,major,2,b
r4bk1/Ppr4p/2qNQ1p1/R1P2p2/8/2P2PPb/7P/4R1K1 b - - 16 33,g8h8,0,,major,1,b
1r6/kPR3p1/1p1N1p2/2n4p/p6P/8/7K/8 w - - 0 53,c7g7,-419,-269,major,1,w
6r1/qpQ5/4kn2/p2pN2p/8/P6P/1P2PpK1/R4R2 w - - 1 31,g2h1,429,,major,1,w
r1b2k1r/pp3pp1/1qn4p/2N1p3/2P5/P2PpNPP/1B2QnB1/R4RK1 b - - 0 17,b6c5,-25,94,major,2,b
8/5pk1/3r1p2/bp6/3pPP2/3R2PP/1P2B1K1/8 b - - 3 41,d6c6,233,228,major,3,b
8/2r2p2/4pN2/4k3/8/ppp1P1P1/R7/1K6 w - - 0 52,f6g4,-1358,-344,major,2,w
8/r7/P4k2/R4p2/3p3p/5PbK/4P3/8 b - - 8 66,f6g5,-419,-422,major,2,b
2NRnk1r/5pp1/2q1p2p/2P1P3/pp6/6Pb/PP3Q2/R1B3K1 b - - 4 27,f7f6,510,243,major,3,b
8/5pp1/1k2p3/4P3/rpP2PPp/1R1K3P/8/8 b - - 1 39,b6c5,-377,-77,major,3,b
2r3k1/p4pbp/6p1/P2Br3/qPPp4/3Q3P/5P2/1R1R2K1 w - - 3 33,g1f1,6,60,major,3,w
3r1r2/2k2P2/4R2p/1P6/3p2n1/1R6/3N1P2/5K2 b - - 2 40,f8f7,8,175,major,1,b
r1bq1k1r/1pp1p2p/2np2pb/p7/2PPB1nP/3Q1N2/PP3pPB/R2N1R1K b - - 7 15,f8g7,-45,-16,major,1,b
4rb1k/3q4/4r2p/4P1p1/p2P4/P2QP2P/6P1/3R1RK1 b - - 3 36,f8g7,-14,11,major,3,b
r1br2k1/p4p1p/1p2pbp1/3n4/P2P4/2pQ2P1/2R2PBP/1R4K1 b - - 1 24,c8b7,2,-36,major,2,b
1r1r2k1/3P1pp1/7p/2q5/1p4Q1/5PPP/2B5/1R5K b - - 2 38,c5c2,-666,-339,major,1,b
r2qr1k1/4bppp/p4n2/2p1Bb2/2Q5/P1N2NP1/4PP1P/R3K2R b KQ - 1 17,f6d7,-149,-168,major,4,b
r4k1r/5p2/1n1N2pp/3np3/2p5/4PP1P/p1B2P1K/R6R w - - 3 29,c2e4,-341,-301,major,1,w
2r5/p1P2pkp/1p4p1/1nnpP3/6N1/P1R3PP/6K1/4R3 w - - 6 32,c3f3,-8,-52,major,1,w
2r1b3/1Nk5/p1P1R1p1/1r3p1p/5P1P/2R2PK1/8/8 b - - 2 46,c7b6,172,106,major,2,b
2kr1b2/pp1n2p1/2p2r2/3q1pNp/3P3P/2B1PpP1/PP3Q2/R4RK1 b - - 2 18,g7g6,-101,-54,major,2,b
r1n5/Ppk2p2/6p1/3p3p/1R1N4/2P2PP1/5K1P/8 w - - 1 41,g3g4,0,-4,major,1,w
5r1k/p2r3p/1ppP2p1/4Pp2/3P4/1PBB2q1/P1KN2b1/R7 w - - 0 38,a1g1,-489,-332,major,2,w
6k1/7p/p2r1b2/P2p4/1p1P2p1/1P4P1/2rpN2P/R2R2K1 b - - 2 39,f6g5,-516,-322,major,1,b
8/5pk1/1b1r1p2/8/1p1pPP2/3R1KPP/1P2B3/8 w - - 2 43,d3d1,242,301,major,3,w
4r1k1/1p2P3/1prp1ppp/5P2/8/2P1R1P1/P6P/3R2K1 b - - 0 25,g6f5,-23,18,major,1,b
1r1q1rk1/1P3ppp/2p1p3/p2pbb2/1n1Pn3/N3P3/PP1BBPPP/2RQK2R w K - 0 15,d4e5,-180,-263,major,1,w
6k1/6p1/5p2/7r/P7/4P1K1/7p/7Q b - - 0 47,g8f7,154,80,major,1,b
8/2k5/8/1P6/P1P3r1/7p/2K3p1/6R1 w - - 0 52,b5b6,-691,-394,major,1,w
1r1k3r/1P1b1pp1/p2p1n2/2p1pP1p/1nP1P2P/3PB1P1/6B1/3QK2R w K - 0 24,e1g1,87,172,major,1,w
2r3k1/6pp/5p2/3R3P/br2P3/3N1PP1/1p6/1R4K1 b - - 0 38,c8c2,-199,-127,major,1,b
r1b2b1r/3nkppp/2qN4/p1Ppp3/P7/2B1P2P/1P2BPP1/R2Q1RK1 w - - 4 17,a1c1,556,461,major,3,w
7k/8/1r1p1b2/1PpP4/4Bp2/3P4/4KP2/1R6 b - - 1 43,h8g7,156,110,major,3,b
1k1r1r2/2n2PQ1/7p/1P2P3/1P3b2/8/P4P2/R4K2 w - - 1 34,b5b6,523,321,major,1,w
2r5/1bP1kp2/4p3/nN5p/6pP/P2BP3/5PPR/4K3 b - - 0 26,b7c6,90,106,major,1,b
2r2k2/1p5p/1R4p1/3P1b2/2B1P3/2N4r/p2K4/R7 w - - 1 37,b6b4,340,248,major,1,w
1rr3k1/p2b1ppp/3q4/1ppPp1b1/1P2P3/P3NPP1/3Q1N1P/R3R1K1 b - - 4 35,c5c4,-129,-83,major,3,b
r7/PR5p/R5p1/2P5/1P1k3b/5P2/6K1/8 b - - 0 67,h4g5,754,398,major,1,b
7k/pp3r2/5P2/8/r2nN1K1/P4P2/1P6/1RB5 b - - 2 40,h8g8,252,52,major,2,b
r3k2r/4bp2/p2pbnp1/1p5p/3pPB2/1PqQ1P2/P2NB1PP/1R2K2R b Kkq - 2 20,h5h4,-272,-177,major,3,b
2k5/6R1/2b1p2N/4P3/8/5rPP/p3K3/R7 b - - 2 37,f3a3,503,183,major,1,b
8/6pk/pp5p/8/2P5/4q3/PK5p/4Q2R b - - 5 41,e3d4,387,198,major,1,b
7r/1pbk1pp1/7p/8/PpN3PP/1R6/4P3/3K4 b - - 1 29,h6h5,-22,-91,major,3,b
3k4/8/r7/P3R1RP/5P2/6K1/7r/8 b - - 30 74,h2h1,481,410,major,3,b
8/8/3nk3/5r2/5PK1/2Q5/8/8 b - - 77 116,f5b5,0,-2,major,4,b
r4k2/1p4q1/1Q1p2Pp/p1p5/2P1Bpb1/8/Pb6/2R2K1R w - - 2 32,b6d6,452,26,major,2,w
4r3/4P3/R2b4/3k4/4P3/3K4/8/8 b - - 0 68,d5e5,-11,,major,1,b
6k1/r3b1p1/2q4p/1r1p3P/pP2p3/R1P4R/3N1PP1/1Q4K1 w - - 2 36,b1a2,-107,-121,major,3,w
8/8/8/4k3/8/5K2/7p/7R b - - 5 73,e5d5,464,463,major,1,b
3rr1k1/3q1pbp/1R1Pp3/1R3p2/5P2/3QB3/6PP/6K1 w - - 1 27,h2h3,104,70,major,2,w
r1r3k1/5pp1/p3pq1b/2R4p/2PPb3/Q4N1P/1B2NPP1/4K2R b K - 4 23,c8b8,241,218,major,4,b
2r5/pp2k2p/4pn2/5p2/8/2N3Pn/PP2BpbP/1K3R2 w - - 2 36,f1c1,-697,-543,major,1,w
8/5k2/8/5q2/8/4BB2/2p5/2R1K3 b - - 0 65,f5f3,-17,-5,major,1,b
r3r1k1/1p2Pp2/1p1pb1pp/4n3/2P5/2PB2P1/P2N1P1P/R3R1K1 w - - 1 19,d3f1,0,4,major,1,w
b5Qk/2q2r2/1p1N1P2/1pp1P3/3p4/P6P/5P2/1R1R2K1 b - - 0 48,h8g8,-396,,major,2,b
R7/5r2/2p2P2/2pkP3/3p4/P3nK2/4R3/8 w - - 3 56,a8e8,394,272,major,2,w
r5k1/P2b1r2/R2Bpb1p/2R2pP1/3Pp3/4P1P1/5PN1/3K4 b - - 0 46,h6g5,263,153,major,1,b
7q/R6P/3k4/5p2/pp5K/5P2/6P1/8 b - - 1 54,b4b3,-600,-401,major,1,b
6k1/6p1/4p2p/2q5/3pPrRP/3Q1P2/P7/K7 w - - 2 46,g4f4,-117,-112,major,3,w
r1n3k1/1N1r1pb1/2nP2pp/4pq2/1B6/1Q3NP1/3PPP1P/1R2K2R w K - 1 20,b7c5,-31,-19,major,2,w
1r2k3/1P2np1p/p2r4/q1p2b2/2P4P/P1P5/5PP1/R1Q1KBNR b KQ - 3 24,b8b7,-79,-84,major,1,b
3r4/2k5/p5p1/P1K1P3/2N5/3p2P1/3R4/8 b - - 1 49,g6g5,600,526,major,2,b
1r6/2k4p/r2p2p1/Pp1R1p2/1P6/7P/4NP2/3R2K1 w - - 5 37,e2d4,521,521,major,3,w
8/8/1B2p3/2p1P2k/2K3p1/r7/p6p/R7 w - - 0 70,b6c5,-703,-374,major,1,w
1r1q4/p2bn1pk/4p1pp/3pPr2/p1pP1NQP/2P2P2/R1PB2P1/3R1K2 w - - 8 33,d1a1,-31,-73,canon,3,w
8/p2bn1pk/4p1pp/q2pPr2/2pP1NQP/p1P2P2/1rPB2P1/R1R1K3 w - - 0 36,h4h5,-280,-174,canon,2,w
8/5pk1/8/3P1PP1/4R2P/1p6/2r5/7K w - - 1 47,h4h5,-306,13,canon,2,w
8/8/8/8/8/1k6/p7/1K6 w - - 0 1,b1a1,0,,canon,1,w
8/8/8/3k4/8/1N6/p7/1K6 w - - 0 1,b1a2,0,,canon,1,w
