family,seed,game,our_color,result,peak_ply,peak_eval,peak_move,drop_ply,drop_eval,swing,decision_fen,drop_fen,src_dir,in_check,kring_pressure,mat_swing,ks_class
vssf_2200,,3,black,1/2-1/2,60,7414,e8e1,82,490,6924,4rrk1/6pp/pP6/Q2b4/3p1p1q/3N1Pn1/6B1/2R1R1K1 b - - 1 30,3r3k/1P4pp/Q3b3/p3R3/3p1p2/3N1P2/4K1Bq/8 w - - 1 42,vssf_2200,0,0,3,material
vssf_2400,,0,white,0-1,19,3184,h3h4,35,180,3004,r1bqk1nr/pppnb2p/3p1pp1/3P2P1/2P1N3/4P2P/PP3P2/R1BQKBNR w KQkq - 0 10,r2qk1nr/1p2b2p/2ppP1p1/p3n3/P1P1N2p/4P2R/1P3P2/RQB1KB2 b Qkq - 1 18,vssf_2400,0,0,2,positional
vssf_2400,,2,white,1/2-1/2,93,5027,d6e4,107,0,5027,8/r7/3N3k/3KPP2/8/8/8/8 w - - 10 47,r7/4KP2/4P1k1/8/4N3/8/8/8 b - - 4 54,vssf_2400,0,2,0,ks_attack
vssf_2400,,6,white,1/2-1/2,103,4322,e4e7,203,4207,115,8/7k/6pp/7b/4QP1P/3N2P1/7K/3q4 w - - 0 52,6k1/8/q7/2K3pP/4Q1P1/8/8/8 b - - 40 102,vssf_2400,0,1,0,positional
vssf_2400,,7,black,1/2-1/2,162,5300,c4c3,228,1157,4143,6k1/2K5/8/8/2p5/8/6b1/6N1 b - - 2 81,8/7N/8/8/6b1/2k5/8/3K4 w - - 41 115,vssf_2400,0,1,1,positional
vssf_2400,,8,white,1/2-1/2,43,2630,a6a7,47,-124,2754,1k1r2nr/3q2pp/P2p4/2ppb3/1p6/8/1PP1QPPP/R1BNK2R w KQ - 1 22,k3r1nr/P2q2pp/3p4/2ppb1B1/1p6/4N3/1PP1QPPP/R3K2R b KQ - 4 24,vssf_2400,0,0,0,positional
vssf_2400,,9,black,1-0,38,3600,d3c2,50,-2557,6157,5knr/1bp1bppp/p3p3/4P3/4NQ1P/3q1P2/Pr1B2P1/R1N1K2R b KQ - 1 19,6kr/2R1bppp/p3p2n/4P3/3qPQ1P/1P6/3B2P1/R5K1 w - - 1 26,vssf_2400,0,1,3,material
vssf_2400,,12,white,1/2-1/2,57,2948,f3e4,59,0,2948,2k5/Qp2bq1p/p1p3r1/2P1p1n1/1P2n3/PbN2B1P/5P2/2R2KNR w - - 0 29,Q1k5/1p2bq1p/p1p3r1/2P1p3/1P2n3/PbN4P/5P2/2R2KNR b - - 1 30,vssf_2400,0,3,0,ks_attack
vssf_2400,,15,black,1/2-1/2,44,5508,c2d1q,48,0,5508,2r1qr2/pp3pk1/2n2n1N/5Qp1/2P5/8/P1p2PPP/3RR1K1 b - - 1 22,2r1qr1k/pp3p2/2n2n1N/5Q2/2P5/8/P4PPP/3qR1K1 w - - 3 25,vssf_2400,0,2,-12,ks_attack
vssf_2400,,16,white,0-1,41,2116,b3c4,43,-1307,3423,r5k1/p4ppp/3b1n2/1p6/2pP4/PPQn2P1/3NqP1P/R1B2RK1 w - - 1 21,r5k1/p4ppp/3b4/1p6/2PP2n1/P1Qn2P1/1B1NqP1P/R4RK1 b - - 2 22,vssf_2400,0,3,-1,ks_attack
vssf_2400,,21,black,1/2-1/2,96,4733,e8g8,202,4063,670,2bRq2k/p1P5/7p/6p1/r3p3/7P/6P1/4R1K1 b - - 1 48,3R4/8/8/8/8/5kp1/r7/6K1 w - - 40 102,vssf_2400,0,1,7,material
vssf_2400,,24,white,1/2-1/2,27,9999978,f4d6,29,-8868,10008846,2bqr1k1/1p2bppp/r1nppn2/8/pQP2B2/P1N2NP1/1P2PPBP/3RK2R w K - 0 14,2bqr1k1/1p2bppp/r3pn2/8/pBP5/P1N2NP1/1P2PPBP/3RK2R b K - 0 15,vssf_2400,0,1,5,material
vssf_2400,,29,black,1-0,32,4352,g4f3,52,2921,1431,r3kb1r/1R2pppp/2n5/p1p5/3P2b1/5NP1/q2BBP1P/3QK2R b Kkq - 0 16,2k2b2/R5p1/2B2p1r/p1p1p2p/3r4/6P1/5PKP/1R6 w - - 2 27,vssf_2400,0,3,-1,ks_attack
vssf_2400,,31,black,1/2-1/2,60,8180,a8b8,100,13,8167,r5k1/pp3pp1/5n2/2pP1b2/4rq2/PP3N1P/5KB1/3QR1R1 b - - 3 30,8/pp4Q1/8/5k2/2p5/Pq2n1K1/8/7B w - - 1 51,vssf_2400,0,3,-1,ks_attack
vssf_2400,,32,white,0-1,29,2285,e3g5,45,-1408,3693,2rqkb1r/1p2nppp/p3p3/n2pP3/3P4/2NBBQ1P/PP3PP1/R1R3K1 w k - 7 15,2rqkb1r/5p2/p3p1p1/np1pP2p/1n1P4/2N1BQ1P/PPB2PP1/2R1R1K1 b k - 1 23,vssf_2400,0,0,0,positional
vssf_2400,,33,black,1-0,50,3174,f6g4,86,0,3174,r4rk1/1p2q1p1/4pn1p/P2pQb2/5N1P/P7/3N1PP1/2RR2K1 b - - 0 25,2R2rk1/1R6/4p3/3pN3/8/8/4b1PK/r7 w - - 2 44,vssf_2400,0,3,-1,ks_attack
vssf_2400,,35,black,1-0,46,2851,g7f8,50,-9269,12120,rn2r3/2q1p1k1/2p2b1p/8/3P2Q1/1p3BPP/PB3P2/R5K1 b - - 4 23,1n2rk2/2q1p3/2p2bQp/7B/3P4/1p4PP/1B3P2/r5K1 w - - 0 26,vssf_2400,0,1,-6,positional
vssf_2400,,38,white,0-1,61,3975,b2b3,73,392,3583,1r4k1/4bp1p/q3n1pB/2n1P3/1r6/P3QN2/KPB2PPP/1R1R4 w - - 9 31,r5k1/4bp1p/4n1pB/4P3/P1q5/2n1QN1P/1KB2PP1/1R1R4 b - - 2 37,vssf_2400,0,3,-4,ks_attack
vssf_2400,,42,white,1/2-1/2,73,4520,d2f4,81,-964,5484,r4bk1/5p2/6pp/1R2P3/pP1pP3/3P1NPP/2rB2BK/8 w - - 0 37,r7/6k1/4p1pp/2R5/pP1pP3/3P1NPP/1r4BK/8 b - - 1 41,vssf_2400,0,1,1,positional
vssf_2400,,46,white,0-1,87,4584,c1c8,97,206,4378,7k/5pp1/7p/3r3P/3P2n1/4Pq2/Q4P2/2R3KR w - - 0 44,2R5/6pk/7p/1r3p1P/3P2R1/3QPq2/5P2/6K1 b - - 0 49,vssf_2400,0,1,-3,positional
vssf_2400,,47,black,1-0,62,3025,b8a8,64,-855,3880,1kr4r/p1p3p1/1pP1p2p/5p2/N2P4/P2Q1N1q/4KP2/3R4 b - - 1 31,kr5r/p1p3p1/QpP1p2p/5p2/N2P4/P4N1q/4KP2/3R4 w - - 4 33,vssf_2400,0,2,0,ks_attack
vssf_2400,,48,white,0-1,45,2059,g3f4,51,-798,2857,1k1r3r/1bp2q1p/1p1pp3/p2n4/P3Nn2/1PP3P1/1BQ2P1P/2RR1BK1 w - - 1 23,1k1r2r1/1bp4p/1p1pp3/p6q/P4n2/1PPR2N1/1BQ2P1P/1R3BK1 b - - 5 26,vssf_2400,0,3,-2,ks_attack
vssf_2400,,50,white,0-1,49,6311,b2b4,57,0,6311,1r4k1/5p1p/b3q1p1/Q3p1Pn/2RnP2N/P2P3P/1P3P2/4KBR1 w - - 1 25,3r2k1/5p1p/6p1/4Q1Pn/qPPnP2N/P6P/5PB1/4K1R1 b - - 2 29,vssf_2400,0,2,1,ks_attack
vssf_2400,,56,white,0-1,25,2616,f4c7,39,432,2184,rn1qk2r/1Q2bppp/p1p5/7n/2BP1B2/2N5/PP3PbP/R3K1R1 w Qkq - 1 13,Qn3rk1/2q2ppp/p1p2n2/8/2BP1b2/2N3R1/PP3P1P/1K1R4 b - - 9 20,vssf_2400,0,1,-5,positional
vssf_2400,,59,black,1-0,66,4924,f4g2,74,-2682,7606,2rbr1k1/q4N2/1p1pP1p1/p1p2p2/P1Pn1nP1/1PQ5/1B4B1/4RR1K b - - 1 33,qr2r1k1/5N2/1p1pP1p1/p1p5/PPPn2pb/2Q1R3/1B5K/5R2 w - - 3 38,vssf_2400,0,3,-1,ks_attack
vssf_2400,,61,black,1-0,40,4914,f8g7,56,0,4914,r1b1kbr1/1p3p1p/2pp2p1/p5B1/N1nNP3/2R4P/q4PP1/3Q1RK1 b q - 1 20,r3k1r1/7p/2N1bpp1/ppp1b1B1/2n5/4Q2P/5PP1/4R1K1 w q - 4 29,vssf_2400,0,1,1,positional
vssf_2400,,63,black,1/2-1/2,36,5451,f7f6,46,153,5298,r3k2r/1p3ppp/pqn1p1n1/3pP3/1P3B2/2PQ1NPP/4Kb2/1R3N1R b kq - 0 18,r4rk1/qp1Q2pp/P3pP2/3p4/2n2n2/2P2NPP/4Kb2/1R3N1R w - - 0 24,vssf_2400,0,2,-1,ks_attack
vssf_2400,,64,white,1/2-1/2,49,2811,d2g5,67,173,2638,r5k1/1bp2q1r/1p2p2p/pB1nPpp1/Pn1P4/1P3N1P/3B1PP1/R1Q1R1K1 w - - 2 25,2r5/5k1q/1pp1p3/p2nPp2/Pn1P4/1P3P1P/6P1/2QRR2K b - - 4 34,vssf_2400,0,0,-1,positional
vssf_2400,,67,black,1-0,34,2413,g8g7,38,-725,3138,r2r2k1/1b2qpRp/pp1bpn2/2p1N3/3P3B/2P5/PPB1QP1P/2KR4 b - - 0 17,r2r1k2/1b2qp1p/pp2pn2/2p1b3/3P3B/2P5/PPBQ1P1P/2K3R1 w - - 2 20,vssf_2400,0,1,-8,positional
vssf_2400,,68,white,1/2-1/2,53,3310,b3d5,55,-5588,8898,r1r3k1/4qpb1/6pp/p2nP3/P6P/1QP1BN2/4PPP1/2K2B1R w - - 0 27,r5k1/4qpb1/6pp/p2QP3/P6P/2r1BN2/4PPP1/3K1B1R b - - 1 28,vssf_2400,0,1,-2,positional
vssf_2400,,70,white,1/2-1/2,115,4258,e2d3,145,4203,55,8/3k1K2/1p3p2/1P4p1/P3P1P1/7P/1b2B3/8 w - - 9 58,8/3k2K1/1p3p2/1P1B2p1/P3P1P1/7P/8/b7 b - - 40 73,vssf_2400,0,1,0,positional
vssf_2400,,72,white,1/2-1/2,31,2091,b4d4,33,-1043,3134,r2q1rk1/p2n1pbp/b1B2np1/4N3/1Q3P2/2P4P/PP4P1/RNB1K2R w KQ - 3 16,2rq1rk1/p2n1pbp/b4np1/4N3/B2Q1P2/2P4P/PP4P1/RNB1K2R b KQ - 6 17,vssf_2400,0,1,0,positional
vssf_2400,,74,white,0-1,87,3554,b5b8,91,0,3554,1rrb4/8/6k1/1R2P1p1/PB6/2N2p1P/2P2P1P/5K2 w - - 2 44,2rb4/8/6k1/4P1p1/P7/B4p1P/N1P2P1P/5K2 b - - 3 46,vssf_2400,0,1,0,positional
vssf_2400,,78,white,0-1,37,3009,e3e4,39,174,2835,2krr3/1pp2pq1/p1p5/4Nb1p/3P1P2/1PN1P1Pn/PQP4P/R4R1K w - - 0 19,2krr3/1pp2pq1/p1p5/4Nb2/3PPP1P/1PN4n/PQP4P/R4R1K b - - 0 20,vssf_2400,0,2,-1,ks_attack
vssf_2400,,79,black,1-0,38,3641,b6c5,52,189,3452,5k1r/1pp2pp1/1q2bn2/1N5p/1nB1p3/4P2P/3P1PP1/1Q2K1NR b K - 1 19,6kr/5pp1/2p2n2/1pq4p/2bNpN1P/4P3/nQ1PBPP1/5RK1 w - - 6 27,vssf_2400,0,0,0,positional
vssf_2400,,80,white,1/2-1/2,17,3156,h2h4,33,-126,3282,rnbq3r/ppppn1p1/6kp/8/1Q2P3/2N5/PP3PPP/R1B1K1NR w KQ - 0 9,r1b2r2/p1p1n1p1/1p1p2kp/1Q5P/P3q3/5N2/1P3PP1/R1B2K1R b - - 0 17,vssf_2400,0,1,1,positional
vssf_2400,,85,black,1/2-1/2,44,5241,f8f2,74,0,5241,r4rk1/1q2n1bp/2p3p1/p3p3/Pp1pP3/1P1n2P1/3Q1PBN/RNB2K1R b - - 1 22,7k/6b1/6np/p1p1p1N1/PpBp2p1/1P4P1/2q2K2/2B2R1R w - - 2 38,vssf_2400,0,2,-1,ks_attack
vssf_2400,,86,white,0-1,55,8444,d1e1,65,-711,9155,3qkr2/2p1bp2/4Rp1Q/5r2/p2B1P2/3P1bP1/BPP5/2KR4 w - - 1 28,5r2/2p1b3/2k1Qp2/2q5/p1B2P2/3P1bP1/1PP5/2K1R3 b - - 3 33,vssf_2400,0,1,2,positional
vssf_2400,,88,white,0-1,85,4464,c4a2,87,0,4464,5k2/2R3p1/3p4/3P4/1PB5/2np1PR1/r3P2r/4K3 w - - 0 43,5k2/2R3p1/3p4/3P4/1P6/2np1PR1/B3PK2/7r b - - 2 44,vssf_2400,0,3,-5,ks_attack
vssf_2400,,93,black,1-0,82,3285,f7g8,84,0,3285,3qn3/r2p1kp1/np1Ppp2/p1p1P1N1/P1P2Q1N/1P6/1K6/3R4 b - - 2 41,3qn1k1/r2p2p1/np1Pp1N1/p1p1P1p1/P1P2Q2/1P6/1K6/3R4 w - - 0 43,vssf_2400,0,2,-3,ks_attack
vssf_2400,,94,white,0-1,45,7592,f4g5,53,0,7592,r6k/p3np1p/2p2n2/3p1qr1/Q2P1P2/1PN1P3/P2B2BK/R2R4 w - - 0 23,r6k/p4p1p/2p5/3p1nP1/Q2P2K1/1PN1q3/P5B1/R2RB3 b - - 0 27,vssf_2400,0,2,-7,ks_attack
vssf_2400,,95,black,1/2-1/2,148,4664,e5d6,164,4664,0,8/n4K2/P7/4k3/8/8/8/8 b - - 24 74,6K1/n3k3/P7/8/8/8/8/8 w - - 41 83,vssf_2400,0,1,0,positional
vssf_2400,,96,white,0-1,43,3075,b6d8,49,-1192,4267,r2r2k1/1p2qp2/1Bp1b1p1/p3p1b1/PnP1P3/1NQ2BPp/1P2PP1P/R4KR1 w - - 12 22,3r2k1/1p2qp2/2p3p1/p3p1b1/P1b1P1P1/1N3B1p/RP2PP1P/4QKR1 b - - 0 25,vssf_2400,0,2,-4,ks_attack
vssf_2400,,97,black,1-0,68,4481,f6g4,88,-8431,12912,3q2k1/7p/r4np1/p3Qp2/1p2p3/3b2P1/1P2N2P/2RR2K1 b - - 1 34,1r2b2k/6R1/4N1p1/2R2p1p/pp2p3/5nPP/1P3K2/8 w - - 2 45,vssf_2400,0,2,0,ks_attack
vssf_2400,,99,black,1-0,36,2518,b7b6,40,105,2413,r3r1k1/1p1qbppp/p2p1n2/2pP1P2/P1P1p2N/R7/1PP3QP/2B2R1K b - - 4 18,r3r1k1/4bppp/pp1p4/2pP1P1n/q1P1p2N/7R/1PP3QP/2B3RK w - - 0 21,vssf_2400,0,1,-1,positional
vssf_2400,,100,white,0-1,49,2327,h6g7,69,406,1921,r4rk1/4ppbp/qn1p1npB/2pP3P/p3P1P1/1PN1QP2/P3N3/2R2K1R w - - 2 25,2q2rnk/4p2p/3p1ppP/2pPn3/1r2P1P1/1P2QP1R/4N2R/2N1K3 b - - 9 35,vssf_2400,0,0,0,positional
vssf_2400,,101,black,1-0,42,3533,e8f8,50,150,3383,r3k2r/p3ppb1/n5pn/N1pPN2p/Q4P1P/P1P3Pq/R4K2/2B1R3 b kq - 2 21,r4k1r/p1n1pp2/6p1/N1pPP2p/4Q2P/P1P3Pq/R4K1n/2B1R3 w - - 5 26,vssf_2400,0,0,0,positional
vssf_2400,,104,white,1/2-1/2,123,7719,d3c4,161,7719,0,8/2B5/4k3/2p5/8/3K4/8/8 w - - 1 62,8/2B5/8/2p5/2K5/6k1/8/8 b - - 40 81,vssf_2400,0,1,0,positional
vssf_2400,,106,white,0-1,43,6807,g2g4,47,250,6557,1r2r1k1/pp1nbpp1/P1p4p/4Nq2/3PNP2/4Q2P/1P4P1/R4RK1 w - - 1 22,1r2r1k1/pp1Nbpp1/P1p4p/3q1P2/3PN1P1/4Q2P/1P6/R4RK1 b - - 0 24,vssf_2400,0,0,-3,positional
vssf_2400,,108,white,1/2-1/2,107,4916,f2g3,109,0,4916,7k/6p1/5pQ1/2b2P2/4pB1P/Pp2R3/2q2KP1/8 w - - 1 54,4Q2k/6p1/5p2/5P2/4pB1P/Pp2b1K1/2q3P1/8 b - - 1 55,vssf_2400,0,3,5,ks_and_material
vssf_2400,,111,black,1/2-1/2,88,3770,b1b5,90,0,3770,6k1/R5bp/6p1/1P3p2/3ppN1P/6P1/4PK2/1r6 b - - 0 44,R7/5kbp/6p1/1r3p2/3ppN1P/6P1/4PK2/8 w - - 2 46,vssf_2400,0,2,-1,ks_attack
vssf_2400,,119,black,1-0,54,2697,e7g7,60,0,2697,1n1k4/1b2q3/r2p4/p1pP1p1r/N2bPPpp/P7/1PQB4/1K1RR2B b - - 2 27,1n1k3r/1bq5/r2p4/p1pP4/N2bRPpp/PQ6/1P1B4/1K2R2B w - - 3 31,vssf_2400,0,1,0,positional
vssf_2400,,120,white,0-1,69,4769,e1e6,71,-8295,13064,8/2k1b3/p3p1BN/1p1n3P/q1pP4/P5P1/QP3rP1/K3R3 w - - 1 35,8/2k1b3/R5BN/1p1n3P/q2P4/P1p3P1/QP3rP1/K7 b - - 0 36,vssf_2400,0,2,-2,ks_attack
vssf_2400,,121,black,1/2-1/2,48,3467,b7b5,52,39,3428,3rk1r1/pp2qp1b/2p1pp2/2n4p/2B1P2P/P4PB1/1P4PK/R1Q2R2 b - - 0 24,3rk3/p3qp1b/2p1p3/1pn2p1p/4P2P/P4PK1/1P2B1P1/R1Q2R2 w - - 0 27,vssf_2400,0,0,2,positional
vssf_2400,,123,black,1/2-1/2,64,2048,g7g6,76,-39,2087,3b1R2/pr1k2p1/3p3r/2p2p1p/2P2P2/2B5/1P4PK/R7 b - - 3 32,2rbR1R1/3k4/p2p2pr/2p2p2/2P2P1p/2B4K/1P4P1/8 w - - 6 39,vssf_2400,0,2,0,ks_attack
vssf_2400,,124,white,1/2-1/2,171,6593,f4f5,207,6593,0,8/5k2/5p2/8/4NK2/8/8/8 w - - 3 86,8/8/5p2/3N1K2/8/2k5/8/8 b - - 40 104,vssf_2400,0,1,0,positional
vssf_2400,,125,black,1-0,34,2967,d6d5,54,-2224,5191,r1b1kb2/3n1p2/p1pp2p1/2q1p2r/4PP1p/1P5P/P2N1NP1/R1BQ1RK1 b q - 0 17,r3kn2/4q3/b3p1p1/3p3r/1p1N1bNp/3Q3P/PB4P1/4RRK1 w q - 2 28,vssf_2400,0,0,-1,positional
vssf_2400,,129,black,1-0,46,2610,d5e4,48,0,2610,2kr1b1r/1pn1npp1/2p5/p2p1PP1/Q3P2p/2N1B3/PP2N2q/2KR2R1 b - - 3 23,3k1b1r/1pn1npp1/2p5/p4PP1/Q3p2p/2N1B3/PP2N2q/2K3R1 w - - 0 25,vssf_2400,0,0,-1,positional
vssf_2400,,130,white,0-1,43,4078,a2a3,45,-4858,8936,2r2rk1/1p1b1pp1/1q2p3/p7/1n1N1P1Q/1P4P1/PBPP3P/R2KR3 w - - 0 22,2r2rk1/1p1b1pp1/1q2p3/p7/3N1P1Q/PPB3P1/2nP3P/R2KR3 b - - 1 23,vssf_2400,0,1,1,positional
vssf_2400,,133,black,1/2-1/2,140,5860,g4g3,180,158,5702,8/PR6/8/8/6p1/8/r1p5/2k2K2 b - - 13 70,8/PR6/8/8/8/r5p1/2p3K1/k7 w - - 40 91,vssf_2400,0,1,0,positional
vssf_2400,,135,black,1-0,78,2730,c5d6,82,-6004,8734,1r1r1k2/1b3p1Q/6p1/p1qpbpB1/Pp1p4/1B1P4/1PP2K2/R6R b - - 3 39,1r3k2/1b3p1Q/3qr1p1/p2pbp2/Pp1p1B2/1B1P4/1PP2K2/4R2R w - - 8 42,vssf_2400,0,1,0,positional
vssf_2400,,141,black,1-0,50,3385,a8d8,54,-543,3928,r5k1/1b1r1pp1/1pp1p3/p3P2p/P1PP1Rnq/2NB4/6QN/3R3K b - - 2 25,3r2k1/1b1r1pp1/1p2p3/p1p1P1qp/P1PP1Rn1/3B4/4N1QN/3R2K1 w - - 0 28,vssf_2400,0,2,0,ks_attack
vssf_2400,,145,black,1-0,70,4830,f5g4,76,0,4830,8/b5k1/2n3p1/1p2ppN1/1Pp1P1N1/1q1r2P1/4QPK1/7R b - - 3 35,3r4/b6N/2n1k1p1/1p2p3/1Pp1P2Q/1q4P1/5PK1/7R w - - 5 39,vssf_2400,0,3,-2,ks_attack
vssf_2400,,146,white,0-1,43,2497,a4a5,45,317,2180,r1bq2k1/4br1p/1n1n2pP/3p4/Pp1P4/1P3B2/4NP2/R1BQK1NR w KQ - 1 22,r1bq2k1/4br1p/1n4pP/P2p4/1p1PnB2/1P3B2/4NP2/R2QK1NR b KQ - 2 23,vssf_2400,0,1,0,positional
vssf_2400,,154,white,0-1,65,3798,b4a4,79,-1669,5467,2b1rrk1/2p1n1b1/1p1p2q1/3Pp3/pQP2Pn1/2B1PN2/PP2NPB1/2RR1K2 w - - 5 33,3brrk1/Q2b3q/1p6/3P1n2/1BP1p1n1/4PN2/PP2NPB1/2RRK3 b - - 1 40,vssf_2400,0,1,-2,positional
vssf_2400,,155,black,1/2-1/2,40,2951,a6a5,50,-176,3127,4kb1r/1p2np2/p2p1npp/2qPp3/Pr6/1bN3P1/1Q1BNPBP/1R3RK1 b k - 1 20,4kb1r/1p2np2/3p1npp/q3p3/P7/6P1/NQ2NP1P/1R3RK1 w k - 3 26,vssf_2400,0,0,2,positional
vssf_2400,,157,black,1/2-1/2,154,3979,f3b3,188,3979,0,8/8/8/8/6pk/5r2/R5K1/8 b - - 5 77,8/8/8/8/6pk/r7/3R4/6K1 w - - 40 95,vssf_2400,0,0,0,positional
vssf_2400,,158,white,0-1,71,5036,d2d7,73,-926,5962,8/1b1q2k1/4pn2/p4r1P/7R/Pp4P1/3QPP2/2R2K2 w - - 8 36,8/1b1n2k1/4p3/p4r1P/7R/Pp4P1/4PP2/1R3K2 b - - 1 37,vssf_2400,0,2,0,ks_attack
vssf_2400,,160,white,1/2-1/2,77,7183,a2a4,91,-1481,8664,4R3/6pk/7n/8/1B2P3/2N3PP/P1q2PK1/8 w - - 3 39,1R6/6pk/8/4P3/PB1n4/2Nq1PPP/5K2/8 b - - 2 46,vssf_2400,0,2,0,ks_attack
vssf_2400,,172,white,0-1,57,2711,d1d4,67,-8256,10967,2rrq1k1/5p2/4pp1p/p1n5/2N5/1P2P3/2Q2PPP/R2R2K1 w - - 0 29,2r3k1/5p2/4pp1p/R7/1q1P4/1P2Q3/5PPP/6K1 b - - 2 34,vssf_2400,0,0,-1,positional
vssf_2400,,174,white,0-1,25,3440,a6a7,29,-1732,5172,2rq1rk1/p2npp1p/Q4npb/5b2/2NB4/1P1P4/P1P2PPP/RN2KB1R w KQ - 5 13,2rq1rk1/Q2npp1p/6pb/5b2/PnNB4/1P1P4/R1P2PPP/1N2KB1R b K - 2 15,vssf_2400,0,1,-1,positional
vssf_2400,,181,black,1-0,40,5165,b2a2,46,0,5165,4r3/p3bpkp/1qp2n2/2p5/3pPB2/3P1N1P/RrP3P1/2Q2RK1 b - - 0 20,4r1k1/p2nbN1p/1qp4B/2p5/3pP3/3P3P/r1P3P1/2Q2RK1 w - - 1 24,vssf_2400,0,3,-4,ks_attack
vssf_2400,,188,white,1/2-1/2,171,5451,g5g6,211,5405,46,5k2/8/5P2/3B1KP1/8/8/8/1r6 w - - 29 86,5k2/8/5PP1/1B3K2/8/8/8/6r1 b - - 40 106,vssf_2400,0,1,0,positional
vssf_2400,,194,white,0-1,27,5753,h3g4,37,483,5270,r2qk2r/3p1pb1/b1n3p1/p1pQP2p/1p2PBn1/2P2BPP/PP2NP2/RN3RK1 w kq - 3 14,r3k2r/3Q1p2/b1n5/p1p1P3/1p2P1Bq/2P5/PP2NP2/RN1R2K1 b kq - 0 19,vssf_2400,0,1,-4,positional
vssf_2400,,195,black,1/2-1/2,160,12441,b4a3,164,414,12027,8/8/8/8/1k6/1n6/p1Kp4/6R1 b - - 1 80,8/8/8/8/3n4/8/pk1K4/7R w - - 1 83,vssf_2400,0,2,1,ks_attack
vssf_2400,,199,black,1-0,42,5317,c6b5,44,-892,6209,r4kr1/4ppb1/2p3pp/pBR5/1n1P2P1/qb2PN1P/P2Q1P1B/R5K1 b - - 0 21,r4kr1/4pp2/6pp/ppR5/1n1b2P1/qbQ1PN1P/P4P1B/R5K1 w - - 0 23,vssf_2400,0,0,-4,positional
vssf_2400,,200,white,0-1,45,3114,h5e8,51,489,2625,r1b3k1/1p6/p4q2/2p1n2Q/1nPp4/NP3PP1/PB1P3P/5RK1 w - - 0 23,r7/1Q3nk1/p4q2/2p2b2/1nPp1P2/NP4P1/PB1P3P/5RK1 b - - 0 26,vssf_2400,0,0,-1,positional
vssf_2400,,204,white,0-1,43,4435,e4b7,51,398,4037,2r2k2/pp3ppB/4bq2/8/P2nQ3/2NP2P1/1P3P1P/R5K1 w - - 3 22,2r5/pQ3pkB/4b1p1/8/P2qNP2/3P1KP1/1P5P/R7 b - - 0 26,vssf_2400,0,2,-4,ks_attack
vssf_2400,,207,black,1-0,64,9999944,b7c7,72,0,9999944,1b1r2k1/1q3ppp/1pr2nb1/P2p4/3N4/4P2P/1B2NPP1/R2Q1BK1 b - - 0 32,1b2r1k1/2q2ppp/Pp3nb1/2rp4/3N1P2/1Q2P2P/1B2N1P1/2R2BK1 w - - 5 37,vssf_2400,0,0,0,positional
vssf_2400,,208,white,0-1,27,3359,d1b3,39,478,2881,r1bqk2r/1p2b1p1/n3p2p/p4p2/3P4/4B1P1/PP2PPBP/2RQ1KNR w k - 2 14,r3k2r/1p1b4/1q2p2p/5pp1/pbQP4/6PN/PP2PPBP/3R1KR1 b k - 1 20,vssf_2400,0,1,0,positional
vssf_2400,,215,black,1-0,64,4830,d2d3,80,303,4527,6k1/Q4pp1/3qbn1p/2p5/4p3/2N1P2P/P2r1PP1/1R1B2K1 b - - 0 32,8/5pk1/3q1npp/2p5/Q1B1p3/2NbP2P/P4PP1/6K1 w - - 2 41,vssf_2400,0,1,0,positional
vssf_2400,,217,black,1-0,36,3319,b8c6,44,-2339,5658,rnb2k1r/ppb3p1/8/3qpn1p/1P1PN3/5Q2/PB2BPPP/R3R1K1 b - - 2 18,r1bq1k1r/pp4p1/8/5n1p/1PBbN3/5Q2/P4PPP/3RR1K1 w - - 2 23,vssf_2400,0,1,0,positional
vssf_2400,,223,black,1-0,92,2162,g5d2,94,-6247,8409,8/8/PN1pkp2/1pp1p1b1/4P3/2P2r2/1K3P2/6R1 b - - 0 46,8/P7/1N1pkp2/1pp1p3/4P3/2b2r2/1K3P2/6R1 w - - 0 48,vssf_2400,0,2,-1,ks_attack
vssf_2400,,231,black,1-0,34,6328,g7h6,46,223,6105,r1b1k2r/1p3ppp/p2Ppn1B/8/3N4/6N1/qP2QPPP/n2R2K1 b kq - 1 17,r1bq2rk/1p1P1p1p/p3p2Q/8/3N3P/3R2N1/1P3PP1/n5K1 w - - 1 24,vssf_2400,0,1,1,positional
vssf_2400,,234,white,0-1,57,4924,e5f7,79,-7018,11942,3rk2r/1p1n1pR1/4q3/p2nNp2/Pb1P4/3QP2P/1P1N1P2/R1B1K3 w Qk - 9 29,3k4/1p5r/7q/p7/Pb1Pp3/1P2P3/1R3PQ1/2B3K1 b - - 3 40,vssf_2400,0,1,0,positional
vssf_2400,,236,white,0-1,31,2216,e3d4,35,-698,2914,1r1qkb1r/3b1pp1/p6p/1p1Pp3/1pPnN3/P2PB2P/5PP1/1R1QKB1R w Kk - 0 16,1r1qkb1r/3b1pp1/p6p/3P3Q/1PppN3/3P3P/5PP1/1R2KB1R b Kk - 1 18,vssf_2400,0,0,0,positional
vssf_2400,,237,black,1-0,34,3089,c5d4,40,-226,3315,r1bqkb1r/pp6/2np1p2/2pNpPpn/2PPP3/6pP/1P1BN1B1/R2Q1RK1 b kq - 0 17,r2qkb1r/pp4n1/2npbp2/3NpPp1/2P1P3/5BpP/1P1B4/R2Q1RK1 w kq - 0 21,vssf_2400,0,1,-3,positional
vssf_2400,,243,black,1-0,46,3901,e5d4,56,242,3659,3r1rk1/qpn1pp2/2p1n2p/p2pb2B/P2P2Np/4B2P/1P4P1/RQ3RK1 b - - 1 23,3r1rk1/1pn1p3/2p1np2/p2p1N1B/Pq5p/7P/1P4P1/R1Q2R1K w - - 4 29,vssf_2400,0,2,0,ks_attack
vssf_2400,,251,black,1-0,34,2146,d6h2,36,-3528,5674,r3k2r/5ppp/1p1qpn2/p7/8/1P2P2P/PBQ1BPb1/2R1K1R1 b kq - 1 17,r3k2r/5ppp/1p2pn2/p7/8/1P2P2P/PBQ1BPq1/2R1K3 w kq - 0 19,vssf_2400,0,0,-2,positional
vssf_2400,,252,white,0-1,59,3559,e4e2,71,-2364,5923,7k/1p1q2bP/8/p3p3/PnRpQrP1/3P1P2/1P3P2/5K1R w - - 0 30,5r1k/1p1q2bP/4n3/p1R1p3/P2p2P1/3P1P1R/1PQ2P2/5K2 b - - 13 36,vssf_2400,0,0,0,positional
vssf_2400,,257,black,1-0,76,5857,h3f3,80,-12894,18751,1k4rr/2pBn3/1p1p1p2/3Pp1p1/Q3P1P1/P1N4q/K7/2R5 b - - 3 38,1kn3r1/2pB4/1p1p1p2/1N1Pp1p1/Q3P1P1/P4q2/7r/K1R5 w - - 8 41,vssf_2400,0,4,0,ks_attack
vssf_2400,,258,white,0-1,17,2670,d4b5,67,485,2185,r2qkb1r/pp1b1p1p/2n1pnp1/3p4/2PN1B2/2N1P2P/PP3PP1/R2QKB1R w KQkq - 0 9,1B6/p3k2p/4bpp1/rp6/P1n2PP1/2P1PB1P/2R1K3/8 b - - 1 34,vssf_2400,0,1,-1,positional
vssf_2400,,259,black,1-0,80,3470,e6g5,84,209,3261,8/5k1p/4npp1/P2ppb2/8/6P1/8/2R2BK1 b - - 2 40,8/P4k1p/5pp1/4p1n1/3pb3/6P1/8/2R2BK1 w - - 1 43,vssf_2400,0,0,0,positional
vssf_2400,,269,black,1-0,34,3851,f5c8,46,0,3851,1q3k1r/p1p1p1b1/Q4np1/2PPpb1p/1rB1p3/P3B1PP/5P2/R2NK2R b KQ - 0 17,3qk2r/R1p1p1b1/6p1/1PPnp3/2B1p1Pp/4B2P/5P2/3N1RK1 w - - 3 24,vssf_2400,0,0,-1,positional
vssf_2400,,270,white,0-1,83,5179,h3g4,91,-106,5285,3r2k1/5p2/1Q4p1/p7/P1P1Pn1p/1P3P1B/3q1P1P/6RK w - - 2 42,3r2k1/5p2/8/p5p1/P1P1PQ1p/1P3P1B/5P1P/3q1R1K b - - 0 46,vssf_2400,0,0,-3,positional
vssf_2400,,271,black,1/2-1/2,160,7698,f5f4,206,7698,0,8/8/8/5p2/3b2kP/8/4p1K1/4R3 b - - 0 80,8/8/8/1K5k/7P/8/8/b7 w - - 41 104,vssf_2400,0,1,-3,positional
vssf_2400,,272,white,0-1,61,2015,a4a7,63,-4014,6029,2r5/5pkp/1p3qp1/3B1p2/R1Pr4/1p6/4QP1P/R5K1 w - - 0 31,2r5/R4pkp/1p3qp1/3P1p2/8/1p6/4QP1P/R5K1 b - - 0 32,vssf_2400,0,0,-2,positional
vssf_2400,,274,white,0-1,41,2200,c3b5,47,246,1954,1n2k1r1/r3ppb1/3p1n2/1ppP2p1/1q6/2N1P1B1/P1Q1NPP1/3R1K1R w - - 0 21,6R1/r2kppb1/q2p1n2/2pP2p1/8/4P1B1/P1Q1NPP1/5K1R b - - 0 24,vssf_2400,0,1,-6,positional
vssf_2400,,275,black,1-0,16,3411,e7e5,22,-229,3640,rn2kb1r/pp2ppp1/3p1n1p/q4b2/2PP1B2/3B4/PP2KPPP/RN1Q2NR b kq - 0 8,rn2kb1r/pp3p2/5npp/q2p4/2PPBp2/3Q4/PP2KPPP/RN4NR w kq - 0 12,vssf_2400,0,0,0,positional
vssf_2400,,277,black,1-0,20,3491,c4c3,62,0,3491,rn2kb1r/1p2ppp1/p3Pnbp/2p5/2pq3P/5B2/PP1N1PP1/R1BQK1NR b KQkq - 0 10,5kbr/3n2p1/1q3b2/Q1p1pNNp/1n2B2P/7R/1B3PP1/6K1 w - - 3 32,vssf_2400,0,2,1,ks_attack
vssf_2400,,280,white,0-1,53,7797,c6b6,65,0,7797,5rk1/3n1qpn/1rR4p/pQ2p3/P1P1P3/2P2N2/5PPP/4R1K1 w - - 0 27,6k1/6p1/7p/Q3p3/P1P1P3/2P2P1n/5P1P/3qRK2 b - - 4 33,vssf_2400,0,2,-6,ks_attack
vssf_2400,,287,black,1/2-1/2,96,3841,g5h4,142,296,3545,8/8/2bk4/6p1/3p2rP/5N2/1R2PK2/8 b - - 0 48,8/8/8/7R/4K3/2r4p/8/2k5 w - - 0 72,vssf_2400,0,0,-1,positional
vssf_2400,,295,black,1-0,44,3295,g6g5,68,-4233,7528,2brr1k1/2q5/ppn2ppp/2p5/3pPP1N/PPbP2P1/5KBP/1RBQ3R b - - 1 22,6k1/6q1/ppb3r1/2p1rPpR/P2pP1P1/1PbP3Q/5KB1/7R w - - 4 35,vssf_2400,0,1,-2,positional
vssf_2400,,297,black,1-0,30,2346,g7e5,36,-3393,5739,r1r3k1/pp1bnpbp/4p1p1/2p1N3/qn1pP3/N2P2P1/1PPBQPBP/R4RK1 b - - 1 15,r1r3k1/pp2np1p/2b1p1p1/2p1N3/1n1pP3/3P2P1/1q1BQPBP/R1R3K1 w - - 0 19,vssf_2400,0,1,-2,positional
vssf_2400,,298,white,0-1,37,7043,b1c3,39,3411,3632,1r5q/4kpp1/1Ppbpn2/P2p2p1/3P4/1Q2PBP1/1P3P1r/RNB2RK1 w - - 0 19,1r6/4kpp1/1Ppbpn2/P2p2p1/3PP3/1QN2BPq/1P3P1r/R1B2RK1 b - - 0 20,vssf_2400,0,2,0,ks_attack
vssf_2400,,301,black,1/2-1/2,150,4216,a4f4,158,405,3811,4k3/2R5/2N5/5p1p/r4P1K/3b4/8/8 b - - 11 75,4k3/2R5/2r2K2/5p2/7p/3b4/8/8 w - - 0 80,vssf_2400,0,2,-4,ks_attack
vssf_2400,,307,black,1/2-1/2,68,2783,d8f6,72,-810,3593,3b3k/2q2prp/p3p3/2n2p2/8/4PP2/2QRNP1P/4N2K b - - 5 34,7k/2q2prp/4p3/p1n2p1N/8/4PP2/2QR1P1P/b3N2K w - - 2 37,vssf_2400,0,1,0,positional
vssf_2400,,317,black,1/2-1/2,34,4901,d7g4,48,-769,5670,1r2k2r/pp1bppb1/1q1p2p1/n2P4/2P3P1/1PN2N2/P2BQPK1/R4R2 b k - 0 17,3rk3/1p2pp2/pq1p2p1/n2P2B1/2P4R/1P5Q/Pb2NPK1/8 w - - 6 25,vssf_2400,0,2,-1,ks_attack
vssf_2400,,319,black,1-0,70,7856,h2h1,72,4937,2919,3k2r1/1R2b3/4p3/p1p2p2/Q2pN3/5P2/P4P1q/5K2 b - - 1 35,3k2r1/1R2b3/4p3/p1p2p2/Q3N3/3p1P2/P3KP2/7q w - - 0 37,vssf_2400,0,2,0,ks_attack
vssf_2400,,324,white,0-1,77,10414,e3f4,83,-12819,23233,2R5/5p2/p3p2r/Q3bk2/Pp3p2/3bP1qP/1P1B2B1/6K1 w - - 0 39,5R2/8/p1b1pP1r/Q4k2/Pp6/6qP/1P1B2B1/6K1 b - - 0 42,vssf_2400,0,2,-5,ks_attack
vssf_2400,,326,white,0-1,59,5216,b2b3,67,386,4830,2r2bk1/5bp1/2q4p/p4Q2/1pnP3P/5P2/PP2N1P1/K1B1R2R w - - 0 30,2r2bk1/5bp1/2qnN2p/8/pp5P/1P1Q1P2/P5P1/K1B1R2R b - - 3 34,vssf_2400,0,0,1,positional
vssf_2400,,329,black,1/2-1/2,152,4722,f5f2,162,0,4722,8/8/5k2/5qp1/8/6K1/5Q2/8 b - - 2 76,8/8/8/5k2/6p1/6K1/8/8 w - - 8 82,vssf_2400,0,1,0,positional
vssf_2400,,330,white,0-1,109,10074,c6c7,111,-13363,23437,8/7k/2P1n3/8/P3P2P/5qPK/2Q5/8 w - - 8 55,8/2P4k/8/8/P3Pn1P/5qP1/2Q4K/8 b - - 2 56,vssf_2400,0,2,0,ks_attack
vssf_2400,,342,white,1/2-1/2,165,4115,d6e7,171,4115,0,8/1k6/3K3r/3P4/5R2/8/8/8 w - - 33 83,3K4/1k5r/8/3P4/8/8/8/5R2 b - - 40 86,vssf_2400,0,2,0,ks_attack
vssf_2400,,345,black,1/2-1/2,84,2963,d3c2,86,-3558,6521,2rr2k1/p4pp1/2q1p3/P1p1B1P1/2p4Q/3bR1K1/1P3P2/3R4 b - - 2 42,3r2k1/p4pp1/2q1p3/P1p1B1P1/2p4Q/4R1K1/1Pb2P2/8 w - - 0 44,vssf_2400,0,2,0,ks_attack
vssf_2400,,350,white,0-1,19,2218,b4d4,33,0,2218,r1bqk2r/p3bppp/n1pp1n2/8/PQ2P1P1/2N1BP2/1PP4P/R3KBNR w KQkq - 1 10,1rb2rk1/p2n1ppp/3p1b2/q1p5/PnB1PPP1/2N1B2P/1PPQ4/2KR2NR b - - 5 17,vssf_2400,0,1,0,positional
vssf_2400,,351,black,1/2-1/2,28,2583,h4g3,30,5,2578,rn2k2r/p4ppp/2pp4/4p3/Np1PPq1b/6N1/PPP1K2P/R2Q1BR1 b kq - 6 14,rn2k2r/5ppp/p1pp4/4p3/Np1PPq2/6R1/PPP1K2P/R2Q1B2 w kq - 0 16,vssf_2400,0,0,0,positional
vssf_2400,,353,black,1-0,42,2332,c8c3,44,-257,2589,2r1k2r/5pb1/3pb1p1/pq2p2p/1P1pP2P/n2P2PB/1R3P1K/2BQ1RN1 b k - 1 21,4k2r/5pb1/3pB1p1/pq2p2p/1P1pP2P/n2r2P1/1R3P1K/2BQ1RN1 w k - 0 23,vssf_2400,0,1,2,positional
vssf_2400,,354,white,1/2-1/2,35,3316,a1a8,37,0,3316,r4rk1/1p1n1pp1/2p1p2p/2np3P/1bPP1B2/1PN2PPR/1P3P2/R3KB2 w - - 3 18,r5k1/1p1n1pp1/2pBp2p/2np3P/1bPP4/1PN2PPR/1P3P2/4KB2 b - - 1 19,vssf_2400,0,0,0,positional
vssf_2400,,356,white,1/2-1/2,149,8678,g4g5,175,8607,71,8/7k/8/5N1P/6K1/4B3/8/5r2 w - - 13 75,8/7k/8/5NKP/8/3r4/7B/8 b - - 40 88,vssf_2400,0,1,0,positional
vssf_2400,,357,black,1-0,44,2596,b7b6,52,476,2120,3rqkr1/pp3p2/5p1p/n2P4/1b2b3/4NNPB/5P1P/2RQ2KR b - - 7 22,2r1qkr1/p4p2/1p3p1p/n1bP4/3N4/3QN1P1/5PKP/2R4R w - - 3 27,vssf_2400,0,0,0,positional
vssf_2400,,363,black,1-0,42,4850,f7f6,50,102,4748,r4rk1/pp3ppp/1n1N4/1N1nb3/2p5/3b1P2/PP4KP/R1BBR3 b - - 14 21,r3r1k1/p2n2pp/3b1p2/PN1n1b2/2p5/5P2/1P4KP/R1BBR3 w - - 0 26,vssf_2400,0,0,-2,positional
vssf_2400,,373,black,1-0,66,4908,f8e8,74,-3359,8267,r2r1qk1/ppn2p2/3p1p2/2pP1Npp/PbP1P3/5R1B/1R6/3Q3K b - - 1 33,r2r2k1/ppn2p2/3p1p2/2pP1N2/PbP1Pqp1/4R3/7R/3Q3K w - - 2 38,vssf_2400,0,2,-2,ks_attack
vssf_2400,,375,black,1-0,26,5613,d8h4,40,-510,6123,rn1qk2r/pp3ppp/2pp4/4p3/1P1P4/2P2K2/PQ2B1PP/RNB5 b kq - 0 13,r4kr1/pp1n2pp/2ppqp2/6B1/1P1P4/5N2/PQ3KPP/R4B2 w - - 0 21,vssf_2400,0,0,0,positional
vssf_2400,,376,white,0-1,25,2921,d4e6,59,435,2486,r2qkb1r/1p3ppp/p2pbn2/4n3/3NP3/2N1B3/PPP1B1PP/R2Q1RK1 w kq - 0 13,2q1r1k1/1p1n2pp/p1rpp1n1/8/3QP3/P1N5/1PP1B1PP/R4RK1 b - - 0 30,vssf_2400,0,0,0,positional
vssf_2400,,379,black,1-0,112,2390,a3e3,116,-273,2663,4k3/8/1pNrp3/1P1nN1pp/p1BR4/q4PKP/3R4/8 b - - 0 56,4k3/8/1pNrp3/1P1nN1pp/2BR4/p1q2P1P/4R2K/8 w - - 2 59,vssf_2400,0,2,0,ks_attack
vssf_2400,,382,white,0-1,71,2908,g1h1,75,0,2908,4r1k1/5pp1/2qp1b2/5P1R/8/1P5P/P2Q2P1/5NK1 w - - 3 36,4r1k1/5pp1/2Qp1b2/4qP1R/8/1P5P/P5P1/5N1K b - - 8 38,vssf_2400,0,1,0,positional
vssf_2400,,383,black,1-0,46,2694,h6g6,48,442,2252,r1b1kb2/pp6/2n4r/2NB1p1p/N3p1pP/4P3/PP4P1/2RR2K1 b q - 0 23,r1b1kb2/pp4r1/N1n5/3B1p1p/N3p1pP/4P3/PP4P1/2RR2K1 w q - 3 25,vssf_2400,0,1,0,positional
vssf_2400,,385,black,1-0,46,2612,a5b4,52,0,2612,r1b1r1k1/3nqpp1/1bpp3p/ppn1pP2/1P2P1P1/2PPN2R/P1N1Q1B1/R1B4K b - - 0 23,r1bqr1k1/3n1pp1/1bpp3p/1p2pP2/nP2P1N1/3P3R/P1N1Q1B1/R1B4K w - - 2 27,vssf_2400,0,0,-1,positional
vssf_2400,,394,white,0-1,67,6080,b1a1,69,-3271,9351,6k1/pp3p2/4r1pQ/1q6/2rPP3/5PP1/R3N2P/1K2R3 w - - 1 34,6k1/pp3p2/r5p1/1q6/2rPP3/5PP1/R2QN2P/K3R3 b - - 4 35,vssf_2400,0,2,0,ks_attack
vssf_2401,,1,black,1/2-1/2,42,5027,c1a2,48,461,4566,r3r1k1/3b1ppp/pqpp4/4b3/2P5/P3PQ1P/1PBN1PP1/1Rn2RK1 b - - 1 21,rq2r1k1/3b1pp1/p1pp3p/4b3/B1P5/P3P2P/1P1N1PP1/1RnQR1K1 w - - 2 25,vssf_2401,0,0,0,positional
vssf_2401,,5,black,1-0,38,2108,e6d5,40,477,1631,2kr3r/ppqn2b1/2p1p1p1/1P1P1p2/P2Pn1b1/3BPNPp/1B1N1P1P/R1Q2RK1 b - - 0 19,2kr4/ppqn2b1/2p3p1/1P1p1p2/P2Pn1br/3BP1Pp/1B1N1P1P/R1Q2RK1 w - - 0 21,vssf_2401,0,0,-4,positional
vssf_2401,,12,white,0-1,69,2503,c1c2,71,-5018,7521,5rk1/6bp/1p1p2b1/6Pp/3P4/pP1pQ3/P1q1N2R/K1R1Br2 w - - 6 35,5rk1/6bp/1p1p2b1/6Pp/3P4/pP6/P1p1N2R/K1Q1Br2 b - - 1 36,vssf_2401,0,2,-4,ks_attack
vssf_2401,,13,black,1-0,58,4942,a5a4,62,0,4942,r1b1R3/pp5p/3p1r1k/q1p2p2/P1P5/8/5PQ1/1R5K b - - 0 29,r1b1R3/pp5p/2qp2rk/2p2p2/2P5/5P2/6Q1/6RK w - - 1 32,vssf_2401,0,1,-1,positional
vssf_2401,,16,white,0-1,85,6625,f1g1,131,155,6470,2rb4/6k1/3np3/1p1p1pPQ/pPqP4/P3P1PP/8/2BR1K1B w - - 1 43,8/7k/4P3/3P1n2/pP6/P6P/5qQK/8 b - - 2 66,vssf_2401,0,2,1,ks_attack
vssf_2401,,17,black,1-0,68,3209,e7h4,94,-1940,5149,r1rqb1k1/4bp1p/2p1p1p1/1pNpPn2/pP1P3P/P4PPK/3QR2N/2B4R b - - 17 34,1r2b1k1/r4p2/2p1p1p1/1pNpP1Bp/pP1P4/P4P1q/6RN/4Q1K1 w - - 2 48,vssf_2401,0,0,-1,positional
vssf_2401,,29,black,1-0,14,3279,b6b2,30,302,2977,r1b1kb1r/1p2pppp/1qn2n2/p1pp4/3PPB2/N1P2NP1/PP3P1P/R2QKB1R b KQkq - 0 7,r3kb1r/1p2pppp/8/p1p5/2Nn4/2Q2PP1/P3B1bP/R3K3 w Qkq - 1 16,vssf_2401,0,0,-2,positional
vssf_2401,,33,black,1-0,50,5513,h7c7,60,255,5258,2kr3r/1p5q/p1n5/3pPPp1/1P6/7p/P3B3/1R1Q1R1K b - - 0 25,2kr4/1p6/2n1P3/1B1p1Pp1/4r3/7p/P7/1R3R1K w - - 0 31,vssf_2401,0,1,0,positional
vssf_2401,,34,white,1/2-1/2,129,9999876,a8f8,131,-2213,10002089,R7/4p3/1P3k2/3r1P2/pr6/4K2P/8/5B2 w - - 5 65,R7/4p3/1P6/3r1Pk1/pr6/4K2P/8/5B2 b - - 8 66,vssf_2401,0,3,0,ks_attack
vssf_2401,,35,black,1-0,40,5240,e7d6,42,336,4904,rn2kb1r/pb2pp2/2pN3p/1P1nP3/6p1/1Np3P1/qP2QPBP/2BR2K1 b kq - 3 20,rn1k1b1r/pb3p2/2pP3p/1P1n4/6p1/1Np3P1/qP2QPBP/2BR2K1 w - - 1 22,vssf_2401,0,2,-2,ks_attack
vssf_2401,,36,white,0-1,39,4262,g1f3,41,93,4169,2r4r/p2bk2p/1q2pb1Q/n7/8/2NP2P1/PPK1PP1P/2R2BNR w - - 5 20,2r4r/p3k2p/1q2pb1Q/n7/b7/2NP1NP1/PP2PP1P/1KR2B1R b - - 8 21,vssf_2401,0,2,0,ks_attack
vssf_2401,,37,black,1/2-1/2,26,3121,d4c3,50,-3474,6595,r3kb1r/pp2pppp/4b3/q7/1n1p4/2NP2P1/1P1BPPBP/1R1Q1RK1 b kq - 1 13,2r1kb1r/p3ppp1/1qn5/3RB2p/Q1P3b1/3P2P1/4PPBP/4R1K1 w k - 10 26,vssf_2401,0,1,-1,positional
vssf_2401,,43,black,1-0,42,2203,e7c8,52,-360,2563,3r1rk1/p2bnp1p/qpnNpBpP/2p5/4P3/3P1NPB/P3QPK1/7R b - - 5 21,4nrk1/p2bBp1p/1p2p1pP/2p3N1/2q1P3/3n2PB/P3QP1K/7R w - - 4 27,vssf_2401,0,3,1,ks_attack
vssf_2401,,46,white,0-1,35,4806,h7g6,53,-220,5026,1rb4r/p2nkp1B/3qp1p1/1Pp5/3P4/2P1PN2/2Q2PPP/R4K1R w - - 0 18,2b2r2/p1kn1N2/3q4/4p2Q/3P4/4PP2/1r4PP/R5KR b - - 2 27,vssf_2401,0,1,2,positional
vssf_2401,,51,black,1-0,56,9443,h8g8,62,0,9443,r6k/1pnb1Npp/4rn2/p2ppR2/2P5/P1q4P/4BQPK/5R2 b - - 0 28,r5k1/1pnb3p/5Q1p/p2pp3/2P5/P6P/3qB1PK/5R2 w - - 1 32,vssf_2401,0,1,0,positional
vssf_2401,,54,white,0-1,31,2541,a1d1,35,76,2465,r3kr2/1p1bppbp/p1p3p1/q1P3N1/2Q3P1/P1N1P2P/1PP2P2/R3K2R w KQq - 1 16,r3kr2/3bpNb1/p1p3pp/qpP5/6P1/PQN1P2P/1PP2P2/3RK2R b Kq - 0 18,vssf_2401,0,0,-1,positional
vssf_2401,,56,white,0-1,39,5653,a1e1,55,0,5653,3rr1k1/5pp1/p1Q2n1p/2P1q3/3p2bP/2NB4/PP1B1PP1/R4K1R w - - 2 20,Q5k1/5pp1/7p/2P2b2/5q1P/1P6/P4PP1/3rBK1R b - - 4 28,vssf_2401,0,2,1,ks_attack
vssf_2401,,61,black,1-0,36,5195,f6g4,40,3483,1712,r1b1k2r/1p3p1p/2pp1np1/p7/2PBP3/4Q2P/q3NPP1/5RK1 b kq - 0 18,r1b2rk1/1p3p1p/2p2Bp1/p2p4/2P1P1P1/4Q3/q3NPP1/5RK1 w - - 0 21,vssf_2401,0,1,3,material
vssf_2401,,66,white,1/2-1/2,69,3037,e1e5,71,0,3037,1r4k1/5p2/2q1p1p1/2prb2p/p6Q/P1P2P1P/1P3NP1/1R2R1K1 w - - 6 35,1r4k1/5p2/2q1p1p1/2p1r2p/p4Q2/P1P2P1P/1P3NP1/1R4K1 b - - 1 36,vssf_2401,0,0,2,positional
vssf_2401,,70,white,0-1,45,9236,g2f3,53,0,9236,1Q6/4k2p/B2r2p1/2b1n3/4n2q/N3Pr2/PP4PP/R1B2RK1 w - - 2 23,8/1Q1rk2p/B5p1/2b5/6q1/N3P1P1/PP6/R1B3K1 b - - 0 27,vssf_2401,0,0,-5,positional
vssf_2401,,76,white,0-1,53,3683,e1a1,57,157,3526,2r4r/1p2bpk1/p3p2n/q2pP2R/P2P2pN/4Q1P1/1P1N1PP1/4RK2 w - - 4 27,2r4r/1p2bpk1/p3p2n/3pP2R/P2P1QpN/6P1/1q1N1PP1/3R1K2 b - - 1 29,vssf_2401,0,0,1,positional
vssf_2401,,78,white,1/2-1/2,113,4956,c5c6,137,0,4956,6k1/8/2b5/P1Q2p2/1P3K2/2pP4/4qN2/8 w - - 10 57,8/1Q5k/8/P4pK1/1P6/3P4/2p2q2/8 b - - 21 69,vssf_2401,0,3,0,ks_attack
vssf_2401,,80,white,1/2-1/2,47,15839,a2a3,51,0,15839,4r3/1Q2nkpp/8/8/8/2P1BN2/K1q2PPP/3R3R w - - 1 24,8/Q3nkpp/8/8/8/K1P2N2/2q2PPP/3R3R b - - 0 26,vssf_2401,0,1,-2,positional
vssf_2401,,81,black,1-0,44,4627,a8b8,50,185,4442,r5kr/p1N3pp/1p1R2n1/8/4b3/2n1B3/5PPP/R5K1 b - - 2 22,2r3kr/R1N3pp/1p1R4/5b2/6Pn/2n1BP2/7P/6K1 w - - 1 26,vssf_2401,0,0,1,positional
vssf_2401,,83,black,1-0,64,7924,g3f3,64,7924,0,k1r2b2/p2qnb1p/2p1p3/2B1P3/Q1PP4/5Br1/PR5K/1R6 b - - 1 32,k1r2b2/p2qnb1p/2p1p3/2B1P3/Q1PP4/5r2/PR5K/1R6 w - - 0 33,vssf_2401,0,3,-3,ks_attack
vssf_2401,,84,white,0-1,73,4608,g2b7,79,-753,5361,3q4/1p4bk/1n1r4/1nQ1Np1P/1P4p1/p2b2B1/P4PBP/K2RR3 w - - 0 37,2Q5/1B1nq2k/3r1b1P/1n2Np2/1P3Pp1/p2b2B1/P6P/K2RR3 b - f3 0 40,vssf_2401,0,2,-1,ks_attack
vssf_2401,,85,black,1-0,64,2334,g4h5,68,-4569,6903,n6k/1p1q1rb1/2rB2p1/pNP5/P1Q3b1/3P2R1/1P3PB1/6K1 b - - 1 32,n5qk/1p3rb1/2rB2p1/pNP4b/P1Q5/3PR2B/1P3P2/6K1 w - - 6 35,vssf_2401,0,0,0,positional
vssf_2401,,88,white,1/2-1/2,49,2792,f1f6,65,287,2505,3q1rk1/rbp1np1p/1p1p2pP/4p3/p1P1P3/P1NP2P1/1P1QP1B1/2K2R1R w - - 11 25,2b2r1k/2p1qp1p/1p1p3P/r2Bp2R/p1P5/P1NPQ1P1/1P2P3/3K4 b - - 9 33,vssf_2401,0,0,2,positional
vssf_2401,,89,black,1-0,60,3172,a8c6,74,-1710,4882,b4qk1/p2p1p1p/1b3pn1/3p4/3N1P2/r5P1/4RN1P/3Q1RK1 b - - 1 30,5qk1/p4p1p/1b1p1p2/3p1N2/b2N4/6Pn/3Q2KP/4R3 w - - 4 38,vssf_2401,0,1,-1,positional
vssf_2401,,98,white,0-1,93,4190,g2f1,123,-9119,13309,6k1/1p5r/p7/3Pp3/P2p2P1/1P1P3P/3q1NQ1/1Rb4K w - - 3 47,8/1p1P1rk1/p7/1P6/P2p1qPQ/7P/3p4/6RK b - - 0 62,vssf_2401,0,1,1,positional
vssf_2401,,101,black,1/2-1/2,58,4234,h8f8,66,19,4215,r3kB1r/1R3p2/4p1p1/p5Pp/8/6PN/n5KP/5R2 b kq - 0 29,3rk1r1/1R3p2/2R1p1p1/p2n2Pp/4N3/6P1/6KP/8 w - - 8 34,vssf_2401,0,1,-3,positional
vssf_2401,,102,white,1/2-1/2,101,6508,f2g3,135,0,6508,8/3Pk3/7p/8/7P/7P/5K2/8 w - - 1 51,8/7k/7P/6K1/8/7P/8/8 b - - 22 68,vssf_2401,0,1,0,positional
vssf_2401,,109,black,1-0,18,3102,e6f5,22,-263,3365,r1b1kbnr/1p1p1ppp/p3pq2/4nN2/4PB2/P1N5/1PPQ1PPP/R3KB1R b KQkq - 6 9,r1b1kbnr/1p1p1ppp/p1q5/3Nn3/4pB2/P7/1PPQ1PPP/2KR1B1R w kq - 2 12,vssf_2401,0,1,-4,positional
vssf_2401,,110,white,0-1,29,3017,h4h5,43,126,2891,rnq1k2r/pp3p1p/2p3p1/3P1p2/3P3P/1QP3P1/PP2P3/RNb1KB1R w KQkq - 1 15,r1qr2k1/p2n1p2/6p1/2p2pb1/Q2P4/N1P3PR/PP2P1B1/R2K4 b - - 1 22,vssf_2401,0,1,0,positional
vssf_2401,,111,black,1/2-1/2,154,7573,f6f5,192,7573,0,8/8/5k2/8/b2K1P2/8/8/8 b - - 2 77,8/5b2/8/5k2/5P2/3K4/8/8 w - - 41 97,vssf_2401,0,2,0,ks_attack
vssf_2401,,112,white,1/2-1/2,33,3147,c4d5,37,-3215,6362,rn5r/3q1kpp/b1p5/pp1n1p1P/2BPp1PR/QPB1P3/P3NP2/R3K3 w Q - 0 17,rnr5/3q1kpp/bQ6/pp1p1p1P/3Pp1PR/1PB1P3/P3NP2/R3K3 b Q - 3 19,vssf_2401,0,0,0,positional
vssf_2401,,114,white,1/2-1/2,37,2330,c4f7,39,-1341,3671,r2q1rk1/4ppbp/pn4p1/4Nb2/2BP1P2/Q7/1P3BPP/R4RK1 w - - 2 19,r2q2k1/4pNbp/pn4p1/5b2/3P1P2/Q7/1P3BPP/R4RK1 b - - 0 20,vssf_2401,0,0,-3,positional
vssf_2401,,125,black,1-0,34,2060,b8d7,36,30,2030,rn2k1nr/1p3pb1/p2p1q2/3P2p1/6P1/1QP4p/PP2BN1P/RbB2RK1 b kq - 1 17,r3k1nr/1p3pb1/p2p1q2/2nP2p1/6P1/1QP4p/PP2BN1P/1RB2RK1 w kq - 1 19,vssf_2401,0,0,3,material
vssf_2401,,126,white,0-1,27,5493,e4g5,35,-1081,6574,2bqk2r/r1b1nppp/p1n1p3/1p6/3PN3/P4Q1P/1P1BNPP1/2R1KB1R w Kk - 1 14,3qk2r/r1bb2pp/p3p3/1p4p1/1B1PQ3/P6P/1P2NPP1/4KB1R b Kk - 1 18,vssf_2401,0,0,2,positional
vssf_2401,,129,black,1/2-1/2,44,4363,f5e6,54,157,4206,r3kbnr/p3q1pp/3p1p2/2p2b2/2P5/2B5/P2N2PP/R2QR1K1 b kq - 3 22,5bnr/pr2qk1p/3pbpp1/2p5/2P1N3/2B2Q2/P5PP/4R1K1 w - - 0 28,vssf_2401,0,3,-5,ks_attack
vssf_2401,,130,white,1/2-1/2,131,4672,h4f2,165,259,4413,8/4r3/1p3pk1/8/2P4Q/2q4P/6P1/5R1K w - - 11 66,8/8/5pk1/2p1q3/8/3Q3P/4r1P1/5R1K b - - 25 83,vssf_2401,0,2,1,ks_attack
vssf_2401,,131,black,1-0,102,4312,h6e3,120,240,4072,6k1/p4p1p/P3p2b/1PR1P3/2p3p1/3bP3/5RK1/3r1B2 b - - 1 51,5k2/p7/Pb2pp2/1P2P2p/6p1/2R5/8/5K2 w - - 6 61,vssf_2401,0,0,0,positional
vssf_2401,,135,black,1-0,36,3733,f5e4,42,-9999967,10003700,1r3b1r/pp3kpp/1qnp4/n3Bb2/P3N3/5N2/1PP3PP/R2Q1R1K b - - 0 18,1r3b1r/pp4pp/2nB3k/n5N1/P2qb1Q1/8/1PP3PP/R4R1K w - - 3 22,vssf_2401,0,2,-2,ks_attack
vssf_2401,,138,white,1/2-1/2,35,2968,e2d4,37,0,2968,N1b3nr/p2kbpp1/1pnp3p/8/2P4P/1P2P1P1/P2KNPB1/2B4R w - - 5 18,N5nr/pb1kbpp1/1pnp3p/8/2PN3P/1P2P1PB/P2K1P2/2B4R b - - 8 19,vssf_2401,0,0,0,positional
vssf_2401,,140,white,0-1,39,4731,h3h4,57,227,4504,r1bq4/pp4kP/2n1p3/5rb1/2P5/PP5P/2QPBP2/RN2K1R1 w Q - 4 20,5r1k/p2b3P/4p1n1/8/2PqB3/PP1P4/3Q1P2/1N2K3 b - - 1 29,vssf_2401,0,2,2,ks_attack
vssf_2401,,142,white,0-1,39,6616,h2g4,39,6616,0,r6q/2p1kp1r/1p1p1b2/p1nPp2n/2P1P1b1/2N1B3/PPBQ1P1N/R1R3K1 w - - 2 20,r6q/2p1kp1r/1p1p1b2/p1nPp2n/2P1P1N1/2N1B3/PPBQ1P2/R1R3K1 b - - 0 20,vssf_2401,0,0,-3,positional
vssf_2401,,156,white,1/2-1/2,65,9999938,h6h8,67,0,9999938,5k2/1p3P2/7R/1P6/8/3KP1P1/3N1P2/2qn1B2 w - - 3 33,8/1p3k1R/8/1P6/8/3KP1P1/3N1P2/2qn1B2 b - - 1 34,vssf_2401,0,2,1,ks_attack
vssf_2401,,157,black,1-0,34,2148,g7g6,38,460,1688,N1b3k1/pp3ppp/5n2/q1np4/8/P3r3/1PQN2PP/1K1R1B1R b - - 2 17,N5k1/pp3p1p/6p1/q1np1b2/6n1/P3r3/KP1N2PP/2QR1B1R w - - 4 20,vssf_2401,0,0,0,positional
vssf_2401,,158,white,1/2-1/2,79,2881,e4e5,85,201,2680,r5k1/4b1p1/5n1p/8/1pr1PPP1/p2N1K1P/1P3B2/R4R2 w - - 3 40,3r2k1/4b1p1/7p/3nP3/1pr2PPP/3N1K2/pP3B2/R4R2 b - - 1 43,vssf_2401,0,2,0,ks_attack
vssf_2401,,163,black,1-0,66,3980,h8e8,68,290,3690,7r/4k1b1/p1P3p1/1p1Q3p/8/7P/1PPBKPP1/7q b - - 0 33,4r3/6b1/p1P2kp1/1p1Q3p/1B6/7P/1PP1KPP1/7q w - - 3 35,vssf_2401,0,2,0,ks_attack
vssf_2401,,168,white,1/2-1/2,131,5429,e7c7,163,5428,1,6k1/4R3/6P1/6K1/6P1/3r4/8/8 w - - 7 66,2r3k1/6R1/5KP1/8/6P1/8/8/8 b - - 40 82,vssf_2401,0,1,0,positional
vssf_2401,,169,black,1/2-1/2,86,10567,f8e8,94,0,10567,r4k2/p4RR1/1n3B2/3p1p2/5n2/p3r3/8/6K1 b - - 7 43,r3k3/1R4R1/5B2/p2p1p2/5n2/p7/4r2K/8 w - - 2 48,vssf_2401,0,3,3,ks_and_material
vssf_2401,,170,white,1/2-1/2,187,8900,g4g5,199,0,8900,8/1Q6/7k/3P4/2P3PP/p7/PP5K/4nq2 w - - 14 94,8/8/8/3P4/2P1Q1k1/p7/PP5K/4nq2 b - - 3 100,vssf_2401,0,3,2,ks_attack
vssf_2401,,171,black,1-0,52,2886,g6b1,60,-316,3202,2k1r1nr/1ppq4/2np1pb1/3N3p/1pP3pP/P3N1P1/1Q3PB1/1R2R1K1 b - - 0 26,3kr1nr/1pp5/2npqp2/2PN3p/1P4pP/4N1P1/Q4PB1/1R4K1 w - - 3 31,vssf_2401,0,1,-1,positional
vssf_2401,,178,white,0-1,45,2543,h6g7,47,-1709,4252,k3r2r/1pqnnb2/p2p3Q/P1p2pP1/2P5/2PBP3/1B1N2PP/R4RK1 w - - 1 23,k3r2r/1pqnn1Q1/p2p2b1/P1p2pP1/2P3P1/2PBP3/1B1N3P/R4RK1 b - - 0 24,vssf_2401,0,1,0,positional
vssf_2401,,180,white,1/2-1/2,113,5579,c1c2,137,5579,0,8/8/8/2k5/8/2p1N3/8/2K5 w - - 16 57,8/8/2k5/4N3/8/2p5/2K5/8 b - - 41 69,vssf_2401,0,1,0,positional
vssf_2401,,183,black,1-0,80,4293,a7b6,90,-295,4588,1r4k1/q4ppp/5r2/nPNp1b2/R7/2R4P/5pP1/3N1Q1K b - - 1 40,1r4k1/2q2ppp/5r2/n1N2b2/3p1R2/7P/5QP1/2RN3K w - - 2 46,vssf_2401,0,0,0,positional
vssf_2401,,184,white,0-1,57,5060,h7b7,61,0,5060,5r2/R6R/5kp1/1b1pp3/5P2/2P1P1P1/3B4/1q1BK3 w - - 3 29,7r/4RR2/4k1p1/1b1pp3/5P2/2P1P1P1/3B4/1q1BK3 b - - 8 31,vssf_2401,0,2,0,ks_attack
vssf_2401,,191,black,1-0,70,3661,e7d7,74,-2335,5996,5k2/p3rn2/5pQ1/1pp1b1p1/q5p1/3B4/1PP1N3/1K1R1N2 b - - 1 35,5k2/p2r4/3n1pQ1/2p1bNp1/qp4p1/3B4/1PP1N3/1K1R4 w - - 2 38,vssf_2401,0,2,0,ks_attack
vssf_2401,,192,white,1/2-1/2,161,5290,h5h6,163,0,5290,8/8/8/4K2R/6k1/7p/8/8 w - - 10 81,7R/8/8/4K3/8/6kp/8/8 b - - 13 82,vssf_2401,0,1,0,positional
vssf_2401,,198,white,1/2-1/2,153,9502,c4b3,171,9211,291,5nk1/5r2/7P/7K/2Q5/8/8/8 w - - 21 77,5n2/5r1k/7P/7K/8/3Q4/8/8 b - - 40 86,vssf_2401,0,2,0,ks_attack
vssf_2402,,0,white,0-1,41,3072,b7a7,47,0,3072,1r1q1rk1/1Q1bbppp/5n2/pP6/8/P1N1PN1P/1B3PP1/3RK2R w K - 7 21,1rq2rk1/Q3bpBp/8/pb1R4/8/P3PN1P/5PP1/4K2R b K - 0 24,vssf_2402,0,1,0,positional
vssf_2402,,1,black,1/2-1/2,58,4543,c5d4,70,42,4501,3rr1k1/5p1p/2p3pq/p1b5/2pNPPb1/P1B3KP/1PQ3P1/2R2R2 b - - 8 29,3r2k1/6qp/5p2/p1p1rR2/2pbP1P1/P1B2QK1/1PR3P1/8 w - - 2 36,vssf_2402,0,0,0,positional
vssf_2402,,5,black,1-0,28,2315,g7b2,58,308,2007,rnb1k3/p3ppbr/2p3p1/1p1n4/4N2p/1P4PN/PB2PPBP/1R1K3R b q - 6 14,1nb1k3/5r2/p1p1p1p1/1pN2p2/5P2/1P2K3/P3PPB1/7R w - - 4 30,vssf_2402,0,1,0,positional
vssf_2402,,10,white,0-1,87,4989,h1h8,93,-96,5085,2r5/8/6p1/R1P2bk1/3Bp1n1/P3Pp2/P2K4/7R w - - 3 44,7B/7R/6p1/2P2b2/4p1nk/P3P3/P2K1p2/8 b - - 1 47,vssf_2402,0,3,0,ks_attack
vssf_2402,,12,white,0-1,25,3752,d3f5,33,306,3446,rn2kb1r/ppp1q3/3p1np1/5b2/P1P5/2NBPN1P/1P3P2/R1BQK2R w KQkq - 4 13,r3kb1r/pp2q3/n1pp4/P4p2/2P1n2P/3QPN2/1P2NP2/R1B1K2R b KQkq - 1 17,vssf_2402,0,1,0,positional
vssf_2402,,13,black,1-0,38,3621,h6g5,48,320,3301,r1q3k1/pp5p/1n1p1npb/2pPp3/2P4R/PPN1P3/4K3/R1B4Q b - - 0 19,r5k1/pp5p/1n1p2p1/2pPp1bR/2P1P3/PPN5/2K2q2/R1B4Q w - - 3 25,vssf_2402,0,1,3,material
vssf_2402,,18,white,0-1,35,3116,a1e1,47,493,2623,2bq3r/r3npk1/pp3npb/3p2Bp/QP1P3P/P1NB1NP1/5P2/R4K1R w - - 2 18,7r/2r2pk1/1p3qpb/pP1Q1n1p/3P3P/P4NP1/4NP2/4RK1R b - - 0 24,vssf_2402,0,0,-1,positional
vssf_2402,,20,white,1/2-1/2,135,5454,c3c8,157,5452,2,5k2/8/5P2/5K2/5P2/2R5/r7/8 w - - 18 68,4k3/2R5/5P2/5K2/5P2/8/8/6r1 b - - 41 79,vssf_2402,0,1,0,positional
vssf_2402,,24,white,0-1,67,4483,h4g5,71,131,4352,2r5/5pk1/1n1p4/1P1P2p1/1R2P2P/6P1/8/r2NK1R1 w - - 1 34,8/5pk1/3p4/1P1P2P1/2R1P3/6P1/2r5/r2NK2R b - - 0 36,vssf_2402,0,2,-4,ks_attack
vssf_2402,,35,black,1-0,50,4212,a2c4,56,-1932,6144,2kr3r/pp1nppb1/2p1n2p/3p4/3P2pN/4P1Pb/q1BB1P1P/1RQ1RNK1 b - - 5 25,2k1r2r/pp1nppb1/2p4p/B2p2n1/2qP2pN/3BP1P1/3Q1P1P/1R2RbK1 w - - 0 29,vssf_2402,0,2,-3,ks_attack
vssf_2402,,36,white,1/2-1/2,17,2244,b7a7,19,0,2244,1r1qkb1r/pQ2pppp/4b3/2pn4/1n6/2NP2P1/PP2PPBP/R1B1K1NR w KQk - 3 9,r2qkb1r/1Q2pppp/4b3/2pn4/1n6/2NP2P1/PP2PPBP/R1B1K1NR b KQk - 2 10,vssf_2402,0,0,-1,positional
vssf_2402,,39,black,1-0,28,3129,g8h8,30,-2249,5378,r2qnrk1/pbp1b2B/1pn1p3/4P1p1/2P3p1/P1N2N2/1PQ2P1P/R1B1K1R1 b Q - 0 14,r2q1r1k/pbp1b1nB/1pn1p3/4P1p1/2P3R1/P1N2N2/1PQ2P1P/R1B1K3 w Q - 1 16,vssf_2402,0,2,1,ks_attack
vssf_2402,,41,black,1-0,46,4277,b3a5,46,4277,0,r4rk1/pp1q1pp1/5n2/3p1RB1/3b2PQ/1nNP4/PPP3K1/4R3 b - - 0 23,r4rk1/pp1q1pp1/5n2/n2p1RB1/3b2PQ/2NP4/PPP3K1/4R3 w - - 1 24,vssf_2402,0,1,0,positional
vssf_2402,,43,black,1-0,42,4285,g2f3,54,-1878,6163,2r2rk1/p3npbN/4p3/1pp1Pn1R/q7/2PP2P1/P1N1QPb1/R1B3K1 b - - 0 21,2r2rk1/p4p2/4pBn1/1pp1P2R/1q5n/3P2P1/P4P2/5RKQ w - - 4 28,vssf_2402,0,2,-1,ks_attack
vssf_2402,,49,black,1/2-1/2,118,7852,a8d5,156,0,7852,bB6/3k2pp/Pp1p4/1P6/n2p4/6K1/3N4/8 b - - 5 59,1B2Q3/6k1/1p1p4/1P4pp/4K3/8/1n6/3q4 w - - 10 79,vssf_2402,0,1,0,positional
vssf_2402,,64,white,0-1,49,2172,a6a3,53,217,1955,b1rqr1k1/5pp1/R1P1p1p1/3nN3/3P4/b2Q3P/5PP1/1NR3K1 w - - 0 25,b1rq2k1/2r2pp1/2P1p1p1/1Q1nN3/3P4/R6P/3N1PP1/2R3K1 b - - 4 27,vssf_2402,0,0,-3,positional
vssf_2402,,67,black,1-0,46,3197,f6d4,48,-178,3375,2k1rb1r/1b4p1/p3pq2/3p2Np/2nP3P/P5B1/2Q2PP1/1R2R1K1 b - - 1 23,2k2b1r/1b2r1p1/p3p1Q1/3p2Np/2nq3P/P5B1/5PP1/1R2R1K1 w - - 2 25,vssf_2402,0,2,-1,ks_attack
vssf_2402,,70,white,1/2-1/2,17,2069,f3d4,27,-503,2572,rnb1kb1r/ppq2p1p/4pnp1/8/2Bp4/1Q2PN2/PP3PPP/RNBR2K1 w kq - 2 9,rn2k2r/pp2b2p/2q2np1/8/8/1QN1P3/PP3PPP/R1BR2K1 b kq - 4 14,vssf_2402,0,1,0,positional
vssf_2402,,71,black,1-0,26,3482,e8d7,32,409,3073,rnR1kb1r/5p1p/p3pnp1/qp6/8/1Q3N2/PP2BpPP/RN3K2 b kq - 0 13,rn1r4/3k1p1p/p3p1p1/qp6/1b2Q1n1/2R2N2/PP2BpPP/RN3K2 w - - 7 17,vssf_2402,0,2,0,ks_attack
vssf_2402,,73,black,1-0,24,2731,f7f5,30,151,2580,r1b1k2r/pp1nppbp/1q1p2p1/4P3/1n1PBP2/4B2P/PP2N1P1/RNQ1K2R b KQkq - 8 12,r1b1k2r/pp1np1bp/6p1/4p3/1q1PpP2/2N1B2P/1P4P1/RNQ1K2R w KQkq - 0 16,vssf_2402,0,0,-2,positional
vssf_2402,,78,white,0-1,75,2689,c4d6,77,0,2689,2k1r3/2p2p2/p2pb3/2p5/2N1P1q1/1PQ1P3/P1P2r2/1K1R1R2 w - - 11 38,2k1r3/5p2/p2pb3/2p5/4P1q1/1P1QP3/P1P2r2/1K1R1R2 b - - 1 39,vssf_2402,0,1,2,positional
vssf_2402,,82,white,0-1,45,5353,c8h8,57,3232,2121,2R4r/pr2kpp1/3bp2p/n7/P2Pq3/6P1/4PPNP/3Q1RK1 w - - 2 23,7R/p3kpp1/3b3p/3Pp2N/P3q3/4PnP1/2r2P1P/Q4R1K b - - 3 29,vssf_2402,0,1,-5,positional
vssf_2402,,85,black,1-0,66,2433,c6d5,68,-1315,3748,8/4nk1p/1pq4P/2p1pp2/P1p4B/6P1/2PQ1P2/6K1 b - - 2 33,8/5k1p/1p4nP/2pqppQ1/P1p4B/6P1/2P2P2/6K1 w - - 5 35,vssf_2402,0,2,0,ks_attack
vssf_2402,,86,white,0-1,53,2056,e1e2,67,299,1757,1k4r1/1ppq4/p2b3Q/3Pppr1/8/2N3P1/PPP2P1P/3RR1K1 w - - 2 27,1k4r1/1pp5/p2b3q/3P1p1r/2P1p3/6P1/PP1RRPQP/3N2K1 b - - 4 34,vssf_2402,0,1,0,positional
vssf_2402,,87,black,1-0,34,2935,d8e8,38,0,2935,1k1r2nr/pppb1ppp/2nb4/q2p4/8/PRNB1N1P/3BQPP1/R5K1 b - - 2 17,1k1nr1nr/pppb1ppp/3b4/3p4/q7/PR1B1N1P/3BNPP1/R2Q2K1 w - - 7 20,vssf_2402,0,1,0,positional
vssf_2402,,99,black,1-0,56,2724,g8h8,66,-346,3070,rq2r1k1/1p1n2pp/2npb3/pBpNp2Q/P1N1P3/1PPPP2p/5R1K/5R2 b - - 0 28,6rk/1p1nQ1pp/2qp4/p1p1p3/P1b1P3/1PPPP2p/5R1K/5R2 w - - 0 34,vssf_2402,0,1,-1,positional
vssf_2402,,101,black,1/2-1/2,82,3937,e8f7,88,-560,4497,q3k3/4p3/b2p1p1p/2pP1P2/Q3P3/6PK/5r2/1R1B4 b - - 2 41,6k1/4p3/b1Pp1p1p/2p2P1B/4P3/6PK/3r4/1R6 w - - 1 45,vssf_2402,0,1,0,positional
vssf_2402,,102,white,0-1,25,5236,d1a4,37,-20,5256,rn1qkb1r/5ppp/p4n2/2pP1B1b/1p3B2/2N2P2/PP4PP/R2QK1NR w KQkq - 0 13,r4rk1/3nqppp/p4n2/2p2B1b/Q7/5P2/PB4PP/4RKNR b - - 0 19,vssf_2402,0,1,1,positional
vssf_2402,,103,black,1-0,106,3227,h5h4,108,-8180,11407,8/8/pR6/Pb4pp/6k1/4K3/8/8 b - - 5 53,8/8/p7/PR4p1/6k1/4K2p/8/8 w - - 0 55,vssf_2402,0,2,3,ks_and_material
vssf_2402,,107,black,1-0,58,5557,f6g4,64,-3980,9537,r1rq2k1/1p1bbp2/1n3n2/1N1p4/Pp1N3Q/3PP2P/1B2B3/1K1R4 b - - 0 29,r1r2qk1/1p1b1p2/1n6/1N1p1N1Q/Pp4n1/3PP2P/1b2B3/1K4R1 w - - 0 33,vssf_2402,0,2,-3,ks_attack
vssf_2402,,109,black,1-0,24,2038,g4e6,34,492,1546,3rkbnr/1p3ppp/p1p2q2/4p3/4P1b1/P3B2P/1PP1NPP1/RQ2KB1R b KQk - 2 12,3r1rk1/1p3pp1/p1pbbqnp/4p3/1PP1P3/P3B1NP/4BPP1/R1Q1K2R w KQ - 1 18,vssf_2402,0,0,0,positional
vssf_2402,,110,white,1/2-1/2,33,4431,h3d7,41,-701,5132,r2q1rk1/pp1n1pbp/8/3Q4/3p3p/2P3PB/PP2P2P/R1B1K2R w KQ - 0 17,3r1rk1/pp1B1pbp/1q6/3Q4/1P3B1p/6P1/P1p1P2P/2R1K2R b K - 1 21,vssf_2402,0,2,-2,ks_attack
vssf_2402,,111,black,1-0,76,5147,d7b8,100,116,5031,1B4k1/1P1n1pb1/1p6/N2p3p/6pP/2P5/1P2bP2/R5K1 b - - 0 38,2R5/4k3/8/1p1p1p1p/1n1P1PpP/8/4K3/8 w - - 2 51,vssf_2402,0,1,-2,positional
vssf_2402,,113,black,1-0,56,3391,d8d5,64,0,3391,3rr1k1/1p5p/6p1/3R1p2/1p2p3/q3P1P1/5PKP/1Q1R4 b - - 4 28,r5k1/1p1R3p/6p1/5p2/1p1Qp3/2q1P1P1/5PKP/8 w - - 7 33,vssf_2402,0,2,0,ks_attack
vssf_2402,,116,white,0-1,63,2009,c2a4,65,-1845,3854,5bk1/3n1r2/q3rpp1/1p1Qp1Pp/1Pp1P3/p1P1BP1P/P1B5/3RR2K w - - 2 32,5bk1/3n1r2/q3rpp1/1P1Qp1Pp/p1p1P3/p1P1BP1P/P7/3RR2K b - - 0 33,vssf_2402,0,0,3,material
vssf_2402,,118,white,1/2-1/2,43,3159,a6a8,49,-937,4096,rr3qk1/5ppp/R3pn2/3p4/Q2P4/P3PN2/1P3PPP/5K1R w - - 1 22,r5k1/5ppp/q3pn2/2Qp4/3P4/P3PN2/1P3PPP/6KR b - - 5 25,vssf_2402,0,1,0,positional
vssf_2402,,119,black,1/2-1/2,22,2859,b5b4,50,-166,3025,rn1qkb1r/5ppp/b1p1pn2/1p6/p2P4/P3PN2/QP2BPPP/RNB2RK1 b kq - 1 11,1n3rk1/1q4pp/2p1pp2/4N3/3P4/QpN1PPnP/6P1/4R1K1 w - - 2 26,vssf_2402,0,2,-1,ks_attack
vssf_2402,,124,white,0-1,91,3447,e1d1,95,-2553,6000,6r1/1p2B2k/p1p1n1rq/P1Pp4/1P2pp2/Q6P/3b1PP1/1R2RBKN w - - 0 46,6r1/1p2B1qk/p1p3r1/P1Pp4/1P1npp2/Q5NP/3b1PPK/1R1R1B2 b - - 5 48,vssf_2402,0,2,0,ks_attack
vssf_2402,,127,black,1-0,46,4001,g7g6,62,185,3816,r1b3k1/pp4pp/2p1p3/2n1Np2/2P3P1/P6B/4KP1P/7R b - - 1 23,r1b2k2/1p2R3/p1p1p1pp/4N3/2P2Kp1/P4n2/5P1P/5B2 w - - 4 32,vssf_2402,0,2,-1,ks_attack
vssf_2402,,130,white,0-1,141,2192,d2e3,147,0,2192,8/5p2/5R2/2k2P1P/1pp1P1P1/8/3K4/6r1 w - - 0 71,8/1R6/8/2k2P1P/2p1PKP1/8/1p6/4r3 b - - 1 74,vssf_2402,0,1,-1,positional
vssf_2402,,131,black,1/2-1/2,76,2470,e8f8,80,-448,2918,4r1k1/p5p1/1p1Qp1np/1P4q1/P1P5/B2PR1P1/5K2/8 b - - 5 38,8/p5pk/1p2Qrnp/1P4q1/P1P5/B2PR1P1/4K3/8 w - - 1 41,vssf_2402,0,1,1,positional
vssf_2402,,132,white,0-1,103,6209,g4f4,107,-7351,13560,8/8/8/8/4P1Q1/P7/2r4r/2k3K1 w - - 2 52,1Q6/8/8/8/4P3/P7/2rr4/1k3K2 b - - 7 54,vssf_2402,0,1,0,positional
vssf_2402,,134,white,0-1,41,2205,f3f6,47,-44,2249,1r2kb1r/pb2n2p/2q1p3/n1ppP1p1/Pp4P1/3P1Q2/BPPN1B1P/RN2R2K w k - 0 21,1r2kbr1/pb6/2q1p1np/n1ppP1p1/Pp4P1/1N1P1Q1P/BPP2B2/RN2R2K b - - 3 24,vssf_2402,0,0,0,positional
vssf_2402,,140,white,0-1,171,4050,d3d4,177,0,4050,8/p7/P6p/1kq1PP2/4Q1Pb/2pP4/2K5/8 w - - 0 86,8/Q7/P6p/k3PP2/3P2Pb/1Kp5/4q3/8 b - - 2 89,vssf_2402,0,3,-1,ks_attack
vssf_2402,,141,black,1/2-1/2,178,6632,d2e1,190,6608,24,8/6k1/8/5p1R/4bP2/6K1/3b4/8 b - - 28 89,8/5k2/8/2b2p2/4bP2/7K/8/6R1 w - - 41 96,vssf_2402,0,1,0,positional
vssf_2402,,142,white,0-1,41,4530,g4h5,47,-1328,5858,r2q4/2p1nk2/3p1r2/p1pPp3/2P2pQN/7P/PP3PP1/R4RK1 w - - 4 21,r6q/2p1nk2/3p1r2/p1pPp1Q1/2P2p2/5NPP/PP3P2/R4RK1 b - - 2 24,vssf_2402,0,0,0,positional
vssf_2402,,143,black,1-0,102,9185,f2e4,106,-1737,10922,8/1B4k1/8/P1B2pp1/3p3p/2b5/2K2n2/8 b - - 0 51,8/6k1/P7/2B3p1/3pp3/2b4p/2K5/8 w - - 0 54,vssf_2402,0,1,0,positional
vssf_2402,,145,black,1-0,50,3546,g4f3,50,3546,0,2r2rk1/pp3p1p/q2p1n2/2pNp3/P3P1p1/1PNP1Q2/2PK1P2/R6R b - - 0 25,2r2rk1/pp3p1p/q2p1n2/2pNp3/P3P3/1PNP1p2/2PK1P2/R6R w - - 0 26,vssf_2402,0,1,-9,positional
vssf_2402,,152,white,1/2-1/2,51,2115,c3e3,53,146,1969,2b4r/p3kp2/1qn2p2/2pRp2p/2P1P3/P1Q2NP1/4BP1P/6K1 w - - 4 26,2b4r/p3kp2/1q3p2/2pRp2p/2PNP3/P3Q1P1/4BP1P/6K1 b - - 0 27,vssf_2402,0,0,-3,positional
vssf_2402,,153,black,1-0,30,2689,f8c8,48,-961,3650,r4rk1/ppqb1p2/2nb3p/3p1p2/3p4/PP3NP1/R2NPPBP/3Q1R1K b - - 1 15,r2r3k/np3p2/4b2p/pPqpbp2/P2p1NP1/7B/R2NPP1P/3Q2RK w - - 1 25,vssf_2402,0,0,0,positional
vssf_2402,,156,white,0-1,59,4313,c2c6,63,-1809,6122,4rrk1/p3b1p1/2p3Pp/N2p3P/1P1Pn1q1/P3pN2/2Q1P2R/R1B1K3 w Q - 0 30,4rr1k/p5p1/6Pp/N2Q2bP/1P1Pn1q1/P3pN2/4P2R/R1B2K2 b - - 2 32,vssf_2402,0,3,-2,ks_attack
vssf_2402,,159,black,1-0,56,6529,d4d3,68,1190,5339,6k1/5qp1/1pp4p/pb3p2/P2p1P2/1r4P1/R1QK2BP/3N4 b - - 0 28,8/5qpk/bpp4p/p3Qp2/P1r2P2/R1Np1BP1/3K3P/8 w - - 12 35,vssf_2402,0,1,0,positional
vssf_2402,,164,white,1/2-1/2,173,13809,f6f7,173,13809,0,8/3N3k/5K2/5N2/8/8/8/8 w - - 39 87,8/3N1K1k/8/5N2/8/8/8/8 b - - 40 87,vssf_2402,0,1,0,positional
vssf_2402,,167,black,1-0,40,3124,d7e6,68,-735,3859,r3r1k1/pp1q1p1p/3p2p1/2p1p3/2P5/1PN2QPP/PB1P2B1/5K2 b - - 3 20,5r1k/p1q1r2p/3p2p1/1Pp1p3/P1B1N1P1/1P1Q4/1BKP4/8 w - - 7 35,vssf_2402,0,1,1,positional
vssf_2402,,173,black,1/2-1/2,44,9999962,c6g2,46,-3514,10003476,r2k3r/2qp1p2/p1bbpN1p/4n1p1/8/8/PBB1QPPP/3R1RK1 b - - 7 22,r2k3r/2qp1p2/p2bpNnp/6p1/8/8/PBB1QPKP/3R1R2 w - - 1 24,vssf_2402,0,1,2,positional
vssf_2402,,175,black,1/2-1/2,130,8309,f5f2,140,0,8309,6rk/7p/p7/P1p1pqB1/1p1p2QK/1PnP4/2P5/4R3 b - - 1 65,8/7p/p1Q5/P1p1p1k1/1p1p4/1PnP3K/2P5/4q3 w - - 6 71,vssf_2402,0,2,-3,ks_attack
vssf_2402,,176,white,1/2-1/2,93,5887,e2e1,101,0,5887,4Q3/5p1k/6p1/3P3p/2r5/1p1R1P2/4R3/3K2q1 w - - 1 47,7Q/8/6pk/2qP3p/8/3R1P2/1p2K3/2r1R3 b - - 1 51,vssf_2402,0,2,-1,ks_attack
vssf_2402,,178,white,0-1,27,4075,e2f3,43,-643,4718,r2k3r/1p1n1pbp/p1qNbnp1/2p5/P1P5/4P1Q1/1P2BPPP/R1B1K1NR w KQ - 7 14,1r5r/3nkpb1/p2Nb1p1/P1p4B/1qP2Q1p/4P2P/1P2NPP1/R1B2K1R b - - 0 22,vssf_2402,0,1,-4,positional
vssf_2402,,183,black,1-0,52,3773,b4d6,62,483,3290,2r3k1/1p3ppp/4pq2/3p4/1bnP2P1/1Q2P2P/4NPK1/4N1R1 b - - 1 26,2r3k1/1p3ppp/3bp3/1Q1p4/4q1P1/5N1P/4NPK1/6R1 w - - 2 32,vssf_2402,0,0,1,positional
vssf_2402,,186,white,0-1,93,4351,h6e6,105,147,4204,8/8/2R4R/3n3P/n7/Pr2kP2/6P1/K7 w - - 1 47,8/8/2R5/1r1n3P/8/K1k2P2/6P1/8 b - - 1 53,vssf_2402,0,3,3,ks_and_material
vssf_2402,,190,white,0-1,17,3086,f5f6,25,242,2844,r1bqk2r/pp2ppbp/n1p3pn/5P2/3PpB2/2N5/PPP1Q1PP/2KR1BNR w kq - 0 9,r1b2rk1/pp3pbp/n1Q2ppn/8/5B2/2N5/PPP3PP/2KR1BNR b - - 0 13,vssf_2402,0,0,-9,positional
vssf_2402,,191,black,1-0,32,2686,f5f4,34,393,2293,r1b2k1r/pp1n2bp/2p2p1n/q3pp2/6P1/2P1B1NP/PP1Q4/3RKBNR b K - 3 16,r1b1k2r/pp1n2bp/2pQ1p1n/q3p3/5pP1/2P1B1NP/PP6/3RKBNR w K - 2 18,vssf_2402,0,1,0,positional
vssf_2402,,196,white,1/2-1/2,63,4424,b4a2,81,0,4424,8/7p/4bk2/p4pp1/PN6/1Pr2P1P/2P1R1P1/6K1 w - - 0 32,8/5k2/b6p/p1P3p1/P4pP1/1Pr2P1P/8/2NR2K1 b - - 2 41,vssf_2402,0,1,0,positional
vssf_2402,,199,black,1-0,28,7901,f8g8,30,0,7901,rn3k1r/p4R1p/2pN1np1/3pB3/3P4/4PN1P/q1b1BPP1/2b1K2R b K - 0 14,rn4kr/p4R1p/2pN1Bp1/3p4/3P4/4PN1P/1qb1BPP1/2b1K2R w K - 1 16,vssf_2402,0,3,3,ks_and_material
vssf_2700,,0,white,0-1,27,2271,c4d5,51,-270,2541,r2q1rk1/pb2bppp/3p4/3n4/1PP5/3QP2P/P4PP1/R1B1K1NR w KQ - 0 14,rr4k1/4b1pp/bP1p4/B2PPp2/3R4/p4N1P/5PP1/4K2R b K - 2 26,vssf_2700,0,1,-2,positional
vssf_2700,,3,black,1-0,22,4933,e3d2,34,437,4496,rnb1k2r/1p1pbppp/p2P4/q1p5/8/4p1P1/PP1N1PBP/R1BQK2R b KQkq - 0 11,rnb1k2r/1p1pPpp1/p3q2p/2p5/8/4B1P1/5PBP/2RQ1RK1 w kq - 4 18,vssf_2700,0,2,-1,ks_attack
vssf_2700,,8,white,0-1,63,2843,h2g3,65,-1840,4683,6r1/2p2p1p/1k2p3/pPbq4/3N1R2/1R1PP1r1/2Q4P/6K1 w - - 0 32,8/2p2p1p/1k2p3/pPbq4/3N1R2/1R1PP1r1/2Q4K/8 b - - 1 33,vssf_2700,0,2,-4,ks_attack
vssf_2700,,14,white,0-1,59,4375,b5a6,65,0,4375,4r1k1/1b3pp1/p4b1p/1P6/3P2N1/1q2P3/1r2B1PP/R2R1QK1 w - - 3 30,6k1/5pp1/P4N1p/3R4/3P4/1q6/1r2r1PP/3R1QK1 b - - 0 33,vssf_2700,0,1,-3,positional
vssf_2700,,16,white,0-1,29,2415,a1c1,51,377,2038,rnb1qrk1/p3bppp/2p1p3/1p1nN3/3P4/P4NPB/1PQBPP1P/R2R2K1 w - - 10 15,r3qrk1/1bn2pp1/2p1p2p/p3N3/Pb1P4/4RNPB/4PP1P/1Q1R1K2 b - - 4 26,vssf_2700,0,1,0,positional
vssf_2700,,17,black,1-0,90,3884,g4e5,110,0,3884,3B4/5pk1/2B3p1/p6p/2p3nP/P2p2P1/1n1K1P2/8 b - - 3 45,8/6k1/5pp1/P3nn1p/2p1B2P/2Bp2P1/3K1P2/8 w - - 7 56,vssf_2700,0,0,1,positional
vssf_2700,,21,black,1-0,80,6057,e3d4,82,-10159,16216,3k4/6rp/4p1p1/1B1b1p2/1QNR4/4q3/PPK5/8 b - - 11 40,5Q2/2k3rp/4p1p1/1B1b1p2/2Nq4/8/PPK5/8 w - - 2 42,vssf_2700,0,3,-5,ks_attack
vssf_2700,,23,black,1-0,60,7466,g8h8,66,-2603,10069,5rk1/r4pp1/p1p4p/1p2b1P1/1P5P/PB1Q3N/5RK1/2q5 b - - 0 30,7k/r5p1/p1p4p/1p2bQP1/1P5P/P6N/2Bq2K1/8 w - - 1 34,vssf_2700,0,1,1,positional
vssf_2700,,25,black,1-0,62,4874,e8e6,72,179,4695,4r1k1/5p1p/2qp4/P1pp4/2r4p/5PP1/Q4PK1/R3R3 b - - 1 31,q7/P5kp/3pp3/2p5/Q2p3p/2r2PP1/5PK1/1R6 w - - 0 37,vssf_2700,0,0,0,positional
vssf_2700,,29,black,1/2-1/2,88,7147,e5d3,118,5780,1367,5R2/8/8/4n3/2r1k3/2P5/6K1/8 b - - 10 44,8/8/8/7R/8/2Pnk3/5r2/K7 w - - 41 60,vssf_2700,0,1,0,positional
vssf_2700,,32,white,0-1,77,3467,d1f1,89,146,3321,3r4/1p4p1/pb4k1/8/1Pr2PP1/P4R1p/2nB3P/1N1R3K w - - 11 39,8/1p3R2/pb1r2k1/6B1/1P4P1/P1N4p/2n4P/3r1R1K b - - 3 45,vssf_2700,0,2,0,ks_attack
vssf_2700,,33,black,1-0,38,3184,e8c8,46,282,2902,r3kbr1/1p1nnp2/p6p/3pPpp1/2pP3P/2P5/P1QB1PP1/3B1NK1 b q - 1 19,1k1r1b2/1p1nnpr1/p2N4/3pP1p1/2pP1p2/2P5/P1QB1PP1/3B2K1 w - - 2 24,vssf_2700,0,1,0,positional
vssf_2700,,38,white,1/2-1/2,79,2750,d2c3,93,-255,3005,5bk1/3r4/2R1p3/4Pp2/rP4pP/8/3B1P2/4R1K1 w - - 1 40,6k1/8/2R1p3/4Pp1P/1P4p1/8/3R1P2/r2rBK2 b - - 0 47,vssf_2700,0,1,-3,positional
vssf_2700,,39,black,1-0,26,2405,h6g5,32,-293,2698,rnbqnrk1/p4pp1/1pp1p2p/4P1N1/2P4P/5Q2/PP1N1PP1/2KR1B1R b - - 1 13,rnbq1rk1/p4pn1/1pp1p1pQ/4P2P/2P3p1/8/PP1N1PP1/2KR1B1R w - - 1 17,vssf_2700,0,1,-3,positional
vssf_2700,,40,white,0-1,51,5006,d2f4,63,-1851,6857,2r1n1k1/4bp2/2n3p1/1p2PbPp/3p3P/P1PP1N2/qP1BQ3/1NKR2R1 w - - 1 26,2r3k1/4bpn1/2n3p1/3qPbPp/Q4B1P/2PP1N2/p2N4/2KR1R2 b - - 1 32,vssf_2700,0,1,1,positional
vssf_2700,,41,black,1-0,44,3691,c3c5,62,225,3466,4r1k1/pp3ppp/2p2n2/7q/4pQ2/PBr1Np1P/P4P1K/R3R3 b - - 1 22,4r3/pp2r2p/2pR1pk1/6p1/P3p1P1/1B3pK1/P4P2/4R3 w - - 0 32,vssf_2700,0,3,0,ks_attack
vssf_2700,,42,white,0-1,31,5223,d2g5,45,-2038,7261,1r3rk1/p2Qnpbp/q1n3p1/8/3p4/N2P1NP1/PP1B1PBP/2KR3R w - - 2 16,r5k1/pr3pbp/q5p1/3n2B1/2Np4/3P1NPB/nP1Q1P1P/3K1R1R b - - 1 23,vssf_2700,0,1,1,positional
vssf_2700,,44,white,0-1,39,2674,d3b5,43,-1149,3823,r4rk1/3qbpp1/1Qnpb2p/1p2p3/4P1nP/1NPBBN2/PP3PP1/1K2R2R w - - 3 20,r1rb2k1/3q1pp1/1Qnpb2p/1B2N3/4P1nP/2P1B3/PP3PP1/1KN1R2R b - - 0 22,vssf_2700,0,2,-2,ks_attack
vssf_2700,,45,black,1-0,56,3580,d8b6,106,349,3231,r2qkb2/5p2/pQ1ppn1p/3b3p/8/2N1Bn2/PP3PB1/2RK3R b - - 3 28,5R2/8/pk5p/3p2b1/3r3p/1P5K/P1R2P2/8 w - - 5 54,vssf_2700,0,1,2,positional
vssf_2700,,46,white,0-1,49,3627,c4f7,55,-588,4215,1rbr2k1/1p2qpp1/7p/pPN1n3/2B1pQ1P/P3P3/5PP1/2R2K1R w - - 2 25,1r1r2k1/1p3qp1/8/pPN2b1p/4pQ1P/P3P3/5PPR/2R2K2 b - - 1 28,vssf_2700,0,0,-1,positional
vssf_2700,,47,black,1-0,72,6037,g2e3,78,0,6037,6k1/6pp/1N2pp2/P7/1p6/4P3/2K3n1/8 b - - 0 36,6k1/6pp/1N2pp2/P7/1K6/8/4n3/8 w - - 1 40,vssf_2700,0,0,0,positional
