fen,target_ks,target_total,our_total_base,our_ks_base,tier,phase_bucket,split
r5k1/8/4R3/p2N4/P1K5/8/8/8 w - - 13 72,5.51,4.42,7.56,0.0,target,endgame,val
2k5/2rp4/1pP4p/6p1/5r2/4qN2/2Q1B1RP/5R1K b - - 0 36,1.62,4.34,7.717,1.62,ks_phantom,midgame,val
6k1/2R5/KN6/P4r2/8/8/8/8 b - - 6 85,1.23,4.95,9.555,0.0,target,endgame,train
8/P4pk1/3q3p/3P1p2/8/7P/5K2/3R4 b - - 0 43,-2.54,-2.99,-7.873,0.0,target,endgame,train
8/6p1/2BkPb1p/3P1P2/pK2b1P1/7P/8/8 w - - 5 73,0.0,-2.18,-0.051,0.0,calm,adveg,val
1N2k1r1/4bp2/4RQ1p/pp3p2/P7/6P1/1P3P1P/6K1 b - - 0 41,0.0,7.67,12.474,0.0,calm,endgame,val
2q1k3/1p2p3/2ppp3/3nP2p/3P4/r1PB2QP/3N1PK1/1R6 w - - 0 27,1.88,5.92,2.339,0.0,target,midgame,val
r2qr1k1/p4ppp/b1n1pb2/2Pp4/N7/3p1NPP/P4P2/1RBQKB1R b K - 1 15,-1.8,-2.9,-0.313,-1.8,working,opening,val
5k2/2R5/6p1/5r2/8/6K1/8/8 b - - 3 56,-1.09,-0.15,-1.099,0.0,target,adveg,val
7R/8/3B2k1/8/1P3P2/2r5/5K1P/8 b - - 3 63,2.15,6.0,12.528,0.0,target,endgame,train
8/6k1/1n3pp1/P6p/1BpnB2P/3p2P1/5P2/4K3 b - - 2 53,-1.32,2.82,-2.893,0.0,target,adveg,train
4r1k1/1p3p2/6p1/1P5n/P1P5/5q2/2Q4p/1K1R4 b - - 0 55,-1.17,-7.34,-7.473,-1.17,ks_real,midgame,train
4r1k1/1p1q1p2/p2b1npp/3pn3/P2N4/1P2PN1P/1B3PP1/1QrR2K1 w - - 0 21,-1.92,0.25,-1.33,0.0,target,opening,val
8/4k1p1/4P2p/p4B2/PbrP4/5bP1/5P1P/1R4K1 w - - 9 51,1.46,-3.13,-1.456,0.0,target,endgame,train
8/1p6/pb4k1/8/1P4PB/P1Nr3p/2n4P/5R1K b - - 2 47,4.44,-1.21,-2.799,0.0,target,endgame,val
r2qkr2/1pp1b2p/p2p2p1/4n3/2PN2bN/8/PPK4Q/R1B2B1R b q - 1 17,-1.22,-3.2,-1.072,0.0,target,opening,train
8/1k6/2p1p3/R1p1Bp1n/NrP5/1P2bK2/P7/8 b - - 1 45,2.6,1.99,-1.858,0.0,target,endgame,train
5r1k/6p1/1p2B2P/p2p4/1n5b/4Pp2/3K4/2R5 w - - 0 36,-1.54,-5.56,-12.408,0.0,target,endgame,train
2b5/1p2bk1p/2r5/5P2/5BP1/p1P2P1P/PP6/2KRR3 b - - 0 27,1.17,5.1,8.669,0.0,target,endgame,train
r6r/pp1qpkb1/2n1Rnpp/3p2p1/2PP4/BP4P1/P2N1PBP/R3Q1K1 w - - 3 17,1.26,2.05,3.867,1.26,ks_phantom,opening,train
8/8/8/3k4/2pp4/1p6/8/2K5 b - - 0 58,-1.39,-6.49,-12.124,0.0,target,adveg,train
3r4/6pk/3P1p1p/1B6/2n1P1P1/7P/8/3K4 w - - 0 60,-4.22,-4.04,-2.559,0.0,target,adveg,train
2r5/6R1/8/1p2B2k/5P1p/P4K1n/1P5P/8 b - - 9 55,2.25,3.88,6.301,0.0,target,endgame,train
2q2k2/Qp2pp2/6pb/3p4/1PnP3r/P1B2P2/5P1P/R4R1K b - - 0 26,-1.62,-11.29,-0.536,-1.62,working,midgame,train
qk1r3r/p2b1pp1/Bppbpn2/RP2N1B1/2PP3p/7P/4QPP1/1R3NK1 b - - 3 29,3.99,5.1,-1.034,0.0,target,opening,train
r1bqkb1r/1pp2pp1/p6p/2nNp3/2BnP3/P4N2/1PP2PPP/R1B1KQ1R w KQkq - 8 13,-1.44,0.53,-2.151,-1.44,ks_phantom,opening,train
r4rk1/p1q2pb1/1p3npp/4p3/3n3N/2NPB1P1/PPP2PbP/R2Q1RK1 w - - 0 16,-1.4,-0.31,-2.343,0.0,target,opening,train
r1bqk2r/pppn1pp1/3b3p/1B2p3/1n2P3/1QN1BN2/PPP2PPP/R4RK1 b kq - 5 10,1.44,0.54,3.603,1.44,ks_phantom,opening,train
8/8/p1k2p1p/P2p4/1p1K1pPP/1P3P2/8/8 w - - 3 44,0.0,-1.32,-1.289,0.0,calm,adveg,train
5b1r/Q5p1/P7/7p/2p5/n4k1P/8/5K2 b - - 0 45,3.51,0.0,-4.696,0.0,target,endgame,val
8/5r1p/p2r2p1/1p2k1PN/4p2P/3bP3/6QK/8 w - - 0 42,2.48,0.18,-5.109,0.0,target,endgame,train
7R/5k2/8/3P1p2/pP1K1Pp1/8/2b5/8 w - - 1 69,2.51,2.86,2.602,0.0,target,adveg,train
5k2/5r2/p4NpP/1p6/2r1p2P/3bP1K1/1Q6/8 w - - 7 51,4.71,0.63,-0.114,0.0,target,endgame,train
r7/1pq2pkn/6p1/4pb1p/2PRN2P/pP2QP2/P3B1P1/1KR5 b - - 0 30,-1.31,0.16,7.212,0.0,target,midgame,train
2Q5/6pk/p3p3/3pP3/3P3p/5P1P/4K3/6q1 b - - 3 61,-3.59,-1.71,-1.322,0.0,target,endgame,train
3R4/1k3p2/p2b3p/1p1P3P/nP3P2/P2R4/5r2/1K6 b - - 11 48,-1.51,-2.42,-0.765,0.0,target,endgame,train
8/8/5Pk1/8/P5pB/4p2p/7K/8 w - - 0 52,1.82,1.25,0.379,0.0,target,adveg,val
8/8/8/6b1/3kp2p/7P/4K1N1/8 b - - 25 74,0.0,0.0,-6.168,0.0,crowded_safe,adveg,val
r1bqr1k1/pp3pp1/7p/2Rp4/5Q2/1P1P1NP1/P2N1nBP/2K4R b - - 0 16,-2.29,-0.73,1.962,0.0,target,opening,train
8/8/8/5r2/pkpp4/6R1/4K3/4N3 b - - 7 90,-1.06,-0.75,-5.659,0.0,target,endgame,val
7r/2p5/1p1pPk2/p1P1nP2/P3KR1p/7P/2P3P1/1R6 b - - 0 35,1.09,4.46,8.493,0.0,target,endgame,train
8/8/8/6p1/3kb2p/6PP/5K2/8 b - - 0 66,0.0,-4.38,-9.465,0.0,calm,adveg,train
7R/8/8/2k5/p1pp4/8/4K3/4Nr2 b - - 1 87,0.0,-0.5,-5.345,0.0,crowded_safe,endgame,val
6k1/1p1Q2p1/8/2Pn4/p2P2P1/P5KP/1P2rr2/8 b - - 1 47,-5.16,-3.27,-0.385,0.0,target,endgame,train
8/3k3p/p2BN1p1/8/2p5/2P2PP1/P1r4P/3R1K1R w - - 1 28,0.0,8.19,21.133,0.0,calm,endgame,train
5r1k/1b3pp1/8/q3r3/Pn3Q1P/1PR1PP2/6P1/5K1R w - - 1 27,-1.44,-4.49,-3.777,0.0,target,midgame,train
2q1k3/8/1ppPp3/3n3p/r2P4/2PB2QP/5PK1/1R6 w - - 0 30,2.76,4.65,3.485,2.76,working,midgame,train
3qr2k/1b1r1pp1/4n3/8/P3P2P/1P2RPQ1/6P1/6KR b - - 8 34,-1.38,-5.06,-5.093,0.0,target,midgame,train
1k1r3r/pp2pp2/1qp1bnpb/8/2PPP1Pp/1P3B1N/PB2Q1KP/R2R4 w - - 1 22,-1.26,1.23,-3.354,-1.26,ks_phantom,opening,train
r1bqkb1r/1ppn2pp/p1B2p2/4p3/4P3/2N1BN2/PPP2PPP/R2Q1RK1 b kq - 0 9,1.19,0.84,4.881,0.0,target,opening,val
N5k1/8/5p2/6pq/P2P4/1P2P1Pb/2rB1K1P/4Q3 b - - 6 33,-2.04,-1.34,-1.737,-2.04,ks_real,midgame,train
1r1r3k/2p1b1p1/7p/p1PqP1p1/P1R3P1/1PQ1RP2/7P/6K1 w - - 7 46,-1.91,-4.11,-0.82,0.0,target,midgame,train
kqr1r3/4Pp2/p1p2Pp1/Bp6/2P1R2p/PP1R1Q1P/5N2/2b2K2 w - - 8 48,-1.44,6.45,4.479,-1.44,working,midgame,val
4k1r1/1q3p1p/2n1p1pB/1r3bN1/1p6/1Q2PB2/1R3PPP/5RK1 w - - 2 23,1.22,5.73,4.262,0.0,target,opening,train
1k1r3r/pp2pp2/2p1bnpb/q7/3PP1Pp/1PP2B1N/PB2QK1P/R2R4 b - - 8 19,-1.48,-0.01,-2.533,0.0,target,opening,train
5r2/2k5/4p3/4p1pp/PbP1P2n/1P3P1P/2P1K2R/5R2 w - - 5 39,0.0,-0.43,3.234,0.0,crowded_safe,endgame,train
N5k1/8/5p2/6pq/P2P4/1P2P1Pb/2rB3P/4Q1K1 w - - 5 33,-1.77,-0.6,2.243,-1.77,ks_phantom,midgame,train
8/8/3p2k1/3n3p/3N2p1/R2bP3/1r3r2/4K2R w - - 0 42,-8.29,-5.88,-9.699,0.0,target,endgame,train
5k2/p4p1B/2P5/2qn4/4p3/6P1/4P1KP/4R3 b - - 2 38,-1.82,-5.58,-8.585,0.0,target,endgame,train
4r1k1/1p2qpp1/4b3/p2Q2p1/P7/3Bp2P/1P3P2/3KR3 w - - 2 27,-1.14,-4.86,-2.394,-1.14,working,midgame,train
8/8/6p1/2Kpkp1p/1p5P/1P2PPP1/8/8 w - - 3 47,0.0,2.41,0.299,0.0,calm,adveg,train
8/3N2k1/1PK4p/6PP/p4P2/r7/8/8 w - - 0 74,0.0,5.95,4.946,0.0,calm,adveg,train
3r4/1kr5/1p2R1R1/1Bp3pp/P2b4/5P1P/2K5/8 b - - 8 40,3.59,0.24,-3.951,0.0,target,endgame,val
rn1q1b1r/4kp2/1p2pnpp/pQ1pN3/3P3P/P1N1P3/1P3PP1/R1B2K1R w - - 0 13,1.98,1.68,4.568,1.98,ks_phantom,opening,val
2b2rk1/6pp/1qp1pP2/1p1nP3/r7/P4BP1/1BQ2P1P/R4RK1 b - - 0 23,1.8,2.75,2.327,1.8,ks_real,opening,train
2kr1n1r/ppq1ppb1/2ppNnpp/P7/1PPP4/2NBP2P/5PP1/R1BQ1RK1 b - - 0 14,1.68,3.5,2.224,0.0,target,opening,train
8/p6p/5p2/4p1k1/4P1P1/p2P1K2/8/8 w - - 0 46,0.0,-6.5,-6.166,0.0,calm,adveg,val
2kr4/5qp1/1p1rpn2/1B2Q3/2PP3p/1R2B2P/3N1P1K/8 b - - 14 44,2.7,5.02,5.849,2.7,working,midgame,train
r2q1rk1/1p2p1bp/p1n3p1/2ppPB2/P2P2b1/N1P1BN2/1P4PP/R2Q1RK1 b - - 0 13,1.63,-0.47,2.957,0.0,target,opening,train
3n4/8/pp3p2/5P2/PKPk4/8/B7/8 w - - 13 55,0.0,-0.9,-0.165,0.0,calm,adveg,train
4R3/1k6/1Bp5/4K3/2P3p1/8/3r1PP1/8 w - - 1 64,4.3,5.52,8.977,0.0,target,endgame,train
8/4R3/4nr2/p2pk3/2p5/2P5/P3N3/3K4 w - - 4 58,0.0,-0.66,-3.696,0.0,crowded_safe,endgame,train
6k1/8/8/5PPP/8/5K2/8/8 w - - 1 44,1.12,6.41,10.023,0.0,target,adveg,train
5k2/7R/8/5PPP/1b2K3/p7/P4P2/8 w - - 1 47,4.31,11.62,13.925,0.0,target,adveg,train
2r5/1pr4k/p3p2P/1n1p2P1/1P1P1P2/1RPKP3/2R5/8 w - - 23 52,-1.8,-0.59,2.589,0.0,target,endgame,train
4r1k1/1p1q1p2/6p1/3P4/2P1nb2/Pp3Q1P/5PKP/4R3 b - - 0 41,-1.8,-6.52,-10.837,-1.8,ks_phantom,midgame,val
r3kb1r/p1p5/3p1p2/2p1p2p/2P1n2N/1P4Pp/PB2K3/R5R1 w kq - 0 23,-1.02,-4.63,-8.761,-1.02,ks_phantom,endgame,val
5rk1/4r1bp/1p3p2/4pQ2/1qP5/2N3P1/2R2PB1/5NK1 b - - 8 37,1.44,2.41,3.107,1.44,ks_real,midgame,train
r4rk1/1p3pp1/2n5/pB1p2q1/3PnNb1/1PB1P1Pp/P6P/2R1QRK1 w - - 3 18,-1.31,-1.36,0.997,0.0,target,opening,val
4k3/2R5/8/p3K1N1/6PP/8/6r1/8 w - - 1 50,5.51,5.74,9.609,0.0,target,endgame,train
8/8/p1b5/P4KB1/6p1/5p1k/5P1P/8 w - - 1 75,0.0,0.0,-0.425,0.0,crowded_safe,adveg,train
5k2/1R3n2/1p6/2p4P/2P1Nnp1/1P6/P4PP1/6K1 w - - 3 42,2.36,6.21,9.409,0.0,target,endgame,train
8/5Q2/1kn3N1/5pPp/P2b4/6PK/8/2r5 w - - 11 73,2.37,3.82,7.167,0.0,target,endgame,val
5rk1/1p1qbppp/2n5/r3p3/p1PpN1PP/B2b1P2/PQ1N2B1/2R1K2R b K - 0 21,-1.8,1.14,-0.594,-1.8,ks_real,opening,train
8/8/p4p1p/P1Kpk2P/1p3pP1/1P3P2/8/8 b - - 0 50,0.0,0.0,-1.51,0.0,crowded_safe,adveg,train
8/8/p2B4/P2b4/3K2p1/5p2/5PkP/8 b - - 30 89,0.0,0.0,-0.333,0.0,crowded_safe,adveg,train
4q1k1/6b1/1pr2pp1/p7/P1p1pQ2/2B1P2P/6R1/5RK1 w - - 8 47,1.44,4.44,4.804,1.44,ks_real,midgame,val
5rkr/5p1p/1n1NpR1n/p2pP2q/p3P1p1/B1P3RP/6Q1/6K1 b - - 1 31,1.88,0.7,-2.949,0.0,target,opening,train
8/8/p4p1p/P2pk2P/1P3pP1/2K2P2/8/8 b - - 0 53,0.0,0.0,0.062,0.0,crowded_safe,adveg,train
3k4/8/2PK4/8/7N/6P1/8/8 b - - 2 65,1.38,6.45,13.418,0.0,target,adveg,train
1n6/p1r4k/1p1R2R1/2p1PP1p/2P5/2P5/P4KPP/8 b - - 0 41,4.65,7.91,11.791,0.0,target,endgame,train
8/8/p4p1p/P1kp4/1p3pPP/1P1K1P2/8/8 w - - 5 45,0.0,-1.78,-1.63,0.0,calm,adveg,train
2k5/6p1/4pp1p/5b2/PPP5/7P/5PK1/3R4 b - - 0 38,1.04,5.47,6.572,0.0,target,adveg,train
3rnk2/R3R3/1p5p/2p4P/1nP3p1/1N6/PP3PP1/6K1 w - - 0 35,4.54,5.29,6.345,0.0,target,endgame,train
r3k2r/3q2pp/p1n1b3/Bp1p3N/4p3/Q3P3/R5PP/5RK1 w kq - 0 22,3.06,0.87,0.0,3.06,working,opening,train
8/7k/5Q2/8/1K3N2/4P3/8/3q4 b - - 2 85,6.01,3.94,9.346,0.0,target,endgame,train
4k1r1/1p1qp2p/2r1p1p1/p6n/3b4/B1N2QPB/P4P1P/R3R1K1 w - - 0 26,2.52,3.85,7.643,2.52,ks_phantom,opening,train
8/3K3k/4P3/6Q1/5N2/2q5/8/8 b - - 4 93,5.52,5.93,10.644,0.0,target,endgame,train
2r5/3n2b1/p5kp/P2P1N1R/5P2/2P5/1P1K1P2/8 w - - 1 32,2.23,0.12,3.375,0.0,target,endgame,val
r5k1/1p1R2pr/1qp1P1p1/8/p3PP1p/P1Q4P/1P3RP1/6K1 w - - 0 29,1.44,4.51,4.102,1.44,ks_real,midgame,train
rnbqk2r/pppp2pp/2n5/1Q6/4P3/2N5/PP3PPP/R1B1K1NR b KQ - 2 9,2.09,2.04,0.74,0.0,target,opening,train
8/8/P6p/3kppp1/8/1PK2P2/6PP/8 w - - 0 44,0.0,5.31,3.146,0.0,calm,adveg,train
2nR4/2P5/4k3/8/1p1P4/1P4K1/8/8 w - - 3 54,1.17,6.7,12.587,0.0,target,adveg,val
8/2R1n1r1/1k3b1p/p2p1p1P/P3pB2/6P1/8/2K5 b - - 2 37,2.25,-6.07,-10.932,0.0,target,endgame,train
5R2/8/4k2p/3N2p1/2Pb4/1P6/5PPP/6K1 b - - 3 42,0.0,7.33,14.326,0.0,calm,adveg,train
2b4k/5r1p/p1p1p3/2Q1R3/P4pPq/3P1P2/1PP3K1/R7 w - - 1 29,-4.14,3.53,-2.467,-4.14,working,midgame,train
8/8/8/3p1pKP/5P2/5P2/pk6/7R w - - 0 40,1.09,7.26,9.398,0.0,target,adveg,train
r5r1/p4p1p/4p3/1pkn2B1/4R2P/2P3P1/PK3P2/3R4 w - - 0 24,0.0,0.1,0.78,0.0,crowded_safe,endgame,train
rn2k3/3p1pr1/pq4p1/2pBP1bp/4Q2P/1P3PP1/1BN3K1/R7 b q - 1 23,1.47,3.26,-2.845,0.0,target,midgame,val
8/8/5K2/1k1Np1p1/1P2P1Pp/4P2P/8/8 b - - 0 65,2.0,8.27,12.533,0.0,target,adveg,train
8/3B1N1k/6pP/5p2/4p3/2r5/5K2/8 b - - 3 60,-2.2,-1.94,-1.836,0.0,target,adveg,train
rn2k3/3p1pr1/pq4p1/2pBP1bp/5Q1P/1P3PP1/1BN3K1/R7 w q - 0 23,1.62,3.29,-1.13,1.62,working,midgame,train
1r3b1r/3k2pp/p2ppq2/1Np1n3/2P2N2/8/PP4PP/R1BQR1K1 w - - 0 16,1.62,4.51,6.671,1.62,ks_phantom,opening,val
8/5N1k/4B1pP/5p2/4p3/4P3/1r6/5K2 w - - 8 48,-1.64,-0.15,1.453,0.0,target,adveg,train
1k1rb3/4R3/2pP4/2B5/2PK2p1/8/5PP1/8 b - - 2 60,3.41,4.21,5.659,0.0,target,endgame,train
8/1pk5/1pr1p1p1/2p1Pp2/7r/PRKp3p/3N3P/1R6 w - - 1 39,0.0,0.05,-4.084,0.0,crowded_safe,endgame,train
8/1p1kpp1p/1B1p2p1/4b1K1/4Pn1P/r5P1/2r5/3R1R2 b - - 3 25,0.0,-7.96,-10.915,0.0,calm,endgame,train
r3k2r/6q1/2nppn2/p1p1p2p/2N1P1pP/P1PP2B1/3Q1PP1/R4RK1 b kq - 1 21,1.58,2.39,-0.162,0.0,target,opening,train
rnbqk2r/pp2bp1p/4pnp1/8/2BN4/1QN1P3/PP3PPP/R1B2RK1 b kq - 2 9,1.44,0.55,3.058,1.44,ks_phantom,opening,train
8/1pk5/1pr1p3/2p1Ppp1/r1N5/P1K4p/1R5P/3R4 b - - 0 43,0.0,0.42,-2.008,0.0,crowded_safe,endgame,val
6k1/3R4/8/1p1p4/1r1P1N1p/4PP1P/3K2P1/8 w - - 0 56,2.72,5.9,11.077,0.0,target,endgame,train
2R5/5k1p/8/1p2BP2/5p2/3nbK2/PP5P/8 w - - 6 36,4.15,5.59,5.439,0.0,target,endgame,train
6k1/pR4pp/8/8/4r3/8/PP3r1P/1bK4R b - - 1 27,-2.54,-5.06,-6.641,0.0,target,endgame,val
8/p7/1p6/3pkPp1/P7/1PP1K2p/7P/8 b - - 0 45,0.0,-1.72,0.02,0.0,calm,adveg,val
8/1k6/3R4/4p1p1/4p3/Pb2K2P/6P1/8 w - - 0 43,1.76,5.47,3.957,0.0,target,adveg,val
3r1rk1/q4p1p/p3p1p1/1p2P2Q/1Pn1BP2/8/P5PP/1R2R2K w - - 0 31,1.26,-1.33,1.624,1.26,ks_real,midgame,train
8/r5k1/1P2KN1p/3R3P/p4PP1/P1r5/8/8 b - - 0 68,1.17,4.06,6.059,0.0,target,endgame,train
6k1/1p2rp2/p1n3pQ/8/2N2N2/2P1q2P/PP4P1/3R3K b - - 0 29,2.34,4.5,8.783,2.34,ks_phantom,midgame,val
8/3Q2Kp/8/6Pq/4k3/8/8/8 w - - 16 64,1.31,0.0,1.692,0.0,target,endgame,train
r6r/pp1kbp1p/1n2pn2/1N1p2p1/1P1P4/2P1PNB1/R4PPP/4K2R b K - 8 16,1.47,0.0,4.89,1.47,ks_phantom,midgame,train
r1bqk2r/1p1nbppp/p3pn2/3p4/2PB4/1P1BPN1P/P4PP1/RN1QK2R b KQkq - 0 9,-1.22,-0.26,1.31,0.0,target,opening,train
8/8/3p2kp/3n1p2/2bN4/3RP1P1/1r3r2/2N1K2R w - - 0 39,-1.53,-3.44,-2.992,-1.53,ks_real,endgame,train
r3k2r/p4ppp/b1nbp3/Pq1p4/8/2n2NPB/RpP1PP1P/1N2QK1R w kq - 0 18,-1.44,-3.91,-5.435,0.0,target,opening,val
5K2/7Q/8/3kq1P1/8/8/8/8 b - - 10 76,-1.91,0.0,1.819,0.0,target,endgame,train
6R1/8/4p1p1/3pP1k1/3P2b1/3r4/8/6K1 b - - 3 49,-1.69,-6.39,-9.411,0.0,target,endgame,train
1r4k1/5pp1/7p/3pr2P/P2Qb3/2P5/K7/3B4 b - - 8 58,-2.16,-2.52,-1.028,0.0,target,endgame,val
2k5/1pn3q1/r3p3/p1Q1N1pp/P1P1P3/1P6/5PPP/3R2K1 w - - 1 40,2.76,5.4,7.551,2.76,ks_phantom,midgame,train
8/8/4k3/p1p3P1/2P1KP2/8/P7/8 b - - 0 47,0.0,4.47,7.511,0.0,calm,adveg,train
1r3k2/R4p2/2K5/P4P1p/2p5/2P5/6PP/8 b - - 0 35,-1.1,4.37,5.678,0.0,target,adveg,train
8/8/4p1p1/3pP3/5kb1/1R6/6K1/3r4 b - - 5 52,-3.78,-7.88,-12.374,0.0,target,endgame,train
2r3k1/ppp2p1p/8/8/P2r2P1/1n1P3P/1P3bN1/1RBK4 w - - 1 27,-2.27,-6.14,-8.84,0.0,target,endgame,train
rnb1kb1r/ppq2ppp/4p3/2pN4/3P4/1P2P1P1/P4P1P/R1BQKBNR b KQkq - 0 8,1.62,0.35,3.006,1.62,ks_phantom,opening,train
1nb1kr2/1p2q1bn/r2p2p1/pNpPpp1p/P1P1P2N/R5PP/1PQ2PB1/2B1K2R b K - 2 16,1.62,2.69,1.797,0.0,target,opening,train
1r4k1/5pp1/7p/3pr2P/P3b3/2PQ4/K7/3B4 w - - 7 58,-1.55,-2.42,-0.4,0.0,target,endgame,train
8/3k4/p2b4/1p1P1p1p/6P1/PR1RBKP1/2r1rP2/8 b - - 0 33,-1.49,-2.52,0.493,0.0,target,endgame,train
8/4P3/3nKpk1/3p4/3P2P1/7P/8/8 w - - 0 67,0.0,1.52,5.997,0.0,calm,adveg,train
6k1/5p2/1p2pPp1/3b3p/p6P/P5P1/3K4/r4BR1 b - - 3 35,-2.38,-4.04,-5.427,0.0,target,endgame,val
8/6r1/1k4p1/4N1R1/1p1K2P1/7p/6bP/1R6 b - - 1 44,3.05,5.54,8.139,0.0,target,endgame,train
2r1kb1r/ppq2p1n/b2p2p1/4p3/3nP3/PPN2P1P/2PB3P/R2KQN1R b k - 0 20,-2.16,-7.01,-8.65,-2.16,ks_phantom,opening,train
1Q1n1k2/5p2/4b3/3p2pp/3q4/P3N3/4RPPP/5BK1 b - - 0 43,1.47,6.53,8.466,1.47,ks_phantom,midgame,train
3r1k2/R5n1/1p4qp/2p2p2/1nP4P/1N3Q2/PP3PP1/4R1K1 w - - 1 32,1.98,5.04,7.867,1.98,ks_phantom,midgame,train
r1b4r/1p1nkp1p/3p2p1/1BpPb3/2N1N3/p3P1PP/PP3P2/3RK2R w K - 2 19,1.47,0.52,3.345,1.47,ks_phantom,midgame,val
4r1k1/p3qpbp/r5p1/2p5/4pP2/1R5P/n1NQ4/1K2R3 w - - 0 34,-3.06,-8.23,-15.002,-3.06,ks_phantom,midgame,train
r1b2rk1/pp2ppb1/3q1n1p/1PnNp3/2P2P1N/7P/P1Q2PB1/3R1RK1 w - - 1 22,1.26,-0.59,-4.642,1.26,ks_phantom,opening,train
r1b2rk1/pp2ppb1/5n1p/1PnNq3/2P4N/7P/P1Q2PB1/3RR1K1 b - - 1 23,1.85,-0.74,-4.499,0.0,target,opening,train
1r2r2k/6pp/5p2/8/Pq1p2P1/5P2/5R2/5Q1K w - - 4 49,-2.28,-6.4,-10.322,0.0,target,midgame,train
1k3q1r/ppn3p1/2P3Qp/3nR3/5p2/P7/2BB1PPP/5RK1 w - - 1 28,1.46,6.92,6.541,0.0,target,midgame,train
3r1r1k/p4pp1/2p2n1p/P3q3/1PP2P2/3BP1Pb/3Q3P/1R2K2R b K - 0 20,-1.98,-4.27,-4.762,-1.98,ks_real,midgame,val
1r1qk2r/3b1pp1/p1n1pb1p/3p4/4NQ2/5N2/PP1BBPPP/1R1R2K1 w k - 4 22,1.34,4.67,4.89,0.0,target,opening,train
5k2/5P2/6p1/p4pbp/2K2P1P/P3R1P1/1B5q/8 w - - 0 49,3.4,-3.94,-9.707,0.0,target,endgame,train
2n3k1/5Npr/4ppBp/2B5/1P6/4P3/5PPP/6K1 b - - 0 34,1.83,5.19,7.582,0.0,target,endgame,train
5k2/5P2/6p1/p4pbp/2KB1P1P/P3R1P1/7q/8 b - - 1 49,5.09,-3.43,-8.601,0.0,target,endgame,train
6kr/6p1/1n1BppBp/4N3/8/4P3/1P3PPP/6K1 w - - 4 32,2.45,5.26,6.603,0.0,target,endgame,val
5rk1/5ppp/3p4/3P4/N1r3Pq/4Bb1P/P4P2/R4QK1 w - - 7 24,-1.86,-3.86,3.659,0.0,target,midgame,train
rnbq1rk1/pp3pp1/4p3/P1b4p/2Q4P/2n1PN2/1P3PP1/RN2KB1R w KQ - 0 13,-2.52,0.57,-3.847,-2.52,ks_phantom,opening,val
1k3b1r/2p2q2/3rpPpP/p2p4/NpPQ1P2/1P2B3/P4R2/R5K1 b - - 6 26,3.21,4.52,2.586,0.0,target,midgame,train
8/8/7p/2kNpP2/2P5/2K5/p7/6b1 w - - 0 57,0.0,-3.48,-1.508,0.0,calm,adveg,train
8/p7/2p2pkp/4P1pN/6P1/5N1q/5K2/8 b - - 0 43,-1.08,-6.23,-13.375,0.0,target,endgame,train
8/pp2ppk1/8/2P1P3/P6p/1B5P/4RKb1/7r b - - 8 44,-4.08,-2.44,-2.467,0.0,target,endgame,train
3r4/6kp/6p1/1p2qp2/2p1b3/P3P3/4R1PP/2Q4K w - - 0 29,-1.05,-6.46,-7.927,0.0,target,midgame,val
4q1r1/7k/7b/p1B2pRQ/2pP1P1P/8/7K/8 w - - 4 40,2.94,-0.14,5.502,2.94,ks_phantom,midgame,train
2kr4/1pp2pp1/4p3/p2pP2r/1b3P1q/2N1P3/PPP3QP/R4RK1 w - - 0 17,-1.77,-1.7,0.41,0.0,target,midgame,train
5rk1/3qnppp/8/1r2p3/3p2PP/p2p1P2/P2N4/1QR1KB1R w K - 2 27,-1.62,1.07,-0.555,-1.62,ks_real,midgame,train
8/8/8/1pBkpp2/1P6/1r6/6K1/8 b - - 3 47,-2.24,-6.24,-8.523,0.0,target,adveg,train
2k5/8/8/8/8/3nrP2/6KP/R7 b - - 2 50,-3.54,0.06,-1.678,0.0,target,endgame,train
r4bk1/5ppp/2p5/2P3q1/P7/5P2/2Q2P1P/5K1R b - - 2 27,-1.02,-5.0,-4.059,0.0,target,midgame,train
3k3r/2p3n1/1p1p4/p1PP1p1p/P2P3K/4rPPB/1R6/2R5 b - - 0 38,-1.4,0.62,-0.403,0.0,target,endgame,train
Q1bk2r1/2p1n1b1/pp5p/5P2/3PN3/2P4P/PP4P1/5RK1 w - - 1 31,1.26,8.09,10.676,1.26,ks_phantom,endgame,train
1r2kr2/4p1bp/2n3p1/1p1Q2N1/1n1P4/BP5P/5PP1/5RK1 w - - 1 26,2.52,4.17,7.501,2.52,ks_phantom,midgame,train
3r1knr/3bq1p1/1RpNp1Q1/4Pp1p/3P4/p1NB4/P4PPP/1R4K1 w - - 2 27,1.68,7.45,7.023,0.0,target,opening,train
6k1/R7/5K1p/6p1/5P2/4n1P1/6P1/4B3 w - - 0 53,2.05,9.15,11.475,0.0,target,adveg,train
4k1r1/1p3p2/2q1bp2/p1bp3p/8/P1r2NPP/1Q2PPB1/R2R2K1 w - - 1 23,-1.26,0.06,-0.352,-1.26,ks_real,opening,train
r2qr1k1/1p3ppp/p2pbb2/4p3/2P1n3/1P2QNPP/P4P2/RNB1K2R b KQ - 1 17,-1.15,-4.16,-2.507,0.0,target,opening,val
r3kb1r/1p1n1p1p/2p1q1p1/N1PN1b2/Q2Pp3/P3P3/5PPP/R1B1KB1R b KQkq - 0 14,1.26,1.96,5.16,1.26,ks_phantom,opening,train
rr4k1/4bppp/p2pp3/p2b2P1/n2Pn3/4QN1P/1PR1PPB1/1K5R b - - 1 23,-1.8,-0.48,0.373,-1.8,ks_real,midgame,train
1nb2rk1/3pqp1p/1Np2npb/1pP5/1P1Pp1P1/4P3/1B1N1P1P/r2QKB1R w K - 0 15,-2.23,-0.26,-0.495,0.0,target,opening,train
r2qr1k1/pp3p1p/n2p2p1/2p2bPn/2P1N3/1NbB1P2/P2B3P/1R1QK1R1 b - - 3 17,-1.57,-4.31,-2.909,0.0,target,opening,train
6k1/q5n1/4np1p/PRp5/2Pp2QN/3P2P1/5P1P/6K1 w - - 0 46,3.27,6.34,7.673,0.0,target,midgame,train
r2q1rk1/1p2bppp/8/p1Pp4/4b3/P1QNP1P1/1P3P1P/R1B1K1R1 w Q - 0 17,-1.02,-1.98,-0.308,0.0,target,opening,train
Q7/8/6pp/1pp1q1p1/8/2Ppk2P/8/6K1 w - - 8 52,-3.13,-8.08,-11.048,0.0,target,endgame,val
5r1k/p7/1p1p3p/3Pp1b1/7q/2NQ1r1P/PPP5/1K2R1R1 w - - 10 28,1.03,0.0,0.301,0.0,target,midgame,train
rnbk2nr/p1q1p1b1/1ppp2B1/7p/2PP2P1/1P2PQ1P/P2N1P2/R1B1K2R w KQ - 1 14,1.0,1.42,-1.117,0.0,target,opening,train
8/4K3/k3B3/1b5p/2pP1P2/8/7P/1R6 w - - 3 49,3.2,9.11,11.803,0.0,target,adveg,train
5k2/P3b3/1B3p2/4p3/4K2p/6r1/8/R6R w - - 3 42,-2.05,7.54,8.576,0.0,target,endgame,train
8/3rbk2/4p2p/4Rp1P/1p1r1P2/4K3/8/4N3 b - - 3 50,0.0,-7.49,-13.09,0.0,calm,endgame,train
q3k2r/p2n1p1p/1p2pp2/8/1Q1P4/2p1P1P1/PP3P1P/R1B2K2 b k - 0 17,-1.56,0.0,-0.243,0.0,target,midgame,val
3k3r/ppr1pp1p/2n1b3/1BpN4/8/8/PPP2PPP/1K1RR3 w - - 7 21,1.0,2.65,0.698,0.0,target,endgame,train
r3r1k1/pp3p1p/6p1/2bQ4/8/P1NqP1Pb/1P3P1P/R1B1K2R b KQ - 1 17,-1.62,-2.13,-2.359,-1.62,ks_real,opening,train
5r1k/p2n1p1p/1p2pp2/8/3P2Q1/4P1P1/PP1K1Pq1/R1B5 w - - 9 25,-1.59,0.0,-2.434,0.0,target,midgame,train
4k2r/pprbpp1p/2n5/1Bp4N/8/8/PPP2PPP/1K1RR3 w k - 3 19,1.29,1.87,-0.137,0.0,target,endgame,train
8/8/6k1/2R3P1/7p/7K/8/8 b - - 6 61,2.1,5.45,12.074,0.0,target,adveg,val
1k6/2p1PK2/4R3/1P4p1/2P5/8/8/4r3 b - - 8 56,-1.29,3.74,5.49,0.0,target,adveg,train
5b1k/2RQ4/6p1/4P2p/5P2/6PP/5K2/q7 b - - 5 46,1.84,3.67,8.284,0.0,target,endgame,train
r1bqk2r/1p3ppp/p1n2n2/2pp4/5b2/3P1NPP/PPP1NP2/R2QKB1R w KQkq - 0 10,-1.57,-1.1,-4.324,0.0,target,opening,val
6k1/p5pp/1pb2p2/5p1P/2P5/P6R/3rrP2/2R2K2 w - - 1 37,-4.47,-6.8,-8.64,0.0,target,endgame,val
5b1r/1p1k2p1/3P2R1/3n3p/5B2/p3P3/P4PPP/4K2R w K - 3 29,1.81,4.65,7.631,0.0,target,endgame,train
r1bq1rk1/pp2b1pp/2p2n2/2n1Pp2/2P5/2N1P1PP/PPQN1PB1/R3K2R b KQ - 2 15,-1.44,-3.76,-3.467,-1.44,ks_real,opening,train
2k1b2r/1p3p2/p1pr2pp/B2pp2n/3N4/6P1/PP2PPBP/2RR2K1 w - - 0 21,2.56,4.63,2.77,0.0,target,midgame,train
r2q2k1/6pp/p1p1bn2/1p6/1bn1P3/2N2Q1P/PBPP2P1/R3K2R w KQ - 5 19,-1.98,-4.84,-5.106,-1.98,ks_real,opening,val
8/3n2R1/3k1pp1/1P1Np2p/4P2P/6P1/p6K/r7 b - - 1 60,2.13,-3.26,-1.008,0.0,target,endgame,train
5k2/p4p2/n2NR3/8/3P2P1/8/r5PP/5RK1 b - - 1 39,0.0,8.99,12.613,0.0,calm,endgame,train
2r1k3/3n1p1r/P1p1p1pp/B3q3/2P5/4Q1P1/1P2PP1P/R2R2K1 w - - 5 28,1.15,6.07,2.963,0.0,target,midgame,train
7k/R7/2P2N1p/8/1r3p2/8/2b2KPP/8 w - - 0 47,1.55,4.49,2.703,0.0,target,endgame,train
8/pp6/2p4p/3kb1p1/1P2Rn2/5P1P/r7/5KN1 w - - 8 46,0.0,-7.62,-11.652,0.0,calm,endgame,val
5k1r/4b1pp/pr2b1q1/1p2QN2/8/PB6/1PP2RPP/3R2K1 b - - 0 24,1.98,3.78,3.73,1.98,ks_real,opening,train
8/pp6/2p4p/3kb1p1/1P2R3/5P1n/r3N3/5K2 w - - 0 47,0.0,-7.49,-12.572,0.0,calm,endgame,train
5rk1/pp4pp/n7/2b5/2N1P3/P1N5/1PP3qP/2KR3R b - - 0 22,-1.42,-4.43,-4.47,0.0,target,midgame,train
1r2kb2/pp1b2p1/2np4/2pN3r/2P1P3/Q2P1pq1/PP1R1R2/2K2B2 w - - 0 24,1.14,-4.3,-5.922,0.0,target,opening,train
1r1qr1k1/1p1b1p2/p1np1bpp/2p4n/2P1BP1P/P1NPP3/1PQN1P2/R2K3R w - - 3 18,-1.19,-4.06,-4.564,0.0,target,opening,train
8/8/3kppp1/3p3p/1p1P1P1P/1Pr1RP2/5K2/8 w - - 0 39,0.0,-3.59,-3.611,0.0,calm,adveg,train
6k1/p4rpp/2p5/8/5P2/1P1QPK2/7q/8 w - - 2 33,-5.17,-5.79,-10.245,0.0,target,endgame,train
2r1k3/1p5r/p3pR2/P6p/1RPPp3/8/6PP/6K1 b - - 0 29,1.5,1.25,0.072,0.0,target,endgame,val
3r2k1/1p1q1pp1/3b1n1p/pP6/P2Q1P2/4PbPP/1B1R3R/5K2 w - - 5 29,-1.36,-2.23,-2.027,0.0,target,midgame,val
7k/5Q2/7b/8/1P6/P6P/5PPK/r7 w - - 3 41,5.24,6.86,13.67,0.0,target,endgame,train
6nk/2R3p1/8/3r2N1/1P1p1P2/8/5KPP/8 b - - 8 40,1.29,3.94,3.998,0.0,target,endgame,train
2kr1br1/Qpp2pnp/3q2pB/p2Pp3/4P1P1/2N4P/PPP5/R3KR2 w Q - 4 17,1.98,3.82,3.154,1.98,ks_real,opening,train
8/1p2kp1p/3p4/P1r2p2/5P2/8/3K4/5N2 b - - 5 47,-1.95,-6.65,-10.357,0.0,target,adveg,train
7k/5R2/5n2/6N1/1P1r1P2/3p4/6PP/4K3 b - - 2 43,2.57,3.94,4.888,0.0,target,endgame,train
7r/p7/1p2ppp1/3p1n2/k2P1P2/2r4P/1R2R1K1/N7 b - - 1 47,-5.2,-7.41,-7.737,0.0,target,endgame,train
3q1k2/6rp/Q2p1ppB/2p4n/4P1P1/1N1P4/1PP4P/5RK1 b - - 0 27,1.12,6.71,8.287,0.0,target,midgame,train
2r4k/pp2pp2/1q1p4/1B1Pb2P/Pnp3p1/R1Nb4/1P1Q2P1/2K2R2 w - - 8 29,-2.11,-0.85,-0.545,0.0,target,midgame,train
r2qr1k1/ppp2ppp/3p1b2/3P1b2/2PQP3/2N2n1P/PP1B1P2/R4KNR w - - 3 18,-1.38,-2.94,-1.553,0.0,target,opening,train
1k2q2r/pp3pQ1/2pb1p2/7p/8/7P/PP2BP1P/4RR1K b - - 7 23,-1.69,3.65,5.1,0.0,target,midgame,train
1r4r1/pp6/1np2kbR/3n4/2pP4/P4NP1/1P3P2/2KBR3 w - - 0 31,2.34,-0.75,1.962,2.34,working,midgame,train
2r2k1r/3b2b1/p1N1qp1p/4p1pQ/3pP2P/3P2B1/PPR2PP1/2R3K1 w - - 1 22,1.26,2.18,2.734,1.26,ks_real,opening,train
r3r1k1/pp3p1p/1q1p2p1/2P1bbP1/1p2Nn2/1N1B1P2/P2Q3P/2R1K1R1 b - - 0 22,-1.48,-5.5,-3.769,0.0,target,opening,train
R7/2R1ppr1/3pknpp/8/P7/4PB2/5PPP/6K1 w - - 3 31,1.38,7.21,9.461,0.0,target,endgame,val
8/8/2k1p1pp/p1p2p2/P1K2P1P/1P2PP2/8/8 b - - 0 38,0.0,0.0,-0.244,0.0,crowded_safe,adveg,val
2rk3r/p2q1ppp/1n1p1b2/Q7/8/P1P2N2/1P3PPP/RN2R1K1 b - - 0 19,1.25,1.56,1.541,0.0,target,opening,val
8/8/6p1/1p3p2/2k4P/3N2P1/p3KP2/8 w - - 0 48,1.22,-2.78,0.247,0.0,target,adveg,train
rnb1kb1r/p1q1pp1p/5np1/2pp4/1P6/2P1PN2/P3BPPP/RNBQK2R w KQkq - 0 8,1.7,0.0,-0.46,0.0,target,opening,train
r1bk3r/3qb2p/p4p2/3pp2N/P7/7P/1PQ2PP1/R1B2RK1 w - - 3 19,1.24,0.77,-0.051,0.0,target,opening,train
4r1k1/pp4pp/5p2/3P4/q7/3r1N2/P4PPP/2Q3KR w - - 1 33,-1.16,-5.48,-5.242,0.0,target,midgame,train
1rbnk2r/1p1p3p/p7/3N1p2/6p1/8/PPPR1PPP/2K2B1R w k - 2 18,3.55,3.33,0.357,0.0,target,endgame,train
4r1k1/pp2qpbp/2p2np1/P2p4/1P2rP2/2PQP1P1/B1N4P/1R1KR3 w - - 3 24,-1.26,-2.58,-1.058,0.0,target,opening,train
8/5k2/7p/2p1R1p1/P3p1P1/8/P3KP2/8 b - - 0 39,1.97,8.1,9.61,0.0,target,adveg,train
8/7p/6p1/2p2p2/8/2Q3PP/3pr3/4k2K b - - 9 56,2.79,-2.67,1.468,0.0,target,endgame,train
7R/8/8/1p6/p1n5/2k5/6r1/K7 w - - 6 62,-5.08,-6.13,-13.371,0.0,target,endgame,train
6k1/p4rp1/P3p3/1p5p/2pP1P2/3qPQ2/6R1/7K b - - 3 41,1.02,-3.17,-2.422,1.02,ks_real,endgame,train
1r2k1r1/p3qpbp/1n4p1/Q1p2b2/5N2/4P1P1/PP1P1PBP/R1B1K2R w KQ - 3 17,1.95,2.94,0.395,0.0,target,opening,train
5k2/4n3/2r4p/1Q4p1/PPP5/7P/5PP1/6K1 w - - 1 33,1.78,6.75,12.322,0.0,target,endgame,train
2r3k1/3q2p1/3p4/3Ppp2/1p6/1P1P2P1/4Q3/6KB w - - 1 35,-4.38,-4.81,-5.131,0.0,target,endgame,val
6k1/1p3p1p/p1n1p3/P3P2p/3P2q1/2B3r1/1PKRQ3/8 b - - 1 41,-2.28,-4.03,-7.37,-2.28,ks_phantom,midgame,val
3r2k1/pp4p1/4p3/P4p1Q/1q5P/4P3/3N1Pb1/1B2K1R1 w - - 3 30,-0.36,0.0,1.382,-0.36,crowded_safe,midgame,train
r4rk1/p2n1pp1/7p/1p5q/4QPbb/PP2PB2/4K2P/1RB4R w - - 9 25,-1.8,-4.3,-6.7,0.0,target,opening,val
r4knr/pRN2pp1/2nb1q1p/8/8/B2p1NP1/P2P1PBP/4QRK1 w - - 3 19,1.01,7.68,8.326,0.0,target,opening,train
8/1p6/1pp2kp1/4p3/P1P1K1PP/1P6/8/8 w - - 3 46,0.0,2.48,0.29,0.0,calm,adveg,val
7k/8/3nPp2/2Np4/3P1KP1/7P/8/8 b - - 0 61,0.0,5.09,7.619,0.0,calm,adveg,train
6k1/Q5p1/3p4/1q1Ppp1B/1p6/1r1P2P1/8/6K1 b - - 3 38,2.89,-5.27,-8.654,0.0,target,endgame,train
r5k1/1p5p/3ppr2/pPP1p1NP/2n1P3/8/4KpP1/7R b - - 0 37,0.0,-6.43,-14.593,0.0,calm,endgame,train
r1bq1rk1/1pp2ppp/5P2/p2N4/1bpQ4/8/PPP2PPP/R1B1R1K1 b - - 1 12,2.33,1.81,-2.999,0.0,target,opening,train
rn1q1rk1/p4pp1/4bb1p/1p6/4B3/PP2PP2/2Q4P/1RB1K2R b K - 0 17,-3.66,-4.83,-1.766,0.0,target,opening,train
1rq3k1/5ppp/p7/2p1p1b1/N1P1P3/5P2/P3Q2P/K2R4 w - - 9 33,-1.38,-1.91,-1.528,0.0,target,midgame,val
2r2rk1/p4pbp/p3b1p1/q2N4/P3P1nP/1P3Q2/2P1NPP1/3RR1K1 b - - 12 18,1.04,-2.61,-2.18,0.0,target,opening,train
rnb1kb1r/3pqppp/2p5/pPP5/3Q4/4nNP1/1P2PP1P/RN2KB1R w KQkq - 0 10,-1.26,0.31,-2.159,-1.26,ks_phantom,opening,train
3B4/1k6/3pB3/2pPb2P/2P2p2/8/5PP1/6K1 w - - 1 54,2.01,6.73,10.926,0.0,target,adveg,val
6k1/2p2pp1/3p4/3Pp1bp/4P3/P4P2/2K5/8 b - - 1 40,-1.02,-7.64,-10.052,0.0,target,adveg,train
8/p3kp1N/1p5P/2p1r3/6P1/5P2/PP6/6K1 w - - 0 37,-1.05,-1.65,-0.618,0.0,target,adveg,train
8/8/1pK5/r7/8/8/6k1/3R1q2 w - - 0 91,0.0,-4.01,-11.252,0.0,calm,endgame,train
4kr2/2R4p/1pn2b2/4pp2/4bN2/2B5/PP2KP1P/2R5 w - - 4 26,1.16,3.74,2.659,0.0,target,endgame,train
8/p4p1p/8/Pp5P/1n1k1P2/1Kp5/8/8 w - - 0 48,-2.61,-8.72,-10.714,0.0,target,adveg,train
6k1/8/r3np2/1P6/3P4/2P4R/6PP/6K1 w - - 0 42,1.48,2.37,8.01,0.0,target,endgame,train
R7/ppp2kpp/4b3/3Bp3/2P4r/P1N5/1P3P2/4b1K1 w - - 0 29,-1.07,-0.59,-1.672,0.0,target,endgame,train
4k1r1/3N1p2/p1p1q2p/3n4/P2Pp3/Q3P1B1/1P2B1K1/5R2 b - - 0 33,-0.72,3.65,4.383,-0.72,calm,midgame,train
3q1rk1/3nb1pp/r2p4/3Pp3/8/2Q1PN2/1PP3PP/2KR3R w - - 0 18,-1.38,-4.31,-1.558,0.0,target,midgame,train
6k1/pp4p1/4p3/q4r2/6QP/4P3/5PK1/6R1 w - - 0 36,-1.95,-1.4,-2.846,0.24,target,endgame,val
8/Rpp2kpp/4b3/3Bp3/2P4r/P1N5/1P3P2/4b1K1 b - - 0 29,-2.16,-1.91,-2.082,0.0,target,endgame,train
6r1/2pk3r/2p1pQ2/3p3P/p2P4/1bP5/1P3PP1/4R1K1 b - - 8 45,2.5,4.44,6.125,0.0,target,endgame,train
6kr/3R2b1/3N2r1/2p1p2p/1p6/4B3/PPP2PPP/4R1K1 b - - 2 32,2.67,6.28,8.26,0.0,target,endgame,train
r2qkb1r/1b2np2/6p1/3pP1B1/7p/p2Q2P1/PPP2PBP/1R2K2R b Kkq - 1 15,1.98,-0.65,0.561,1.98,ks_real,opening,val
r1bqkb1r/pp3ppp/3P1n2/8/2N1p3/1Q6/PP2BPPP/R1B2RK1 w kq - 0 15,1.44,3.66,1.705,1.44,working,opening,train
6k1/p1p5/6Pp/2p1P3/4R3/P1Pq4/6P1/7K w - - 1 38,-1.12,-5.75,-6.195,0.0,target,endgame,train
8/8/4k3/pp6/3pPn1p/1P1P1KbP/2B5/8 w - - 4 46,-2.14,-4.41,-7.027,0.0,target,adveg,train
4k3/4n3/p3R1p1/4Kp2/1NpP2pb/2P5/PP3r2/1R1Q4 b - - 4 33,-0.87,6.49,7.882,-0.87,calm,midgame,train
5k2/3p4/2br4/4pp2/4P1N1/5KPp/7P/R7 w - - 0 47,-3.37,-0.14,-1.951,0.0,target,endgame,val
r4r1k/pp3pp1/2N2n1p/P3q3/1PP5/3BP1Pb/5P1P/1R1QK2R b K - 0 18,-1.62,-4.62,0.012,0.0,target,opening,val
2kr1n1r/ppq1ppb1/2ppbnpp/P5N1/1PPP4/2NBP2P/5PP1/R1BQ1RK1 w - - 0 14,1.05,2.46,0.419,0.0,target,opening,train
2Rq2k1/5p2/rp1p3p/3Nn1pB/3QP3/P6P/5PP1/6K1 b - - 1 33,12.55,7.62,-0.355,0.0,target,midgame,train
r2r2k1/1b2qppp/4p3/p3bn2/PpPP2R1/2PQP2P/N5P1/R3B1K1 b - - 0 25,-1.82,-5.98,-5.488,0.0,target,opening,train
8/8/8/2pp1k2/4n2P/1P2PK2/8/2B5 w - - 1 54,0.0,0.28,0.816,0.0,crowded_safe,adveg,train
6k1/6b1/3P3p/2P2R2/3r2PP/4K1P1/8/8 b - - 4 48,-1.4,3.17,3.354,0.0,target,endgame,train
4k3/3N1pp1/1p1P4/pb1P4/5bN1/BP5p/1PK5/8 b - - 0 49,1.18,-2.1,-3.887,0.0,target,endgame,train
8/8/2k3pp/P7/6PP/2p5/2K5/8 b - - 2 54,-1.03,1.54,0.744,0.0,target,adveg,val
3b2R1/3k4/1pp1rp2/p1p2N2/P1P1PP2/1P2K3/2PB4/8 w - - 5 44,1.66,6.87,8.223,0.0,target,endgame,train
r4rk1/ppp2pp1/3p1n1p/4p2b/q1PnP2P/P1QPNPP1/1P4B1/2R1K1NR b K - 0 18,-1.49,-0.53,-0.37,0.0,target,opening,train
6k1/p1b2ppp/Ppp3rr/3p4/3P4/2B1PP1P/1PP5/2R2N1K w - - 1 33,-3.42,-4.87,-5.06,0.0,target,endgame,train
r5k1/5rpb/2pp3p/p3p2P/qpPnP3/Pn1P1P2/1P1Q1NB1/2R1K1NR w - - 2 32,-2.69,-5.54,-1.129,0.0,target,opening,train
r1b2knr/pp1n2bp/2pN1pp1/2qp2B1/P4Q2/2P2N1P/4PPP1/R3KB1R w KQ - 1 14,1.79,-2.24,-1.085,-0.18,target,opening,val
6k1/1R6/4p3/8/1K2p2P/4P3/1P3P2/5b2 b - - 0 36,1.24,6.67,7.756,0.0,target,adveg,train
3k4/8/4rp2/2Rrp3/4P1pp/5P2/3B2PP/1R4K1 w - - 0 42,3.55,6.4,12.559,0.0,target,endgame,val
8/5pp1/p1p1kb2/3n1br1/P7/2P2R2/1K1R1P2/8 w - - 6 31,0.0,-6.73,-12.179,0.0,calm,endgame,train
rq1r1nk1/pp1n1p1p/3p2p1/1Pp5/4P3/P1NBBQ1P/5PP1/2R1R1K1 b - - 1 21,1.08,5.31,5.776,0.0,target,opening,train
8/p2bk3/rp5p/5Pp1/2PNN3/8/4KP2/8 w - - 0 41,1.12,-4.11,-4.538,0.0,target,endgame,train
r3k2r/p5pp/RBp1q3/8/1P6/8/2P3PQ/5RK1 b kq - 0 30,3.96,5.07,6.566,3.96,working,midgame,train
8/pp2n3/4k3/2ppP2p/P4P2/2B1P1K1/P7/8 b - - 1 34,0.0,-1.98,-0.021,0.0,calm,adveg,train
2r3k1/4p2p/3p2p1/3r1p2/7P/P1n1P1P1/5K2/R4B1R b - - 3 30,-1.88,-2.88,-0.898,0.0,target,endgame,train
r4rk1/5qpp/3bb3/3p3n/3Pp1P1/2N1B2P/1P1QNP2/2R3KR b - - 0 30,-3.17,-1.37,-1.119,0.0,target,opening,train
8/8/6pB/5p1p/5P1P/4k3/1r6/5K2 b - - 11 66,-2.53,-5.45,-6.837,0.0,target,adveg,train
3r4/3k1ppp/8/3np3/8/5PP1/3R2KP/r2NR3 b - - 3 41,1.09,-0.48,-0.662,0.0,target,endgame,train
2q2knr/2p5/1pBp1p1p/6p1/4P2Q/4B3/RPP2PPP/6K1 w - - 0 19,3.2,6.75,5.5,0.0,target,midgame,train
rn1qk1nr/pp2bppp/4b3/2pp4/3P1N2/2N1P3/PP3PPP/R1BQKB1R b KQkq - 2 7,1.8,0.51,2.733,1.8,ks_phantom,opening,train
8/8/6pB/5p1p/5P1P/3k4/2r5/5K2 b - - 83 102,-2.39,-3.93,-7.137,0.0,target,adveg,train
6k1/1R6/8/5N2/1p4PP/4K3/8/1r6 b - - 2 54,7.66,5.93,9.371,0.0,target,endgame,train
2Bk4/1p2r2p/3p2p1/8/3n3Q/6P1/P3PP2/6K1 b - - 0 34,1.54,5.9,9.221,0.0,target,endgame,val
1k5r/p2q1pp1/P7/4pP2/4P1Pp/b2rB2P/1p2Q3/1R4K1 b - - 2 40,1.14,-7.09,-8.029,0.0,target,midgame,train
5rk1/pp3ppp/5r2/2p1b3/2P1B3/2qP1QP1/4R3/5N1K w - - 4 34,-2.77,-5.26,-5.727,0.0,target,midgame,val
8/8/8/p4pp1/1p6/1Pk2P2/P7/3K4 b - - 5 76,0.0,-2.91,-2.363,0.0,calm,adveg,train
3r2k1/pp3p1p/2b1p3/8/2P5/P2q1PP1/3P2BP/2R3KR b - - 5 26,-1.69,-8.65,-6.513,0.0,target,endgame,train
rn3rk1/1pq1ppBp/4b1p1/3n4/2B5/PN2PN2/2Q2PPP/R3K2R b KQ - 0 14,1.0,-0.21,3.581,0.0,target,opening,train
8/2k1P3/5P2/2b4p/1p1pK2P/r7/8/1R1B4 b - - 0 47,-3.04,2.83,2.093,0.0,target,endgame,train
6nR/1k4r1/4p3/1P3pB1/2PPpP1P/1Pb1K3/8/8 b - - 0 38,0.0,0.0,-0.044,0.0,crowded_safe,endgame,train
b3kr2/2R4p/1pn3p1/1B2p1N1/p3p3/6PP/PPP2P2/3R2K1 b - - 3 24,0.0,7.76,9.35,0.0,calm,endgame,val
2k5/r3r2p/2N3p1/5p2/2P5/3P1B2/P4PPP/R5K1 w - - 1 33,1.77,6.61,9.495,0.0,target,endgame,train
8/8/7q/8/4p1p1/3kN1N1/5P2/5K2 w - - 18 82,-1.05,-2.8,-9.589,0.0,target,endgame,train
3rr2k/ppp2pp1/4n3/3q4/P7/4P1B1/1PBb1PPP/1Q3K1R b - - 5 21,-1.62,-6.22,-5.879,0.0,target,midgame,train
r1bk2r1/2p2p2/1p1p1n1p/p2P1N2/P1PP2p1/3B2P1/5PKP/R3R3 b - - 3 26,0.87,0.67,1.212,0.87,working,endgame,train
N3kbr1/1p1b1p1p/n1qp1Bp1/1p2p3/PP2P3/7P/2P1BPP1/R2Q1RK1 b - - 0 16,1.45,6.65,5.993,0.0,target,opening,train
2k5/p6p/2pn4/B3rPP1/8/1P1K4/P1P5/6R1 w - - 2 32,-2.36,3.94,5.658,0.0,target,endgame,val
6k1/5pp1/7p/p2b1P2/1p4r1/2n5/2N5/R3NK2 w - - 0 47,-7.11,-6.25,-11.353,0.0,target,endgame,train
8/2p1r2k/1p2q1pp/2p3p1/4P3/2P3QP/8/4R1K1 b - - 1 37,-1.02,-4.06,-4.615,-1.02,ks_real,endgame,val
6k1/1p1b1pp1/p4n1p/2r4P/5P2/2N1N1P1/5K2/1R6 w - - 4 34,-1.23,-3.48,-4.932,0.0,target,endgame,train
2r4r/6Rp/p7/2n5/2N1k1p1/5nB1/P5KP/8 b - - 0 31,3.79,-4.65,-8.348,0.0,target,endgame,train
2b3k1/7r/1p3q2/2ppNP1p/r2P1R2/PN6/6PP/2RQ2K1 w - - 0 29,1.26,5.51,6.347,1.26,working,midgame,train
r2k1b1r/1p4p1/p1qpbpQ1/7B/2p1P3/P1N5/1PP2PPP/1RBR2K1 b - - 2 21,1.75,5.66,6.135,0.0,target,opening,val
1r1q1rk1/5pbp/Q5p1/2ppp3/P3n1b1/2P1nNP1/P3PP1P/RNR2BK1 w - - 0 19,-1.69,-5.42,-2.546,0.0,target,opening,train
8/2pr2k1/4q1pp/1p2P1p1/2p1R3/2P2Q1P/8/6K1 b - - 3 41,-1.38,-4.4,-3.251,-1.38,working,endgame,train
6k1/5pp1/7p/p2brP2/1p1N2P1/2n5/2N5/R4K2 w - - 6 45,-2.15,-5.17,-8.556,0.0,target,endgame,train
r5k1/ppq3p1/2b1p2p/2B4R/2Pp4/1P1PP3/P4bB1/R2Q3K b - - 0 23,-2.88,1.95,0.932,-2.88,working,midgame,train
6r1/8/8/5k1P/p2P4/8/2p4K/2B5 w - - 1 49,0.0,-5.08,-5.007,0.0,calm,adveg,train
8/1ppk3p/p2p2p1/8/6q1/2BP4/PP4P1/4Q2K b - - 2 29,-1.35,2.08,1.716,0.0,target,endgame,val
8/2p5/2P5/6Rp/1n1k1p2/4p2P/3r2P1/2R3K1 b - - 0 43,1.0,-1.36,-1.321,0.0,target,endgame,train
4r1k1/5p1p/2pP2p1/4P3/2Bn1P2/p5PP/1r1N1R2/3K4 b - - 1 29,-1.04,-2.09,-1.973,0.0,target,endgame,train
4N3/4k3/p2p1b1Q/q1pPp3/2P2r1P/1P3P2/PK6/6RR b - - 8 39,0.54,0.0,6.899,0.54,crowded_safe,midgame,train
rnb4r/ppk3bp/5pp1/P1Pnp3/2N3P1/2P1B2P/2P1PP2/R3KB1R b KQ - 4 15,1.26,-3.73,-0.02,1.26,working,midgame,train
8/8/4K1pp/8/6k1/6P1/7P/8 b - - 5 44,0.0,-0.98,0.2,0.0,calm,adveg,val
1k1r4/6pp/2Q2p2/2p5/3Pn3/4P3/P4PPP/6K1 w - - 3 32,7.25,6.19,10.999,0.0,target,endgame,train
8/2p5/2P5/6Rp/1n1k1p2/7P/4pKP1/3rR3 b - - 3 45,0.0,-9.96,-0.119,0.0,calm,endgame,train
b6k/6pp/8/4p3/q1Pp1nPP/PN3P2/1P1Q4/4K3 b - - 0 47,-2.82,-4.6,-7.448,0.0,target,endgame,train
2r3k1/pp2ppbp/q5p1/P1PrPb2/1P4P1/R1Q1PN1P/8/2K3R1 b - - 0 25,-2.7,-5.77,-7.48,-2.7,ks_phantom,midgame,val
r1b1r1k1/pppq1pp1/nn3b1p/8/5P2/P1NP1N2/1PQBP1BP/1R1K3R w - - 7 15,-1.07,0.62,-0.058,0.0,target,opening,train
8/8/3k4/p2p1p1p/P2BpK2/7P/5P2/8 w - - 2 45,0.0,3.54,2.501,0.0,calm,adveg,train
6k1/p2p1pp1/P3b3/6p1/6rP/1p6/5K2/3R2N1 w - - 0 41,-1.92,-5.62,-8.462,0.0,target,endgame,val
5rk1/p4pp1/3p3p/qppPb3/4P1r1/PP1R2P1/4P1B1/2QK1N2 b - - 1 29,-1.62,-4.99,-5.708,-1.62,ks_real,midgame,train
r2k1b2/4p3/np2qn2/pNpp1N1p/3P1B2/2P5/PP4PP/R2Q1RK1 w - - 5 21,1.53,6.52,7.68,0.0,target,opening,train
r4rk1/pQ2bpp1/2np3p/q2np2P/2P1P1b1/p2PB3/3N1PP1/R3KB1R w KQ - 0 17,-1.26,-4.79,-4.381,-1.26,ks_real,opening,train
2r5/N1P2pkp/6p1/3B4/P1R4P/3KP1P1/1r6/8 b - - 6 37,-1.69,6.57,8.922,0.0,target,endgame,train
1k1r2n1/1pp3Qp/1b2p1p1/8/2P5/3r1B1P/R4PP1/1R4K1 w - - 0 34,3.24,8.03,11.889,3.24,ks_phantom,midgame,train
8/5p2/pp2nP2/4k3/2P1B3/P3KP2/8/8 w - - 7 39,0.0,0.0,2.255,0.0,crowded_safe,adveg,train
8/3PK1R1/1pk1p3/8/3rN3/8/P7/8 w - - 5 54,-1.27,5.07,8.572,0.0,target,endgame,train
r1b2rk1/ppp1qppp/2n5/3p4/3P4/2PBPN2/P1PQ2PP/2KR3R w - - 0 12,-1.17,-0.45,0.35,0.0,target,opening,train
r2q1rk1/1Bp1bppp/pp2p3/4P3/1n6/1QN1P3/PP3PPP/R1B1K2R b KQ - 0 13,-1.44,0.18,3.664,-1.44,ks_phantom,opening,train
r2qkb1r/1p1n1p2/2p1pnpp/p4b2/2NP1B2/3B1N1P/PPP2PP1/R2QR1K1 b kq - 2 12,1.2,1.41,1.287,0.0,target,opening,val
8/8/p1k5/P2pK3/1P6/2P5/8/8 b - - 4 65,0.0,2.31,2.564,0.0,calm,adveg,train
8/8/pp1k1p2/5P2/2P5/PnK2B2/8/8 b - - 6 46,0.0,0.0,0.679,0.0,crowded_safe,adveg,train
2k5/2n5/3R4/P3K3/1P6/8/8/8 b - - 0 74,1.05,5.4,10.409,0.0,target,adveg,train
3qk1r1/1Q3ppp/3Pb3/8/3Rp3/2P5/PK2BP1P/4R3 b - - 2 28,3.96,7.46,12.591,3.96,ks_phantom,midgame,train
2kr3r/ppq1ppb1/2ppnnpp/P7/1PPP4/2NBP2P/5PP1/R1BQ1RK1 w - - 0 15,1.08,3.02,0.557,0.0,target,opening,train
rnbqk2r/4ppbp/1n1p2p1/1p1P4/1Q1N4/N1P3P1/P3PPBP/R1B1R1K1 b kq - 0 15,1.21,2.17,2.367,0.0,target,opening,train
8/8/2p2k2/p4n2/1p3Q1P/5b2/PP6/K7 w - - 0 49,4.85,5.06,9.358,0.0,target,endgame,train
r4rk1/3p3p/pp1Pp1p1/2p5/1n2b2q/RPN1P3/3QB3/2KR4 b - - 3 33,-1.09,-5.83,-5.902,0.0,target,opening,train
8/8/2p1kp2/4p1p1/2NpP1P1/3K4/2P5/8 w - - 8 74,0.0,2.49,0.462,0.0,calm,adveg,train
5k2/7R/8/4bPP1/7P/p2K4/P4P2/8 w - - 5 45,1.4,8.57,12.023,0.0,target,adveg,val
8/5pk1/2p3p1/2RpP2p/Pr1n4/1P2KP2/6PP/1R6 b - - 1 36,-2.21,3.93,4.144,0.0,target,endgame,train
8/8/pB4k1/P3K1p1/5pp1/5b2/5P1P/8 w - - 0 58,0.0,0.0,-4.103,0.0,crowded_safe,adveg,train
8/5k2/p3pp1p/P2p2p1/2rP1P2/2P3Pq/1p1B1K2/1N4R1 b - - 1 43,-1.67,-7.24,-12.072,0.0,target,endgame,val
1n1q1k1r/rBpp2p1/pp2p1Q1/4P1pp/2P5/P1P3P1/4PP1P/R4RK1 w - - 0 16,1.8,1.87,2.745,1.8,working,midgame,train
1k5r/1p1b4/4pp1r/3p4/q4PQ1/3B1R1P/2P1R1PK/8 w - - 0 1,0.0,1.65,-1.214,0.0,sts_guard,midgame,val
1r1r2k1/4pp2/1PR3p1/p2P1n1p/1p1q1Q2/5P1P/2B1RPPK/8 w - - 0 1,-1.26,1.31,-3.271,-1.26,ks_phantom,midgame,train
1r3rk1/qn2n2p/3p1p2/pp1Pp1p1/1N2P3/QP5P/P1R2PP1/2R2NK1 w - - 0 1,0.0,1.44,0.446,0.0,sts_guard,opening,val
1r6/5pk1/Qp1rnqp1/3B3p/1R2P2P/6P1/5PK1/1R6 w - - 0 1,-1.98,0.57,-1.221,-1.98,ks_real,midgame,train
2qb1rk1/1brn1pp1/3p3p/1B1Pp3/4P1P1/R3BN1P/4QP1K/1R6 w - - 0 1,0.0,1.54,-0.327,0.0,sts_guard,opening,train
2r2rk1/4pp2/Qp3qp1/3B3p/3nP3/8/P4PPP/1R1R2K1 b - - 0 1,0.0,-0.55,0.707,0.0,sts_guard,midgame,train
2r3k1/4np2/p3p1p1/1q1r1n1p/1p1P4/PN5R/1P2NPPP/3RQ1K1 b - - 0 1,0.0,-1.58,-0.428,0.0,sts_guard,opening,train
3q4/5ppk/2p1n2p/2n1pN1P/4P3/Q1P2PP1/6BK/8 w - - 0 1,0.0,0.18,-0.502,0.0,sts_guard,endgame,val
3r2k1/6pp/1pq5/p2pR3/3Q4/P5P1/1P3P1P/6K1 w - - 0 1,0.0,0.58,-0.389,0.0,sts_guard,endgame,train
3r3k/p4p1p/b4Prp/1p2R3/1P1p4/6PP/P4PB1/3R2K1 w - - 0 1,0.0,1.83,0.581,0.0,sts_guard,endgame,train
4b3/p2nP1k1/1r2R1p1/q1p5/2Br2P1/1P2QP2/P1P5/4R1K1 b - - 0 1,3.24,0.0,6.4,3.24,ks_phantom,midgame,train
4rk2/4p2p/3p1pp1/1p1P4/1Pq2P1P/P2RQ3/2r3P1/4R1K1 b - - 0 1,0.0,-0.89,-0.016,0.0,sts_guard,midgame,val
5r2/6k1/3p3p/1p1Qbbp1/1PP5/6NP/1q5P/4RB1K w - - 0 1,0.36,-0.18,0.961,0.36,sts_guard,midgame,train
1qr2k1r/pb3pp1/1b2p2p/3nP3/1p6/3B2QN/PP3PPP/R1BR2K1 b - - 0 1,0.0,-0.93,-0.659,0.0,sts_guard,opening,train
1r4k1/3q2pp/2np4/2p1pp2/2P1P3/R1BP1Q1P/5PP1/6K1 b - - 0 1,0.0,-0.26,-0.215,0.0,sts_guard,midgame,train
2qn4/p5k1/1p1Qbpp1/1B1p3p/3P3P/2P5/P4PP1/4N1K1 w - - 0 1,0.0,0.29,0.984,0.0,sts_guard,endgame,train
2r2rk1/2qbnppp/1p2p3/p2pPn2/P5QP/2PB1N2/2PB1PP1/1R2R1K1 w - - 0 1,0.0,1.99,0.819,0.0,sts_guard,opening,train
2r3k1/pp2p1b1/q2pP1p1/3pnrPp/P7/1P5P/2PB1PB1/2RQR1K1 w - - 0 1,-1.44,0.83,-1.03,-1.44,ks_real,opening,val
3bn1k1/1bq1npp1/3p3p/1p1Pp3/1Pp1P3/2P1B1NP/2BN1PPK/Q7 b - - 0 1,0.0,-0.56,-0.177,0.0,sts_guard,midgame,train
3qr1k1/5r1p/p1p1n1p1/Ppp1Q3/4Pp2/1P1P1N1P/2P2RPK/R7 b - - 0 1,0.0,-0.32,-0.777,0.0,sts_guard,midgame,train
3r2k1/2q1rp2/4p1p1/2p1P2p/1p3Q2/1P1bP1PP/P4RBK/2R5 w - - 0 1,0.0,1.02,-0.613,0.0,sts_guard,midgame,val
3rb1k1/2q1b1p1/pp2p3/5p1p/1PP1p3/P3Q1PP/4P1RK/3N1R2 b - - 0 1,0.0,-2.18,-0.702,0.0,sts_guard,midgame,train
4r1k1/p4bpp/1p6/1P6/2PQ4/4rPq1/PR2PRB1/6K1 b - - 0 1,-2.34,-0.74,-2.229,-2.34,sts_guard,midgame,train
4rr1k/2q5/1pnn1b1p/p1p2b2/N1PppPp1/PP1P4/2QBPPBP/3R1RNK b - - 0 1,0.0,-1.9,-0.413,0.0,sts_guard,opening,train
5r2/3br1kp/3q2p1/1pNp4/1P1Pnp2/5B2/2P1R1PP/2Q2RK1 b - - 0 1,0.0,-0.27,0.636,0.0,sts_guard,opening,train
6k1/5p1p/1p1n2pP/1n6/q1rP4/2pQP3/r1N2PP1/BRR3K1 b - - 0 1,0.0,-1.19,0.285,0.0,sts_guard,opening,train
rnb1r1k1/pp2bppp/2p2n2/8/1q1Q1B2/2N2NPP/PP2PPB1/R4RK1 w - - 0 1,0.0,0.73,1.145,0.0,sts_guard,opening,train
r7/4bpkp/4p1p1/pq1nP3/Q2P3P/5PP1/3BNK2/R7 b - - 0 1,0.0,-1.23,1.209,0.0,sts_guard,midgame,train
r3r1k1/p1pp1p2/1pn2n1p/2P3p1/3P4/2P1B1P1/P1Q1qPNP/2RR2K1 b - - 0 1,0.0,-0.98,0.07,0.0,sts_guard,opening,val
r2r2k1/5pp1/2bPp3/p1N4p/1qQ5/2P2P2/BP4PP/1K1R4 b - - 0 1,0.0,-1.42,0.107,0.0,sts_guard,midgame,train
r1r3k1/p4ppp/4p3/3p4/3B3P/6P1/P1q2PB1/R2Q2K1 w - - 0 1,0.0,1.43,-1.731,0.0,sts_guard,midgame,val
r1bq1rk1/1p2bppp/p1n1pn2/2P5/P1B5/2N1PN2/1P3PPP/R1BQ1RK1 w - - 0 1,0.0,0.37,0.787,0.0,sts_guard,opening,train
r1b2k1r/pp3ppp/4p3/1B6/1b6/2q5/P1Q2PPP/R1B2RK1 w - - 0 1,0.0,1.17,-1.39,0.0,sts_guard,opening,train
8/r1q2p1k/1Q1p1p1p/p3pP2/4P1R1/1P5P/2P3PK/8 w - - 0 1,0.0,0.78,3.172,0.0,sts_guard,endgame,train
6k1/ppp1rppp/7q/2Npr3/P4Q2/3B2P1/1PP4P/5RK1 b - - 0 1,0.0,-0.57,-0.421,0.0,sts_guard,midgame,train
6k1/1p3pp1/p1rpq2p/3Q4/P1P2P2/1P6/3R1KPP/8 w - - 0 1,-1.53,0.41,-2.629,-1.53,ks_phantom,endgame,val
5r1r/4k2p/p3qp2/2b1pQ1N/1p1p4/8/PPP3P1/1K2RR2 w - - 0 1,1.98,0.6,1.902,1.98,sts_guard,midgame,train
4rk2/5pp1/p3n2p/1prNR3/2q2P1P/6P1/PP2Q3/1K2R3 w - - 0 1,-1.26,-0.05,-0.76,-1.26,ks_real,midgame,train
4r1k1/3b1pp1/pB6/P2r3p/1q1P1P2/2Q5/1P2p1PP/2R1R2K b - - 0 1,0.0,-0.82,1.384,0.0,sts_guard,midgame,train
1b2r1k1/1bqn1pp1/p1p4p/Pp2p3/1P2B3/2B1PN1P/5PP1/1Q1R2K1 b - - 0 1,0.0,-0.83,-0.052,0.0,sts_guard,midgame,val
1q2rb2/3b1r1k/p1p4p/B3p1p1/1PPpN3/3P1P1P/3QR1P1/4R1K1 w - - 0 1,0.0,0.88,1.61,0.0,sts_guard,opening,train
1r1r3k/p4pp1/3nb2p/2p1q3/8/P1PBPP2/2Q3PP/R1B2RK1 b - - 0 1,0.0,-0.95,0.387,0.0,sts_guard,opening,train
1r4k1/p3pr1p/1qbp1pp1/2p5/2P5/1PN1Q2P/P2R1PP1/3R3K b - - 0 1,0.0,-0.84,-0.374,0.0,sts_guard,midgame,train
2r1n1k1/1p1R1r1p/2q1pp1B/p5p1/6P1/Q1P4P/PP6/1K1R4 b - - 0 1,1.44,-0.16,-3.952,1.44,ks_phantom,midgame,train
2r2r1k/1bqnbppp/p3p3/1p1pP3/3B1P2/P1NB4/1PP2QPP/R4R1K w - - 0 1,0.0,0.93,0.646,0.0,sts_guard,opening,val
2r5/1r2nkp1/p3p2p/1p1b1p1P/8/PP3P2/1KPRB1P1/R5B1 w - - 0 1,0.0,0.78,-0.205,0.0,sts_guard,endgame,train
3b2rk/5pp1/2q2n1p/1p2BP2/7P/2NQ4/1PP5/1K4R1 b - - 0 1,0.0,-0.73,1.917,0.0,sts_guard,midgame,train
3r2k1/1p2bpp1/pNrppnqp/8/1PPBP3/P4Q1P/5PP1/3RR1K1 w - - 0 1,0.0,0.78,1.151,0.0,sts_guard,opening,train
3rr1k1/1q2bp1p/2b3pB/3npP2/1p6/5B2/NPP3PP/3RQR1K w - - 0 1,0.0,-0.15,-0.722,0.0,sts_guard,opening,train
4rk2/2p1rpp1/pbn3bp/1p2P3/PP6/1BP2NNP/5PP1/2R1R1K1 w - - 0 1,0.0,0.99,-0.165,0.0,sts_guard,midgame,train
5r2/5r1k/p2pN1p1/1p1Pn2p/2q1P2b/P4pR1/1PPQ1B1P/1K2R3 w - - 0 1,0.0,0.0,1.669,0.0,sts_guard,opening,train
6k1/1p1n1rbp/r2n1pp1/4p3/4P3/4B1P1/PP2N1BP/R4RK1 w - - 0 1,0.0,0.59,0.848,0.0,sts_guard,midgame,val
1b3rk1/5ppp/2p2rq1/1p1n4/3P2P1/1BPbBP2/1P1N2QP/R3R1K1 w - - 0 1,0.0,0.3,0.8,0.0,sts_guard,opening,train
1r1r2n1/1pb3pk/p1p3bp/4Np2/3P2P1/2N1RB1P/PP3PK1/4R3 w - - 0 1,0.0,0.78,-0.261,0.0,sts_guard,midgame,train
1r4k1/6pp/2b3n1/Nnq1p3/4Pp2/3B2PP/4QP1K/2B1R3 w - - 0 1,0.0,0.24,-1.243,0.0,sts_guard,midgame,train
2k5/1p1nbqpp/pPprp1b1/P1p1p3/2P1P2N/4BP1P/1Q1N2P1/3R2K1 w - - 0 1,1.26,0.76,0.528,1.26,ks_real,midgame,train
2n2rk1/p2b2bp/3p2p1/q1pPp2n/P1P1P3/1QN5/3BBNPP/1R4K1 w - - 0 1,0.0,1.46,0.483,0.0,sts_guard,opening,val
2rq1rk1/1p1npp1p/p2pb1p1/3N4/3QP3/1BP2P2/PP4PP/R4R1K b - - 0 1,0.0,0.0,0.708,0.0,sts_guard,opening,train
2rqr1k1/1b3p1p/pn1p1bpB/2p5/3P4/1P3N1P/P2QBPP1/2RR2K1 b - - 0 1,0.0,0.6,-0.357,0.0,sts_guard,opening,train
3qr2k/p5r1/1pRp1n1b/1P1Pp2p/1P3p1P/2N1nP1Q/1R3BP1/5BK1 w - - 0 1,0.0,0.53,-0.192,0.0,sts_guard,opening,train
3rk2r/1p2bp2/p1n1q2p/3pPbp1/3B4/2P3Q1/BN3PPP/R3R1K1 b k - 0 1,0.0,-0.91,0.13,0.0,sts_guard,opening,train
4r1k1/p4p1p/1p2q1pB/1Q2Pn2/P3B2P/5P2/bR3P2/6K1 w - - 0 1,0.0,0.06,-0.085,0.0,sts_guard,midgame,train
6r1/r2Nbnk1/2R3pp/p4p2/PpB2PP1/1P6/6K1/3R4 w - - 0 1,0.0,0.8,0.658,0.0,sts_guard,endgame,train
1k1r4/4bp2/p1q1pnr1/6B1/NppP3P/6P1/1P3P2/2RQR1K1 w - - 0 1,0.0,1.23,-0.049,0.0,sts_guard,opening,val
1n1rr1k1/1pq2pp1/3b2p1/2p3N1/P1P5/P3B2P/2Q2PP1/R2R2K1 w - - 0 1,0.0,0.61,0.838,0.0,sts_guard,opening,train
1r3b2/3R2pk/6q1/3Q1p2/p6P/4B2P/1P3P1K/8 w - - 0 1,2.76,0.12,5.545,2.76,ks_phantom,midgame,val
2b2q1k/2p4p/1rNn1p2/1p1P4/p3p3/P1P5/1P1Q2PP/1B1R2K1 w - - 0 1,0.0,1.16,0.797,0.0,sts_guard,midgame,train
2r1rbk1/pp2p2p/6p1/n4p2/1NbP4/4PBBP/P4PP1/2RR2K1 w - - 0 1,0.0,0.67,0.89,0.0,sts_guard,midgame,train
2r3k1/p2npp2/p2p1bp1/3P4/1qN1PQ1P/1P2B3/r5P1/1R3R1K b - - 0 1,0.0,0.06,-0.017,0.0,sts_guard,opening,train
2rq1k1r/pp3p2/7p/1BPp1bp1/1P6/P1N1P3/3Q1PPP/2R1K2n w - - 0 1,0.0,0.0,-3.358,0.0,sts_guard,midgame,train
3r1bk1/3q1p2/4bP1p/pp4pP/2pP4/2P3B1/P1Q3P1/4RRK1 w - - 0 1,2.34,0.79,4.921,2.34,ks_phantom,midgame,train
3r2k1/3r1pp1/2QP4/pP5p/1qN5/4R1P1/4PK1P/8 w - - 0 1,0.0,0.15,-0.936,0.0,sts_guard,midgame,val
4k3/p1p3p1/1pbp2qp/n3p3/2P3PB/2PPQ2P/P3P1B1/6K1 w - - 0 1,0.0,0.0,-0.352,0.0,sts_guard,endgame,train
4r1k1/p5b1/P2p1pp1/q1pP3p/2Pn1BbP/2NP2P1/3Q2BK/1R6 w - - 0 1,0.0,0.19,-0.813,0.0,sts_guard,midgame,train
5n2/kbr3p1/5n1p/Pp2pP2/4P1PP/2p5/P1Br4/2RNRNK1 b - - 0 1,0.0,-0.01,0.369,0.0,sts_guard,midgame,train
5rqk/3b2pp/1pnNp3/3r4/6P1/PQ2B1RP/5PK1/3R4 b - - 0 1,0.0,-0.15,-2.066,0.0,sts_guard,opening,train
1k2r3/1p1bP3/2p2p1Q/Ppb5/4Rp1P/2q2N1P/5PB1/6K1 b - - 0 1,-3.06,-1.84,-6.902,-3.06,ks_phantom,midgame,train
1r2rqk1/8/bn1p3p/B1p2p2/p1PnpP2/P3R2Q/1P3NPP/2R2BK1 b - - 0 1,1.62,-0.88,1.446,1.62,ks_real,opening,train
2k2r1r/1b4p1/1nq1p3/1p5p/5P2/1Pp1B1KP/2B1QRP1/R7 w - - 0 1,-2.34,1.28,-4.026,-2.34,ks_phantom,opening,val
2r1b3/p3kpp1/7p/3P4/7P/2p1KPP1/P7/1BR5 w - - 0 1,0.0,0.0,0.354,0.0,sts_guard,endgame,train
2r2k2/p4pp1/b3n2p/8/1pp1P2P/4NPP1/PPB3K1/3R4 w - - 0 1,0.0,0.17,0.418,0.0,sts_guard,endgame,val
3b4/3k1p2/4p1p1/p1rpP1Pp/R4P2/1P3K2/P2B1P2/8 b - - 0 1,0.0,-1.15,-1.519,0.0,sts_guard,endgame,train
3r1k2/4qp1p/6p1/p3p1P1/P2nQ2P/1B1R4/5PK1/8 b - - 0 1,0.0,-1.11,-4.341,0.0,sts_guard,midgame,train
3r2k1/1rq2p2/2bp2pP/p3p2n/4P3/1BN2P2/1PP5/R2RQK2 b - - 0 1,0.0,-1.49,1.018,0.0,sts_guard,opening,train
3R4/6pk/p4p1p/1r1p3P/2pP4/2P1PN2/4bPP1/6K1 w - - 0 1,0.0,0.38,0.531,0.0,sts_guard,endgame,train
3rr3/p1k4p/1p3p1b/2p2p1n/5P2/2P1BR2/PP1N3P/1K2R3 b - - 0 1,0.0,-1.3,-0.09,0.0,sts_guard,endgame,train
4r1k1/2q1p3/2p2pp1/1p1b4/p7/P1Q3R1/1P3PP1/4R1K1 b - - 0 1,1.62,0.37,1.652,1.62,sts_guard,midgame,val
4r3/2R1pk2/3p2pp/2bP1p2/8/1R4P1/5PK1/8 b - - 0 1,0.0,-0.04,0.246,0.0,sts_guard,endgame,train
4rbk1/p2R1p2/2p2p1p/5p2/8/PR2p3/2P3PP/5K2 w - - 0 1,0.0,0.84,-1.073,0.0,sts_guard,endgame,val
1k2r2r/1bq2p2/pn4p1/3pP3/pbpN1P1p/4QN1B/1P4PP/2RR3K b - - 0 1,0.0,-1.4,-2.221,0.0,sts_guard,opening,train
1r1r4/R3pk2/4n1p1/2p2p2/8/4B3/Pn2BPPP/5RK1 b - - 0 1,0.0,-0.9,0.383,0.0,sts_guard,endgame,train
1r6/1q2b1k1/pn1pb3/B1p1p1pp/2P1Pp2/NP3P1P/1R2Q1PN/6K1 b - - 0 1,0.0,-2.19,0.349,0.0,sts_guard,midgame,train
2b5/2p1r2k/1pP2q1p/p2Pp3/4R3/1PN1Q2P/P2KP3/8 w - - 0 1,0.0,2.35,1.677,0.0,sts_guard,midgame,train
2r3k1/p1r1qpb1/1p2p1p1/nR2P3/P2B4/2P5/3NQPP1/R5K1 w - - 0 1,0.0,0.53,0.707,0.0,sts_guard,opening,train
2rr4/Bp3k1p/5pp1/8/2n3b1/P1N5/1PP2PPP/R1R3K1 w - - 0 1,0.0,0.87,1.614,0.0,sts_guard,endgame,train
3r2k1/2q2ppp/p1p1bn2/1p2b1B1/4P3/1PN2B1P/P1Q2PP1/2R4K w - - 0 1,0.0,0.12,-1.175,0.0,sts_guard,midgame,train
3rb1k1/4qpbp/1p2p1p1/1P3n2/Q1P2p2/2N2B1P/6PK/1NR2R2 b - - 0 1,0.0,1.28,0.664,0.0,sts_guard,opening,train
4k2r/1r2np2/2q1p1p1/p2pP3/n1pP1PP1/1pP1NNK1/1P2Q3/R4R2 w k - 0 1,0.0,0.92,-2.04,0.0,sts_guard,opening,val
4r1k1/3q1pp1/3p1n2/rp2nP1p/3B1R2/2N5/2PQ2PP/4R1K1 w - - 0 1,0.0,-0.17,-0.446,0.0,sts_guard,opening,train
5r1k/2p3q1/1p1npr2/pPn1N1pp/P1PN4/R4PPP/4Q1K1/3R4 w - - 0 1,0.0,0.99,-0.798,0.0,sts_guard,opening,train
6k1/3pbpp1/p3p2n/r3P2p/2rBNP2/2P3PP/P3R3/3R3K b - - 0 1,0.0,-0.45,0.706,0.0,sts_guard,endgame,train
8/1q6/3pn1k1/2p1p1p1/2P1P1Pp/1rBP1p1P/2Q2P2/R5K1 b - - 0 1,0.0,-1.37,1.826,0.0,sts_guard,midgame,train
1R3b2/r4pk1/2qpn1p1/P1p1p2p/2P1P2P/5PP1/6K1/1Q1BB3 w - - 0 1,0.0,1.12,-0.97,0.0,sts_guard,midgame,val
1q1rb1k1/5p1p/p3pnpb/P1r5/2B1P3/1P3P2/2R1N1PP/R2NQ2K b - - 0 1,0.0,-0.73,0.024,0.0,sts_guard,opening,train
1r3rk1/1nqb1p1p/p3p1p1/1ppPb3/2P1N3/1P1Q2PP/P2B2BK/1RR5 w - - 0 1,0.0,1.24,-1.39,0.0,sts_guard,opening,train
1rb1r1k1/2q1bp1p/3p1np1/p1nPp3/4P3/1PRB1N1P/3BQPP1/1R3NK1 w - - 0 1,0.0,0.67,0.288,0.0,sts_guard,opening,val
2r1r1k1/1bq1bpp1/pp1pp1n1/2n3P1/2P1PP1p/BPN1QB1P/P1R5/3RN1K1 w - - 0 1,0.0,0.2,-0.039,0.0,sts_guard,opening,train
2r2n2/6k1/1pNBbb2/3p1p2/3P1P2/P4KP1/2R5/4N3 w - - 0 1,0.0,1.08,1.193,0.0,sts_guard,endgame,train
2r3k1/p2q1pp1/2p4p/1p1p1b1n/2PP4/P1QP1PP1/3B3P/4RBK1 b - - 0 1,0.0,-0.57,0.468,0.0,sts_guard,midgame,train
2rr2k1/1p3pp1/p3b2p/3pP2Q/3B4/bqP5/1P1RB1PP/1K3R2 b - - 0 1,-1.8,-1.12,-2.328,-1.8,sts_guard,opening,train
3r1rk1/4q1pp/1pb1p3/p1p1P3/P3pP2/1P2P3/4Q1PP/N2R1RK1 b - - 0 1,0.0,-1.38,-0.399,0.0,sts_guard,midgame,train
3r3k/p3bppp/4q3/2p1P1Bb/3p4/P6P/1P1Q1PP1/1B2R1K1 w - - 0 1,0.0,0.23,-0.415,0.0,sts_guard,midgame,train
4r1k1/2R3p1/p4qnp/8/2P2p2/1Pn2Q2/5BPP/5N1K b - - 0 1,0.0,-1.15,0.666,0.0,sts_guard,midgame,train
4r3/q4pkp/2p1bnp1/p3p3/PbP1P2P/4NNP1/1RQ2P2/5BK1 b - - 0 1,0.0,-0.92,1.019,0.0,sts_guard,midgame,val
5k2/4rpp1/pp6/4b2p/4N1q1/2NRB1P1/BP3P1P/6K1 b - - 0 1,0.0,-0.62,-0.168,0.0,sts_guard,midgame,train
1b1r4/3rkp2/p3p2p/4q3/P5P1/2RBP3/P1Q4P/1R3K2 b - - 0 1,-1.26,-1.99,-0.198,-1.26,sts_guard,midgame,train
1r3k2/8/R7/4pPP1/P1p5/1nP5/R5P1/3rB1K1 w - - 0 1,0.0,3.95,6.482,0.0,sts_guard,endgame,val
1r6/8/1r5p/p2pk3/4p3/2P4P/RP2B1n1/1RK5 b - - 0 1,0.0,-3.35,-3.883,0.0,sts_guard,endgame,train
2r3k1/1b1n1npp/1pq2p2/8/1P1QP3/6P1/1B1NBP1P/3R2K1 w - - 0 1,0.0,2.42,2.516,0.0,sts_guard,midgame,train
3b2k1/1p1b4/4p2B/1n1p1p2/pN6/P2P4/1PR3PP/7K w - - 0 1,0.0,2.07,2.28,0.0,sts_guard,endgame,train
3r1r2/p5k1/1pnpP2p/6p1/2P3P1/4P3/P1B1K1P1/3R3R w - - 0 1,0.0,2.55,3.031,0.0,sts_guard,endgame,train
3r4/3pkpp1/4p3/2p3q1/6r1/1P6/P5B1/2R1RQK1 b - - 0 1,0.9,-1.66,3.552,0.9,sts_guard,midgame,train
4b2k/1q2bprp/pr6/3pP3/2pP4/P4N2/1P3RPQ/3N1RK1 b - - 0 1,0.0,-1.2,-0.303,0.0,sts_guard,opening,train
4r1k1/R5p1/4b2p/1p2P3/7P/P1nP4/6PK/4R3 w - - 0 1,0.0,0.84,0.326,0.0,sts_guard,endgame,train
5r1k/6p1/p1n1pr1p/2P1p2q/P5RN/4Q2P/5PP1/2R4K w - - 0 1,0.0,0.91,0.024,0.0,sts_guard,midgame,val
6k1/1b3p2/p2q2p1/P2Pp2p/1p2Pb1P/1Br5/Q4PP1/3RN1K1 b - - 0 1,0.0,-1.29,-0.482,0.0,sts_guard,midgame,train
1k1r4/1p3p2/p1bq1p1p/4p3/3r1P1Q/P5P1/1PP1B2P/K2RR3 b - - 0 1,0.0,0.02,-0.078,0.0,sts_guard,midgame,train
1qr1r1k1/5pp1/1p2p2p/1Qbn3b/2R5/3P1NPP/3NPPB1/1R4K1 w - - 0 1,0.0,0.72,-0.883,0.0,sts_guard,opening,train
1r2r1k1/2qn1pb1/3p2pp/p1pP4/PpQ1PP2/1P4PP/1B4B1/3RR1K1 w - - 0 1,0.0,0.52,0.736,0.0,sts_guard,opening,val
1r3rk1/1p3ppp/pN2bn2/P1p5/4P3/2P5/1P2B1PP/R4RK1 w - - 0 1,0.0,0.53,-0.444,0.0,sts_guard,endgame,val
1rb2rk1/2q2pb1/3p1np1/1pnP2Bp/4P3/1pN2PN1/3QB1PP/1RR3K1 w - - 0 1,0.0,-0.66,0.977,0.0,sts_guard,opening,train
2b1r1k1/pp2rppp/2p3q1/3p4/1P1P4/P1N1PP2/5QPP/4RRK1 w - - 0 1,0.0,0.23,-0.037,0.0,sts_guard,midgame,train
2r1r1k1/5npp/3q4/1QpP1p2/1p6/4PP2/1B2R1PP/2R3K1 w - - 0 1,0.0,0.22,-0.592,0.0,sts_guard,midgame,train
2r3k1/4Qp1p/3p2p1/3q4/b1p5/P1b3P1/R3PP1P/1R3BK1 w - - 0 1,0.0,0.63,0.466,0.0,sts_guard,midgame,val
2rrb1k1/1p3pp1/p1p4p/P5q1/2BP4/1P1RPQP1/5P2/3R1K2 w - - 0 1,0.0,0.48,0.961,0.0,sts_guard,midgame,train
3r2k1/1pp1q2p/p5pb/2n1p2r/5PQ1/P1PP3P/1P5K/1BBR1R2 w - - 0 1,-1.26,0.78,-2.601,-1.26,ks_phantom,opening,train
4r1k1/1p1r1ppb/1qpp1n1p/p7/P1PRPN2/2Q2P2/1P4PP/1B1R2K1 b - - 0 1,0.0,0.06,0.957,0.0,sts_guard,opening,train
5k2/4pp1p/r2p2p1/8/6P1/5P2/1R3B1P/2r2BK1 b - - 0 1,0.0,-0.19,0.516,0.0,sts_guard,endgame,train
r1b1kb1r/1p1ppppp/p2q2n1/2pN3Q/8/8/PPPP1PPP/R1B1RBK1 w kq - 0 1,0.0,0.82,-0.058,0.0,sts_guard,opening,train
1k1r1r2/p1p5/Bpnbb3/3p2pp/3P4/P1N1NPP1/1PP4P/2KR1R2 w - - 0 1,0.0,1.03,0.381,0.0,sts_guard,midgame,train
1r2r1k1/pb1n1pp1/1p1p2np/2P1p1q1/P1P1P3/2P2PP1/2QNBB1P/1R1R3K b - - 0 1,0.0,-0.14,0.363,0.0,sts_guard,opening,val
1r3rk1/p1qnppbp/p5p1/2pPP3/2P5/4R2P/PP2Q1P1/1RBN3K b - - 0 1,0.0,0.31,-0.341,0.0,sts_guard,opening,train
2r2r1k/1q1nbpp1/p3p2p/2P1P3/1p1N1B1P/6Q1/PP3PP1/R2R2K1 b - - 0 1,0.0,-0.23,1.337,0.0,sts_guard,opening,train
2r3k1/1p1nqp1p/1P4p1/Q2Pp3/1RbnP3/5P1P/3N2P1/5B1K w - - 0 1,0.0,0.93,-0.817,0.0,sts_guard,midgame,train
2rq1rk1/4ppbp/p5p1/1p1b4/2NP4/P3B3/1P3PPP/1BRQR2K b - - 0 1,0.0,-0.79,3.399,0.0,sts_guard,opening,train
3r1r2/pkp4p/1np1p3/3P4/1b2N3/1P3P2/1B4PP/2R2RK1 b - - 0 1,0.0,-0.76,0.207,0.0,sts_guard,endgame,train
3rr1k1/p4bbp/1p1p4/3p1BPp/P2p1N1P/2P1P1K1/R1P5/3R4 w - - 0 1,0.0,0.13,0.139,0.0,sts_guard,endgame,train
b2r1r2/6bk/p1n2ppp/q2p4/1p2PN2/1B2B1P1/P3QP2/1R1R2K1 w - - 0 1,0.0,0.58,0.635,0.0,sts_guard,opening,train
q1rb2rk/1b3ppp/2n1p2n/p2pP3/B2P1PP1/Bp2RN1P/1RPNQ3/6K1 w - - 0 1,0.0,1.46,0.066,0.0,sts_guard,opening,val
1b1qrr2/1p4pk/1np4p/p3Np1B/Pn1P4/R1N3B1/1Pb2PPP/2Q1R1K1 b - - 0 1,1.98,-0.5,3.384,1.98,ks_phantom,opening,train
1k1r4/5qp1/p1b2n1p/1p2p3/2p1P2P/P1N1P1P1/1PB1Q3/3R2K1 b - - 0 1,0.0,-2.09,-0.553,0.0,sts_guard,midgame,train
1r1q1n2/2p2ppk/p2p3p/P1b1p3/2P1P3/3P1N1P/1R1B1PP1/1Q4K1 b - - 0 1,0.0,-0.63,1.846,0.0,sts_guard,midgame,val
1r3r2/3q2kp/p2p1pp1/2pPp3/4Pn2/P2P1N1P/2Q2PP1/1R2R1K1 w - - 0 1,0.0,0.58,1.296,0.0,sts_guard,midgame,train
1r4r1/4kp1p/3p1p1b/2q1pP2/Bn2P3/2N5/1PPNQ1PP/1K1R4 b - - 0 1,0.0,-0.66,2.066,0.0,sts_guard,midgame,train
1rb2nk1/8/1p1PNbrp/3Pp1pq/p3Pn1P/P2N1PB1/4B3/R2Q1R1K w - - 0 1,-1.26,0.93,-0.666,-1.26,ks_real,opening,train
2r1r1k1/1p1q1bbp/pn3pp1/n2p4/3P1B1P/2NB1N2/PPQ1RPP1/4R1K1 w - - 0 1,0.0,0.59,1.255,0.0,sts_guard,opening,train
2r3k1/pp3pp1/4q2p/4p3/bB2Pn2/P4P2/1P1Q2PP/2R2BK1 w - - 0 1,0.0,0.43,0.199,0.0,sts_guard,midgame,train
2rq1rk1/1p2bpp1/4p3/pP1pP1np/P2P4/R3BP2/3Q2PP/1NR3K1 w - - 0 1,0.0,0.88,0.795,0.0,sts_guard,opening,train
3q4/pp2b1k1/2r5/4p2p/P1RpN3/1P3PP1/1Q2P1K1/8 w - - 0 1,0.0,0.7,0.403,0.0,sts_guard,midgame,train
3r4/5pk1/4rqp1/p2p4/Pb1Q3p/1Pp1P2P/2R1BPP1/3R2K1 b - - 0 1,0.0,-1.08,1.435,0.0,sts_guard,midgame,val
4r1k1/1p5p/1r4p1/2pq1p2/P4P2/3P2Q1/1bP3RP/4R1BK b - - 0 1,0.0,-1.52,-1.101,0.0,sts_guard,midgame,train
4r3/1pn3k1/4p1b1/p1Pp3r/3P2NR/1P3B2/3K2P1/4R3 w - - 0 1,0.0,0.6,0.143,0.0,sts_guard,endgame,train
6k1/p2pp2p/bp4n1/q1r4R/1RP1P3/2P2B2/P2Q2P1/4K3 w - - 0 1,1.8,2.98,4.019,1.8,sts_guard,midgame,train
5r1k/5rp1/p1n1p1qp/2P1p3/P7/4QN1P/5PP1/2R1R2K w - - 0 1,0.0,1.01,0.641,0.0,sts_guard,midgame,train
1q1k2r1/p2bn3/1r3n2/2QPp1Rp/2P4P/2PB1P2/2K1N3/R7 w - - 0 1,3.06,1.04,1.36,3.06,ks_real,opening,val
4r1k1/1pb3p1/p1p3q1/3n4/1P1P4/P3pRP1/4Q1K1/2B2R2 b - - 0 1,-1.98,-1.42,-3.467,-1.98,ks_phantom,midgame,train
3q1r1k/5ppp/1pR1pn2/p7/B1PP4/P3QP1P/5PK1/8 w - - 0 1,0.0,0.41,-2.15,0.0,sts_guard,midgame,val
q5k1/p2p2bp/1p1p2r1/2p1np2/6p1/1PP2PP1/P2PQ1KP/4R1NR b - - 0 1,-1.44,-1.06,-1.836,-1.44,ks_real,midgame,train
1r5r/1p6/p2p2p1/P2P1pkq/1R1Qp3/2P1P1bP/1P2R3/5BK1 b - - 0 1,0.0,-2.71,2.216,0.0,sts_guard,midgame,train
6rk/5q1p/p2p4/P1nP1p2/2B2N1Q/1Pb1pPR1/7P/7K w - - 0 1,1.98,0.99,1.614,1.98,ks_real,midgame,train
r2r2k1/5p1p/6nQ/ppq5/2p1P3/P4P2/1P4PP/R1N2R1K b - - 0 1,0.0,-0.76,-0.102,0.0,sts_guard,midgame,train
8/3k4/2p5/3r4/1PQBp1pq/4P3/P4PpP/6K1 w - - 0 1,0.0,0.46,-0.304,0.0,sts_guard,endgame,val
r3r1k1/2q3p1/p2p1p2/3P2p1/n2B2P1/8/P1PQ3P/K2R1R2 b - - 0 1,0.0,-1.45,0.34,0.0,sts_guard,midgame,val
5b1k/r7/Pq5p/2p5/3p3N/R2Q2P1/5PK1/8 w - - 0 1,1.47,2.44,-0.322,1.47,sts_guard,midgame,train
1kr5/3n4/q3p2p/p2n2p1/PppB1P2/5BP1/1P2Q2P/3R2K1 w - - 0 1,0.0,2.81,-0.069,0.0,sts_guard,midgame,train
1q4k1/5p1p/p1rprnp1/3R4/N1P1P3/1P6/P5PP/3Q1R1K w - - 0 1,0.0,1.02,1.058,0.0,sts_guard,midgame,train
1r2n1rk/pP2q2p/P2p4/4pQ2/2P2p2/5B1P/3R1P1K/3R4 w - - 0 1,-1.62,3.63,-2.049,-1.62,sts_guard,midgame,train
1r4k1/p1rqbp1p/b1p1p1p1/NpP1P3/3PB3/3Q2P1/P4P1P/3RR1K1 w - - 0 1,0.0,1.49,0.761,0.0,sts_guard,opening,train
1rbqnrk1/6bp/pp3np1/2pPp3/P1P1N3/2N1B3/1P2Q1BP/R4R1K w - - 0 1,0.0,1.32,0.331,0.0,sts_guard,opening,train
2b2rk1/2qn1p2/p2p2pp/2pPP3/8/4NN1P/P1Q2PP1/bB2R1K1 w - - 0 1,0.0,1.65,0.136,0.0,sts_guard,midgame,val
2q5/1pb2r1k/p1b3pB/P1Pp3p/3P4/3B1pPP/1R3P1K/2Q5 b - - 0 1,0.54,-0.15,0.699,0.54,sts_guard,midgame,train
2r2rk1/3q3p/p3pbp1/1p1pp3/4P3/2P5/PPN1QPPP/3R1RK1 b - - 0 1,0.0,0.32,0.278,0.0,sts_guard,midgame,train
r2qkb1r/1b1n1ppp/p3pn2/1pp5/3PP3/2NB1N2/PP3PPP/R1BQ1RK1 w kq - 0 1,0.0,0.31,0.771,0.0,sts_guard,opening,train
3Rb3/5ppk/2r1r3/p5Pp/1pN2P1P/1P5q/P4Q2/K2R4 b - - 0 1,0.0,0.0,2.945,0.0,sts_guard,midgame,train
3r1bkr/2q3pp/1p1Npp2/pPn1P3/5B2/1P6/2P2PPP/R2QR1K1 w - - 0 1,0.0,1.77,2.536,0.0,sts_guard,opening,train
4k3/r2bbprp/3p1p1N/2qBpP2/ppP1P1P1/1P1R3P/P7/1KR1Q3 w - - 0 1,0.0,2.07,0.564,0.0,sts_guard,opening,val
4rrk1/p6p/2q2pp1/1p6/2pP1BQP/5N2/P4PP1/2R3K1 w - - 0 1,0.0,1.6,1.248,0.0,sts_guard,midgame,train
