fen,archetype,expected,sf_ks,subj
1B2n1k1/7p/QbP3p1/p2P4/2N1p1q1/1r6/3R1P1K/3R4 w - - 2 48,A1_coord,HIGH,-14.36,W
8/8/7k/1Pp2Q2/2P4P/P2R4/r2nK3/3r4 b - - 10 49,A1_coord,HIGH,14.12,B
6k1/1pprnN2/4p1PQ/1q3p2/p2P4/5PPB/P3P3/1b3K2 b - - 0 31,A1_coord,HIGH,12.14,B
3r1rk1/pR4pp/3p1B2/2pNnP2/4PQ2/q6P/6PK/5b2 b - - 0 33,A1_coord,HIGH,11.59,B
5rk1/pp1r2p1/q1p1b3/n6Q/2p1B3/2b3P1/PP1B3P/R4R1K b - - 1 28,A1_coord,HIGH,11.55,B
3r1k2/p5pp/2P3r1/3ppp2/NR3n2/P2PBq2/5N2/4QK2 w - - 1 39,A1_coord,HIGH,-11.15,W
r1b2k1r/pp4pp/nq6/1BbpNp1Q/3NnB2/8/PPP2PPP/R4RK1 b - - 4 14,A1_coord,HIGH,10.81,B
2kr1br1/1p2nppp/2n4q/1R2B3/Q1R5/P4N1P/4BPP1/6K1 b - - 0 21,A1_coord,HIGH,10.77,B
rn1q2nr/1b1p2p1/p2P1kNp/2p1N1b1/1p6/6P1/PPP2P1P/R1BQK2R b KQ - 3 14,A1_coord,HIGH,9.92,B
4r1k1/Np3p1p/6p1/5P2/3r4/1P2nN1q/P1p1QP1P/2R3K1 w - - 0 33,A1_coord,HIGH,-9.53,W
8/R7/4r1k1/8/2P3np/1P4p1/P5P1/5K2 w - - 2 46,A1_coord,HIGH,-9.19,W
1rr2bk1/q4p1p/4b1p1/4pnP1/7P/1NpB1P2/P4R2/QKN1R3 w - - 4 46,A1_coord,HIGH,-9.1,W
3Q4/qr3ppk/4p3/1r5p/6PP/P3nP2/1N6/1KR4R w - - 4 39,A1_coord,HIGH,-9.08,W
1k6/q1b1r1p1/2Q1p1p1/B1Rn3p/PP2Nr1P/3P4/5PP1/6K1 b - - 4 30,A1_coord,HIGH,8.89,B
1qr2k1r/3Q4/p3p3/1p6/4P3/P1P3R1/2P1NPPn/4K3 w - - 2 39,A1_coord,HIGH,8.61,B
8/p5k1/5bp1/1P2q3/1P2P3/PR6/1N1rn3/1K3Q2 w - - 5 88,A1_coord,HIGH,-8.46,W
5k2/2q1n3/1p6/8/8/1Q5P/5PP1/R5K1 b - - 13 56,A2_openstorm,HIGH,7.27,B
8/6pk/7p/8/5q1P/1p2pbp1/1P1R2R1/4Q2K w - - 0 45,A2_openstorm,HIGH,-5.76,W
8/1p3k2/3P2r1/2P1n3/1P1B4/7P/4qP1K/Q7 w - - 8 53,A2_openstorm,HIGH,-5.58,W
4n1k1/p4ppp/1p2pb2/3q4/P2N4/3QPPB1/3K1PRP/2r5 b - - 1 28,A2_openstorm,HIGH,-4.95,W
r2qk1r1/ppp1n3/n5b1/4Q3/4pB2/2N5/PP3PPP/R3K1NR b KQ - 4 14,A2_openstorm,HIGH,4.0,B
8/1R6/6r1/4pnk1/5p2/7Q/8/1K6 w - - 5 74,A2_openstorm,HIGH,3.69,B
4k3/2R5/4p2p/pp2P1pP/8/1r4PK/1P6/8 w - - 8 65,A2_openstorm,HIGH,3.43,B
8/4r1k1/4q1Pp/1Q6/P4P2/3P2P1/7K/8 b - - 0 63,A2_openstorm,HIGH,-3.39,W
r6k/1Rp5/P3p2p/4b1p1/2B2q2/P6P/4QP2/6K1 w - - 1 33,A2_openstorm,HIGH,-3.38,W
rr4k1/2q1npbp/4p1p1/p1np4/4PP2/QP1PB1PP/P5B1/1K1R3R w - - 0 24,A2_openstorm,HIGH,-3.18,W
r3r1k1/1pp2p2/1p3n1p/4p1p1/PP1PP3/1BP2q2/2Q2P1P/R3RK2 w - - 0 23,A2_openstorm,HIGH,-3.08,W
4kb2/1r1r4/pp2pqpp/2p1n3/Q1P1N3/P3P3/1B3PPP/1R3RK1 b - - 1 21,A2_openstorm,HIGH,2.89,B
2r1r2k/5p1P/1p4pR/1P1p2P1/p2P1n2/P7/5P2/4R1K1 w - - 5 53,A5_weak,HIGH,-3.08,W
1r1q3k/1BQ5/3P2p1/1p3p1p/P6P/4PKP1/P4P2/8 b - - 0 42,A5_weak,HIGH,2.11,B
4r1k1/p4ppp/1p2q3/8/3p4/PQ4P1/1N3PKP/2R5 w - - 1 32,A5_weak,HIGH,-1.79,W
4r3/1k1n1qp1/p2Q4/1pp5/7P/3N1PN1/PPP3P1/6K1 b - - 0 30,A5_weak,HIGH,1.35,B
2r2r1k/4np1P/1p3qpQ/p2p4/1P1P4/P5P1/5P2/3R2KR b - - 0 35,A5_weak,HIGH,-1.24,W
r1bnn1k1/1p3p2/p5pr/8/2P4p/BN3B1P/P1P2PP1/4R1K1 w - - 0 32,A5_weak,HIGH,0.93,B
6k1/p1q2ppp/2p1r3/3n3r/3B4/5P1P/P1P3P1/Q2R1RK1 w - - 1 24,A5_weak,HIGH,-0.92,W
r5k1/pb3pp1/1p1R1n1p/P1p4q/2B5/1QN1rP2/1P4PP/3R2K1 w - - 1 24,A5_weak,HIGH,-0.9,W
3q1rk1/3bp1np/3p1ppB/8/2r1N1P1/5N1P/PQ2PP2/5K1R w - - 0 25,A5_weak,HIGH,0.84,B
3r1r1k/p2b1pp1/1p6/7p/2Pp2qP/3BP2R/PBQP1PP1/2R2K2 b - - 1 21,A5_weak,HIGH,-0.8,W
3r1r1k/Q5p1/4q2p/1pp1p1bP/3n4/3PNPR1/PP2P3/2RNK3 b - - 2 28,A3_uncastled,HIGH,-2.42,W
2r1k2r/2nqp1bp/1p1p1pp1/1p6/1P6/P7/1B3PPP/2RQRBK1 w k - 0 25,A3_uncastled,HIGH,1.8,B
2rk1b1r/5Rp1/1p2p3/pnqp3B/2pN4/2P3P1/3PQ2P/R1B3K1 w - - 2 25,A3_uncastled,HIGH,1.53,B
1rbqk2r/pp2bp2/2np1np1/3Np3/2PNP3/4B1P1/PP4BP/2RQ1RK1 b k - 1 14,A3_uncastled,HIGH,0.92,B
r3k2r/1pp2pp1/p2p1q1p/3Pp3/4P1b1/P1bK1N2/1PP3Q1/R1B2R2 w kq - 0 18,A4_other,HIGH,-1.13,W
r7/1r3pbk/3p2p1/p1q4p/R2NPPnP/2P3P1/Q7/2R3K1 b - - 6 49,A4_other,HIGH,-0.84,W
4r2k/p2q1r1p/1p1p2RB/2pPp2Q/P1PN1P2/1P6/4R2P/7K b - - 0 44,B1_defended_crowd,LOW,0.0,B
1n3rk1/1bq2pp1/1p1bpn1p/pB1pN3/P2P4/1P1QPN2/1B3PPP/2R3K1 b - - 1 21,B1_defended_crowd,LOW,0.21,B
5rk1/4R2p/Pqp2pp1/2Np1b1n/1r6/2Q2PP1/5NKP/R7 w - - 0 32,B1_defended_crowd,LOW,0.27,W
2k4r/1p3p2/p7/2Ppb1N1/3p1nP1/P2P2Q1/1BP1rP1P/R4K1R w - - 1 25,B2_queenless,LOW,0.0,W
8/1B6/5bkp/2P3p1/1N2p3/n1n1B1P1/P2KPP1P/2R4R b - - 0 28,B2_queenless,LOW,0.0,W
r4bnr/p1BB1p1p/b4k2/6p1/8/6K1/PP3PPP/RN1R4 b - - 3 21,B2_queenless,LOW,0.03,B
r7/1p3P2/3b1Nk1/1p1p4/1P1P3p/2P1P1pP/rn1NK1P1/3R1R2 w - - 3 46,B2_queenless,LOW,-0.03,W
2r5/4k3/4b2b/2r4P/PpNp1n2/1P1P1P2/1KR5/3R1B2 b - - 1 49,B2_queenless,LOW,0.11,W
r3k1bR/1p2n1P1/1nqpBpp1/p3p3/P1P1P3/2P3P1/1P3P2/R1B1K1N1 b Qq - 0 21,B2_queenless,LOW,-0.13,B
1k3r2/pp3Nb1/bnp3p1/P6p/3nPpq1/1PN5/1BPQ2B1/1K1R4 b - - 0 35,B3_shelter,LOW,0.0,W
r4rk1/3Rbp1p/4p3/1p1n2p1/3Q4/4PNB1/2p2PPP/1R4K1 w - - 0 25,B3_shelter,LOW,0.0,B
r1bqr1k1/p3bppp/1pn1pn2/2pp4/2P5/PPNBPN1P/1BQP1PP1/R3K2R w KQ - 0 11,B3_shelter,LOW,-0.0,B
b2r2k1/2b2pp1/p6p/p3p3/2N1q3/2N3PP/1P3P2/R1B3K1 w - - 0 32,B3_shelter,LOW,0.0,W
2Nr2k1/1p3pb1/r1n1qn1p/p1p3p1/2P5/P2QBNPP/1P2PPB1/R3K2R w KQ - 1 18,B3_shelter,LOW,0.01,B
rnb2rk1/p1ppqppp/1p2pn2/8/1bPP4/2N2NP1/PPQBPP1P/R3KB1R b KQ - 1 7,B3_shelter,LOW,0.01,B
r1bq1rk1/4bppp/p1n2n2/1p6/3P3P/1QN2N2/PP3PP1/R1B1KB1R w KQ - 0 11,B3_shelter,LOW,-0.03,B
1rb1kbnr/pp3p2/2npp3/2p3q1/2P1P2N/2NP2P1/PP3PBP/R2QK2R w KQk - 0 11,B3_shelter,LOW,-0.04,W
1r2r1k1/p1q2pp1/b2p1n1p/2p1p3/P1P1P3/2PBBPQ1/6PP/R2R2K1 b - - 1 21,B3_shelter,LOW,0.04,B
1rbqr1k1/3n1pp1/pp2p2p/2b5/2P1P3/1P3N1P/PBQ1NPP1/R3R1K1 w - - 0 18,B3_shelter,LOW,0.05,W
r1bq1rk1/pp2bp1p/2n5/2pp2p1/3P1Bn1/5NP1/PP1NPPBP/R2Q1RK1 w - - 0 11,B3_shelter,LOW,0.06,W
2rq1rk1/pp1nbp1p/4pnp1/3p2N1/3B3P/P1N1P1P1/1PQ2P2/R4K1R w - - 1 18,B3_shelter,LOW,0.06,B
2r1r1k1/p7/n1bB2p1/1p1p4/3P2pQ/2P5/5R2/q4BK1 b - - 1 39,B4_calm,LOW,0.0,B
4rqk1/3r1p2/bpnp1B2/p1p2PPp/PnP1P2P/1P6/5RB1/3Q2K1 b - - 1 42,B4_calm,LOW,0.0,B
1r3k1r/1p3p2/4q2p/2p5/7Q/2N3P1/4PPB1/3R1RK1 b - - 6 35,B4_calm,LOW,0.0,B
r2q2k1/1p4pN/2p3B1/2Pb2b1/p2PN1n1/PP3QP1/1B6/R3R1K1 b - - 1 28,B4_calm,LOW,0.0,B
b5kr/P4p2/1QnrnP2/1B2p2p/1p5P/6P1/1P3P2/2R1NK2 b - - 5 42,B4_calm,LOW,0.01,B
rnb1k2r/ppp1qppp/8/3p4/1b1Pn3/2NQ1N2/PPP2PPP/R1B1KB1R w KQkq - 4 8,B4_calm,LOW,-0.03,W
r1b2rk1/2p5/1p1q2pb/p2P1pNp/2P1p2P/1P2Q1P1/P3PPB1/2RR1K2 b - - 4 21,B4_calm,LOW,0.05,B
3q2k1/1p1r3p/p3p1P1/1b2P3/3BQ1P1/1P5B/r6P/3R2K1 b - - 0 35,B4_calm,LOW,-0.11,W
1r2k2r/3q1ppp/1Qbb4/2pp4/5B2/3P1NP1/PP2PP1P/R3K2R w KQk - 9 18,B4_calm,LOW,-0.13,B
6rk/1Q5p/3n1nqb/3P4/P1P2pN1/2N2P1b/1P2R1B1/R5K1 b - - 1 42,B4_calm,LOW,-0.14,W
r3kb1r/pp1n2pp/2p2q2/4p1Nb/PnP3P1/3B1N2/1P1PQP2/R1B2RK1 b kq - 0 14,B4_calm,LOW,-0.15,B
r1b2rk1/ppq1ppbp/1n4p1/3P4/1Q4n1/2N4N/PP2BPPP/1RB1K2R b K - 14 14,B4_calm,LOW,0.15,W
2r1r1k1/p7/n1bB2p1/1p1p4/3P2pQ/2P5/5R2/q4BK1 b - - 1 39,B1_overread,LOW,0.0,?
4rqk1/3r1p2/bpnp1B2/p1p2PPp/PnP1P2P/1P6/5RB1/3Q2K1 b - - 1 42,B1_overread,LOW,0.0,?
r3r1k1/5p1p/p1pp1q2/1pb1n1p1/2P1Q2P/P3P1P1/1P2NPK1/R1B4R b - - 0 21,B1_overread,LOW,-0.32,?
3qk2r/1r2bp1p/6pQ/p2n1N2/Pn6/2N1PbP1/1P1P1P1P/RBB1KR2 w Qk - 4 22,B1_overread,LOW,-0.42,?
6rk/4q1r1/p3bpn1/2p3pp/4P3/2P2N1P/1Q1N1P2/R3RBK1 w - - 0 33,B1_overread,LOW,0.23,?
