fen,sf_best,sf_cp,phase_bucket
8/3k4/7P/2p5/4p3/1P2PP2/4K3/8 w - - 0 43,f3e4,755,adveg
8/1P6/6p1/2K2p1p/5P1P/6k1/8/8 b - - 0 54,g3h4,556,adveg
8/7k/5p2/P4p2/1P5p/4PP2/2P2KP1/8 w - - 0 44,f3f4,849,adveg
8/1pp1k3/3p1p2/p1nP2Pp/P1P1P3/2N5/8/3K4 b - - 0 42,f6g5,-512,adveg
8/5ppp/1p6/p1p1k1P1/4P3/1P3K2/8/8 b - - 1 50,g7g6,-647,adveg
8/4R1p1/4p1k1/ppK1P2p/1r3P2/8/8/8 b - - 5 49,b4f4,-397,adveg
8/p1k2pp1/8/1p5p/5P1P/P2KP1P1/8/8 w - - 0 35,e3e4,-336,adveg
8/8/8/1KB4p/6kP/8/8/8 w - - 25 73,c5e7,587,adveg
8/6p1/8/P3k1p1/1K4P1/8/8/8 b - - 0 56,e5f4,471,adveg
8/8/3P3k/Pp4p1/5p2/1P6/5PP1/5K2 b - - 0 49,h6g7,792,adveg
8/8/8/2k3p1/4b2p/7P/6P1/5K2 w - - 6 65,f1g1,-646,adveg
5R2/kp6/2p5/2Pp4/8/2PKP3/P7/8 b - - 0 51,b7b6,743,adveg
5k2/8/8/4bP1R/6PP/p7/P3KP2/8 w - - 1 42,h5h6,680,adveg
5k2/8/5P2/4K3/8/8/8/8 w - - 1 89,e5d6,0,adveg
5k2/R4p2/2K5/P4P1p/2p5/2P5/1r4PP/8 w - - 1 36,f5f6,534,adveg
8/5p2/5p2/3kP2p/1p5P/6P1/2K5/8 w - - 0 44,g3g4,-388,adveg
3r4/8/pk3p2/8/3pP2p/1P1K1P1P/P5P1/6R1 w - - 0 33,g2g4,427,adveg
8/6R1/5P1p/1p2K2k/4P3/Pr6/8/8 w - - 1 45,f6f7,666,adveg
8/3kr3/8/P5pR/2P3P1/1P2p2P/4K3/8 b - - 2 43,d7c6,522,adveg
8/5p2/1p6/p3k2P/P1P1P1p1/6K1/8/8 b - - 0 47,e5e4,580,adveg
8/7R/4k1p1/4p3/3bK1PP/p7/P7/8 b - - 2 37,d4f2,431,adveg
8/8/p5p1/2pp1k2/Pp1p4/1P1P2K1/2PN4/8 w - - 3 40,d2f3,458,adveg
8/8/p7/K7/8/4k3/1B6/8 w - - 21 87,a5a6,21,adveg
8/R7/7p/5k2/8/5K2/8/8 b - - 2 66,h6h5,539,adveg
8/8/p3kp1p/3p4/P3pK1p/2B5/5PP1/8 b - - 0 40,d5d4,500,adveg
3k4/5p2/R5p1/8/1P6/3K1P2/P4bP1/8 b - - 0 43,g6g5,628,adveg
8/p1k2ppp/8/1p6/5P1P/P2KP1P1/8/8 b - - 0 34,h7h5,-381,adveg
8/8/3B3k/4p3/4K3/8/8/8 w - - 6 86,e4e5,0,adveg
8/7p/7P/3k1bP1/1R6/2K5/1P6/8 b - - 2 53,d5e5,494,adveg
8/8/2R5/3k3K/8/8/8/8 w - - 63 104,c6c8,261,adveg
2k5/8/2p4P/P5n1/1P1K2P1/4N3/8/8 b - - 0 63,c6c5,538,adveg
8/2k5/4p3/P7/2K5/8/2B5/8 b - - 0 62,c7d6,704,adveg
8/8/4k2p/8/P2B3r/3K4/3N4/8 b - - 0 57,e6d5,-11,adveg
8/P7/2k5/8/3P4/4K2P/8/r7 w - - 2 75,e3f4,-499,adveg
8/1B4p1/5P1p/7P/1k2N3/3n1P2/P7/6K1 b - - 0 36,g7f6,444,adveg
8/2p2pK1/2p1k3/p4p2/3P3P/8/PP3P2/8 b - - 0 33,e6d5,684,adveg
8/4k3/1p4p1/3p3p/1P3p1P/2K1nN2/8/4R3 w - - 2 51,c3d3,416,adveg
8/8/8/p7/P1k5/P6K/8/8 b - - 6 51,c4b3,-532,adveg
8/p1b5/1p2k3/1P3b1p/P1NK1P1P/6P1/8/8 w - - 23 54,c4e3,-384,adveg
8/6p1/8/1K5p/5P1P/6k1/8/8 w - - 0 82,f4f5,-763,adveg
8/1R6/7p/4k3/p2p4/P2P3P/1P4P1/6K1 w - - 0 36,b7d7,867,adveg
5b2/5p2/pp3P2/3k2P1/P6K/1P6/8/8 b - - 1 57,d5e6,-535,adveg
8/2pp2k1/P7/P1PP4/1pP2K1p/1pP4p/p4pP1/8 w - - 0 2,f4g5,-99993,adveg
8/4R3/8/5k2/8/7K/8/8 b - - 38 97,f5f4,326,adveg
2N5/2k3p1/5p1p/p7/2P5/1P6/Rb3PPP/6K1 b - - 2 35,b2d4,647,adveg
8/8/2p2k2/p1P2P2/Kp2P2p/p6p/P6P/8 b - - 1 11,f6e5,0,adveg
8/1pp5/3p1k2/p1nP4/P1P1PKp1/8/4N2p/8 w - - 0 48,e2g3,-594,adveg
8/1r6/5pk1/8/4P3/4K3/8/8 b - - 3 74,b7d7,-635,adveg
8/4P2K/P1kP1pp1/1p2Pp1p/p5Pp/7P/2P5/8 b - - 0 2,c6c5,1075,adveg
8/8/5k2/R5p1/4K3/8/8/8 b - - 0 72,g5g4,472,adveg
8/8/8/8/5k2/1R6/8/4K3 w - - 65 102,e1d2,259,adveg
4k3/3b2pp/5p2/2pP4/4P3/1P3P2/P3BKPP/8 b - - 2 36,e8e7,544,adveg
8/p3k3/4p3/1B2K2p/P5pP/6P1/8/8 w - - 11 58,b5d3,672,adveg
8/6k1/1p6/1Pp2PpP/2p5/1P3P2/2p3K1/8 w - - 0 3,b3c4,-686,adveg
8/8/3kp3/R7/8/5K2/5P2/8 b - - 2 49,e6e5,636,adveg
8/7k/8/6P1/8/6K1/8/8 b - - 22 86,h7h8,2,adveg
6k1/5p2/8/6K1/8/8/8/4r3 b - - 11 73,g8g7,-622,adveg
8/4k2p/8/2P2PPp/3KP3/8/r7/8 b - - 0 46,h5h4,-516,adveg
3k4/1r6/8/3K4/8/8/8/8 b - - 1 89,b7d7,-434,adveg
6k1/1p4pp/5p2/1PB1p3/2n1P1PP/3r4/P5K1/8 b - - 0 35,d3d2,-641,adveg
8/6k1/8/6PK/8/8/8/8 w - - 27 89,h5g4,0,adveg
8/3k4/4p1p1/p1p1Pp1p/P4P1P/1P2KP2/8/8 b - - 20 59,d7c7,0,adveg
6k1/p7/5p1p/2p1P1p1/P5P1/2K4P/8/5b2 b - - 0 42,f6e5,-787,adveg
8/8/8/2pK2k1/2P5/P7/8/8 w - - 3 61,a3a4,838,adveg
8/8/5k2/7p/5ppP/8/8/6K1 w - - 2 67,g1f1,-1155,adveg
2B5/5k2/8/2K1p3/4P3/4P3/8/8 w - - 7 62,c5d6,942,adveg
8/1p3k2/2p2P2/8/p5PP/P3r3/1Pb5/7K b - - 0 47,f7f6,-756,adveg
2Q2K2/p2P2p1/P1p1p3/3PP1k1/1P2P3/3p1p1p/8/8 b - - 0 1,g5f4,954,adveg
8/8/8/p6p/P5k1/4p3/4K1p1/8 w - - 0 54,e2e3,-901,adveg
7k/PPpP1p2/q6P/6P1/8/2K1P1pp/7p/8 b - - 1 7,a6c6,-796,adveg
8/1R2bk2/4ppp1/1p6/2p2P2/8/1P3P1P/6K1 b - - 1 34,b5b4,13,adveg
3k4/2R5/1P6/1b3p2/7p/5P1P/8/6K1 w - - 0 59,f3f4,642,adveg
6k1/5p1p/2p4p/P1np4/1p6/r7/8/1K6 w - - 0 42,b1c1,-1000,adveg
4r3/P4p2/2K5/3p1k2/R4Pp1/8/5P2/8 b - - 1 63,e8d8,442,adveg
8/8/8/5k2/7r/7p/5p1K/1R6 w - - 14 77,b1f1,-15,adveg
8/4K3/4p3/1k2p1p1/5q1P/7P/P2pp3/8 w - - 0 13,e7e6,-1213,adveg
5K2/4P2p/1p4q1/8/pp6/8/k7/8 b - - 3 23,g6e6,-1004,adveg
8/8/5k1p/3p2pB/2bNp3/2P5/5KP1/8 w - - 4 48,d4c2,274,adveg
8/6k1/4b2p/1p3ppP/pB6/5PP1/5R2/6K1 b - - 2 58,g7g8,426,adveg
4k3/8/5K1n/6NP/8/8/8/8 w - - 6 53,g5e6,6,adveg
6k1/8/7P/3n1K2/8/5N2/8/8 w - - 3 63,f3g5,0,adveg
8/2p4P/2Pp4/K2Pp3/p3p3/1p3P2/3PPpk1/7q w - - 1 5,a5a6,-1141,adveg
8/8/3k4/8/8/p1n5/3N4/K7 b - - 13 79,d6c5,-9,adveg
8/b5kp/P6r/1P6/2K5/1P6/8/8 b - - 2 56,h6g6,-595,adveg
7Q/4p1P1/K2PP2p/P7/p3pp2/1p3Pp1/P6k/8 w - - 0 2,h8h6,1069,adveg
8/7p/p2p2k1/2p5/2Pp1PN1/3P2KP/Pr6/8 w - - 1 41,g3f3,-476,adveg
8/2k2p2/4pp2/7p/pP2P2P/Pbp3P1/2B2P2/3K4 w - - 6 51,g3g4,511,adveg
4K3/P4P2/1Pp5/P1pp4/4P1pq/8/k2pp3/8 b - - 0 8,h4h5,-663,adveg
Q7/3p4/pP2P1P1/2p2k2/1pp3p1/P7/K3Pp2/8 w - - 0 2,a8f8,721,adveg
8/8/2p5/8/8/pR5p/6bK/k7 b - - 3 57,a3a2,-503,adveg
8/4K3/8/8/Pp1Q4/7p/1P4k1/8 w - - 0 9,d4g4,1201,adveg
4k3/5p2/5p2/p2p4/3P4/5PPb/P3PK1P/1r6 b - - 1 24,b1f1,-704,adveg
8/8/8/4n1pB/8/1K1k4/8/8 w - - 41 75,b3b2,-11,adveg
4r3/4P3/1P1k4/3N4/3K4/6P1/3n4/8 b - - 2 59,d2b3,-256,adveg
3Q4/4Kp2/p1P5/1p3pP1/4p3/7P/1Pk2P1p/8 b - - 0 2,h2h1q,843,adveg
3k4/7R/3P4/3K4/8/8/5r2/8 b - - 13 85,f2d2,0,adveg
8/8/8/1B2kp2/4np2/5K1p/7P/2N5 b - - 27 92,e4g5,101,adveg
8/1P6/1K6/7P/3p2P1/2q5/8/6k1 b - - 13 17,c3b4,-611,adveg
8/6k1/p1Q5/4P3/P7/P4P2/7K/8 b - - 2 6,a6a5,99993,adveg
8/8/6k1/3PB1b1/8/8/4K3/8 b - - 0 53,g6f5,5,adveg
8/2k5/8/3P4/1B6/5K1P/4p3/8 w - - 0 73,f3e2,750,adveg
8/1Pb5/4pk2/5pp1/8/5KP1/8/8 b - - 6 67,g5g4,-629,adveg
8/6K1/3R4/4k3/8/8/8/8 w - - 19 90,d6d8,377,adveg
2R5/8/4kp2/4p3/2pp4/p4P2/Nb2K3/8 b - - 1 61,c4c3,100,adveg
8/8/7P/P1p1k3/5pR1/2Pb2p1/8/4K3 b - - 0 62,d3f5,487,adveg
8/1p3p2/3P1Pk1/2P3B1/8/7P/2b1P3/5K2 b - - 0 46,c2a4,517,adveg
8/3k4/8/4p3/4P1p1/6P1/5K2/R7 b - - 24 63,d7d6,703,adveg
1k6/8/8/8/1PK1N3/8/8/8 w - - 11 100,e4d6,575,adveg
8/n7/P7/1k6/8/K7/8/8 b - - 2 83,a7c6,2,adveg
8/5pkp/R5p1/1p1p4/3Pp3/8/1B3PP1/3n2K1 w - - 2 32,b2c1,438,adveg
8/5k1p/5p1P/2B5/8/4K1p1/r7/8 b - - 1 60,g3g2,-540,adveg
5k2/6R1/8/1p6/1P6/5K2/8/8 b - - 0 94,f8g7,509,adveg
8/8/8/8/4R2p/7k/4K3/8 b - - 0 65,h3g3,440,adveg
8/1p3R2/3k1n1P/p2p4/8/6P1/6K1/8 b - - 5 54,d6e5,468,adveg
5k2/8/8/4Np1p/5P1P/8/5K2/8 w - - 6 51,f2e2,622,adveg
8/8/8/2p3b1/2Bn2P1/p7/Pk4K1/8 b - - 3 66,b2c3,-714,adveg
2kr4/8/8/8/2K5/8/8/8 b - - 29 77,c8b8,-403,adveg
8/8/4P1KP/p4P2/k7/8/8/2r5 w - - 0 64,e6e7,684,adveg
8/5p2/5kp1/8/5P1P/p7/P1BpK3/8 b - - 3 59,d2d1q,504,adveg
8/8/8/4K2p/8/k5P1/3B4/8 b - - 4 101,a3b3,580,adveg
8/8/6k1/3R3p/2p3p1/5p2/2P2K2/8 b - - 1 44,h5h4,456,adveg
2r5/6pk/7p/1pP2p1P/1P6/4PK2/8/8 w - - 3 47,e3e4,-498,adveg
8/8/8/8/5k2/1pR5/1K6/8 w - - 3 69,c3c4,438,adveg
8/8/3b4/8/7p/7P/8/4k2K w - - 40 77,h1g2,-65,adveg
8/2k5/1R5p/p1P3p1/1p1PP1P1/4K2P/P7/8 b - - 1 36,c7d8,877,adveg
r5k1/3b2pp/8/pp4B1/8/P4P2/5KPP/1R6 b - - 1 26,g8f7,-3,endgame
2n5/q6k/6p1/p4p1p/p2Qp2P/6P1/1P1B1P1K/8 w - - 8 45,d4d8,0,endgame
2r5/p3b3/b3p1kp/P1p1Pp2/2Pp1P2/1P1P2P1/1R4K1/2R5 b - - 3 30,c8b8,-274,endgame
7r/8/2k5/4n2P/7R/5P2/5K2/8 b - - 2 57,e5f7,1,endgame
3r2k1/5p2/3P4/2PP4/8/p4PPK/5qB1/4R3 b - - 0 50,f2e1,-833,endgame
8/2r1bk2/1p2p2p/5p1P/3r1P2/5K2/4R3/4N3 w - - 0 47,e2b2,-680,endgame
8/8/5pk1/P7/1P3Pp1/2Pq3P/6QK/2n5 w - - 0 66,g2g4,0,endgame
4k3/1R6/2p1K3/4B2p/p7/P4r2/1P6/8 b - - 0 73,f3b3,585,endgame
8/6p1/p7/1p1k2p1/3P2P1/P7/2r2P1b/R4K2 b - - 1 32,h2d6,-609,endgame
5r1k/R7/2R5/P4p2/2p4P/6P1/4rPK1/8 w - - 0 43,c6c7,492,endgame
6r1/1p2pk1p/3ppbp1/p1r5/P1B1PP2/KP1R3P/6P1/4R3 w - - 1 27,g2g4,-37,endgame
3kn2r/8/1R1p4/p2P1p1p/P2P3K/5rPB/8/2R5 w - - 1 41,c1e1,188,endgame
4k3/1pr3r1/p4R2/P2Pp2p/1RP1p3/6P1/5K1P/8 b - - 0 32,h5h4,165,endgame
8/5k1p/1N1p4/2pP1p2/1p1r4/5KPP/1PP1R3/8 b - - 3 40,b4b3,457,endgame
8/3br1k1/6pp/2R2p2/2P2b2/7P/6B1/r4NRK b - - 5 41,e7e1,-486,endgame
5rk1/3R4/4p3/1p1p2p1/1P1P2Np/4PP1P/1P3KP1/8 w - - 1 49,g4h6,586,endgame
7r/7p/1pB1kpp1/r1b5/3p4/P2P2PP/4PP2/1R2K2R b K - 0 24,e6d6,-4,endgame
2k5/pp4pp/2p2b1n/2P2p2/1P5P/P2rPN2/1r4P1/R4K1R b - - 0 27,h6g4,-694,endgame
4r1k1/1p4pp/p7/1r1p1p2/2nR3P/2P1P3/4R3/5K2 w - - 2 35,f1f2,-674,endgame
r1b5/1pp4p/3p3P/p2Pp3/1nP1k2b/2R2R1P/PP3P2/1K6 w - - 0 29,a2a3,-468,endgame
8/6pp/2p2p2/1p1k4/1R4P1/P2b4/6r1/4K3 w - - 2 48,b4b3,-734,endgame
5rk1/4pp1p/3p2p1/2pP2P1/4B3/Bp1P2P1/r1nR4/5RK1 b - - 0 35,a2a3,-550,endgame
5rk1/pp4pp/1r1n4/3P4/4P3/7P/bP1NR1PK/7R w - - 11 30,b2b3,-248,endgame
8/5pk1/p4np1/b1pn2Bp/3p3P/P5P1/1P1NKPB1/8 b - - 4 37,a5d2,49,endgame
6k1/5p2/7p/1P4p1/P2Q3P/6P1/2q5/4K3 b - - 0 46,c2b3,142,endgame
r4k2/8/4p1p1/3pp3/5P1P/r7/p2R2KP/R7 w - - 0 43,f4e5,-393,endgame
4r3/3q3p/2p1pk1P/4Rpp1/p2P1P2/P5P1/1P1Q4/6K1 b - - 0 43,e8g8,-43,endgame
8/1b1Q3p/1p3kp1/p4p2/PrP5/1P5P/K3B3/6q1 w - - 4 69,d7d8,-300,endgame
3kr2R/4r3/5pP1/3p4/pppP2B1/2n2PK1/2P3P1/7R w - - 0 39,h8e8,256,endgame
2r5/pp6/5k2/6n1/8/P7/1P5P/1K1R4 w - - 0 35,h2h4,-286,endgame
2b4k/1pp4p/3p2p1/P3b3/2PpB3/1r1Pn1P1/7P/R1B2NK1 b - - 2 29,b3b4,-146,endgame
2b1k2r/3pppbp/2p3p1/8/3n1B2/7P/1P2PPP1/3K1BNR b k - 1 20,d7d6,-337,endgame
8/6pk/pp2R3/8/2Br4/8/PP5P/6K1 b - - 0 40,d4c4,17,endgame
5K2/7Q/8/3kq1P1/8/8/8/8 b - - 10 76,e5b8,0,endgame
r2r2k1/5ppp/pp2p3/8/3P1P2/N5N1/PP4bP/3RKR2 b - - 0 22,g2f1,40,endgame
2k1r3/p2n2p1/1pp4p/8/2B2r2/5P2/PPQ2P1P/R5K1 w - - 0 22,c2g6,652,endgame
4Q3/4Rpp1/5qkp/3p4/3P4/4P2P/5PP1/6K1 w - - 1 38,f2f4,701,endgame
r5k1/6p1/1b3p1p/P1p1pP2/3pK3/1P6/3B2PP/1R2R3 b - - 0 34,b6a7,470,endgame
6k1/B1n2p2/2B3r1/3n4/1P5P/P5P1/5P2/2R3K1 b - - 0 40,g6f6,555,endgame
8/5p1p/2p1k1p1/5p2/3Q4/5qPP/3prP2/5RK1 w - - 0 34,d4d8,-423,endgame
r1b5/1p1k4/p3p3/2bn3p/2NP4/8/PP3PPP/2R1R1K1 w - - 0 25,d4c5,564,endgame
r1br1k2/5pp1/2p4p/1p2p1b1/4P3/1BP1P1P1/5R2/1R1NK3 b - - 6 32,a8a7,-381,endgame
3q1k2/4Rp1r/6pp/3PQ3/P7/7P/5PP1/6K1 w - - 2 37,d5d6,745,endgame
6k1/p2p1pp1/P2Rb3/r7/8/8/1p1N1K2/8 b - - 1 44,f7f6,-612,endgame
6R1/8/p7/1p3p1k/1r3n2/3PB3/8/3K4 w - - 2 52,d1c2,-237,endgame
r7/8/p7/8/4R1P1/bP6/P1k1PPK1/8 b - - 0 43,c2b2,-5,endgame
4r3/1p1R4/r1p1pk2/2P2p2/p1P2P1p/P3K3/1P5P/6R1 b - - 3 33,e8e7,98,endgame
1R1bk3/8/3p1p2/B4P2/2Pp3p/1p5P/1P2KPb1/8 b - - 1 40,g2h3,492,endgame
2r5/4kp2/pp1pn3/2p2P2/2PbP3/1P1K4/P2B2R1/7R b - - 0 46,e6f8,376,endgame
8/1p4kp/p3p1p1/3pNb2/3P4/1Pr2N2/6P1/2b2R1K b - - 7 36,h7h5,-504,endgame
5rk1/2p3pp/1p1r4/1ppPpp1P/2n4N/2P1P1P1/P2n1P2/B1RR3K b - - 3 30,d6d5,-499,endgame
3r1k2/5pp1/p6p/P1P2P2/1n4P1/R1R4P/2bn1K2/8 b - - 0 33,d2e4,-589,endgame
1r4k1/6p1/1N1p3r/2p1pb2/2N5/3P2R1/4K3/8 b - - 1 57,f5e6,-513,endgame
3Q4/4r3/4N1k1/3K1p2/7b/4PP2/8/8 w - - 1 68,d8g8,941,endgame
1b3rk1/7p/R7/4pp2/7N/P7/1P3PPP/4K3 b - - 0 36,f5f4,273,endgame
1Rbb2kr/5ppp/1nB1p3/B7/8/4PN2/1P3PPP/6K1 b - - 8 23,d8c7,481,endgame
8/p3pp2/1p3kp1/3P3p/1P5P/P1Nr1bP1/1r3P1R/2R1K3 w - - 1 31,h2h3,-456,endgame
5r2/1p1kp1b1/1p2p1Pp/3pP3/1n1N1P1R/r7/P4K2/1B1R4 b - - 5 34,g7e5,-104,endgame
5k2/6pp/2p5/1p2n3/p3rp2/1R1N3P/2P5/2K5 w - - 0 38,b3b2,-652,endgame
3R4/p1p1k3/1b3p2/4p2p/1P2n2p/7R/5PP1/2B2K2 b - - 0 36,e7d8,37,endgame
r6k/4Q1p1/7p/3pP1BP/2nP4/2P2P2/p5PK/1q6 w - - 1 35,g5f6,-611,endgame
5k2/5ppp/R3p3/8/5P2/8/p1r2P1P/3r1BK1 w - - 1 41,g1g2,-676,endgame
6k1/1p2R3/2p3pr/p7/3r1PKp/P7/1P2R3/8 w - - 4 43,g4g5,536,endgame
r7/p3k3/P1p5/1p2ppp1/1K2N1bp/2P5/5R2/6B1 w - - 0 48,e4g5,-53,endgame
5k2/1pR1pp1p/3p2pb/r7/4PP2/1KR2P2/7P/8 b - - 9 31,h6f4,-178,endgame
r5k1/5p1p/p1p3p1/1P2P1P1/5PBP/3R4/P2NK1R1/q7 b - - 0 30,a6b5,146,endgame
8/5p2/5k2/7p/1pp4P/5q2/1PB3RK/8 w - - 3 51,h2g1,-475,endgame
1kbr4/2p5/1p6/4r2P/1pP1P1P1/4KP2/P2N4/R7 b - - 2 31,e5g5,-207,endgame
8/4pk2/1r2p1p1/R6p/1p5P/6P1/5K2/R7 b - - 0 43,e6e5,377,endgame
8/8/3p1k1p/4n2P/1pP1P1P1/1P2R3/6r1/1K6 b - - 28 65,g2g1,-497,endgame
r3k2r/7p/2R3p1/p1N1bp2/P3p3/4PBP1/5P1P/1R4K1 b - - 2 27,e4f3,437,endgame
2n5/1b1r3p/2p1p1kp/Q1P1Pp2/P7/5BP1/5PK1/8 w - - 3 50,a5b4,518,endgame
5rk1/1R3p1p/p7/2bp4/1N6/1P3P2/b1B3PP/3K4 b - - 4 37,c5f2,375,endgame
7r/5ppp/1p2P3/1Rb3P1/4kN2/P1P1P3/P3KP1P/8 b - - 0 30,f7e6,438,endgame
1r3k1r/2nR1pp1/6np/1p6/pR2p3/2P1B3/PP2BPPP/6K1 b - - 1 24,c7e6,406,endgame
r7/3nkpp1/4p1p1/pp1pP3/5P2/PP2R1PP/3r1N2/2R3K1 b - - 1 28,d2a2,-247,endgame
5k2/1R4pp/3p4/p2Nr3/4p3/P3N1K1/1P6/8 b - - 9 46,h7h6,502,endgame
2rk4/3b4/4p1B1/3r4/1P3P2/P3R3/8/4K3 w - - 5 65,e1e2,-414,endgame
8/3k4/6p1/p2p1p1p/n3p2P/P1P1P1P1/r3PR2/1NK5 w - - 0 41,g3g4,-390,endgame
6k1/5p1p/Q5p1/8/P3q1n1/6P1/5R1P/6K1 w - - 16 40,a6c8,6,endgame
R7/1r4k1/5pP1/1r5P/5PK1/8/8/8 b - - 6 67,b7b8,-308,endgame
8/8/4N1pk/b6n/5P2/4K3/5P2/7R w - - 13 97,f4f5,419,endgame
8/1pr3k1/8/4p1P1/5p2/4B3/2p1K3/4R3 w - - 0 63,e3c1,-70,endgame
6k1/p4p1p/4p3/3p4/3P2P1/P3PPR1/Prr5/3R2K1 w - - 2 28,e3e4,-103,endgame
6k1/8/2b5/2p5/1PP1P1pp/P2P1r2/4K3/2R5 b - - 0 45,h4h3,-400,endgame
8/8/3r4/P2k1pp1/1R1p3p/2pN1P1P/2K3P1/8 w - - 5 60,b4b5,482,endgame
8/pp2Qqk1/8/3p4/2pr4/5BPp/1P3K1P/8 w - - 8 51,e7g5,-275,endgame
8/1r6/1b1k3P/3P1p2/1p3P2/3R2K1/5P2/8 b - - 0 66,b7h7,-448,endgame
8/5Q2/pk1bp3/1p3p2/2p5/5R2/1q6/3KN3 b - - 0 49,d6b4,-251,endgame
7k/4Nppp/p7/bnp1r3/3p1P2/1P1P2P1/2P4P/5K2 w - - 0 38,f4e5,-455,endgame
7r/5p1p/2q4k/5R2/8/6P1/1p3P1P/5RK1 w - - 0 35,f5e5,-549,endgame
8/4R1b1/6pk/p4nN1/5PKp/1P6/5P2/8 w - - 26 83,e7b7,451,endgame
4k3/4b1p1/p1n1p2p/1pp1p3/n7/3rBN2/3N1PPP/R1R2K2 w - - 4 26,f3e1,269,endgame
2r1k2r/R1B1p3/1p4p1/1b3p2/7p/6PB/Pb2PP1P/1R4K1 w k - 0 23,b1b2,393,endgame
8/3k3p/6p1/R2prp2/1KpN4/5P2/6PP/8 b - - 4 44,e5e1,375,endgame
r3k3/p1p5/2p1b3/4p1p1/1b5p/1P1Pq3/PBK5/2R5 w q - 0 32,c2b1,-978,endgame
1R2R3/2P1np2/4bk2/4p2p/8/5p2/5K1P/8 b - - 1 46,h5h4,542,endgame
r2k4/1R2n3/3Nnbp1/p1p1pp2/8/P2PBP1B/4PP2/4K3 w - - 4 27,d6c4,114,endgame
5R2/pp2n1k1/7p/2p4P/3p4/2PP4/PP3QKP/2q5 b - - 4 29,c1g5,448,endgame
2b3k1/br4pp/p3N3/2p1PP1P/2P3R1/4P3/5PK1/8 b - - 4 39,a6a5,-194,endgame
8/8/p7/5r1p/2pk3P/P2b1PK1/8/2R5 w - - 4 41,f3f4,-689,endgame
3k4/5R1R/p2P4/1p6/1P6/6K1/5r2/8 b - - 2 55,f2f7,1276,endgame
4k3/R4p1p/6P1/p7/1p5P/rPb3PK/8/8 b - - 0 48,h7g6,-563,endgame
7R/pp3p1b/3n1k2/3P2p1/8/P5r1/1PP3B1/2KNN3 b - - 5 35,h7g6,328,endgame
1r6/1Pk5/7R/p7/P7/5K2/7p/6b1 w - - 9 114,f3g2,-366,endgame
4Q1K1/8/3p2P1/6p1/3P1qp1/2P1p3/8/3k4 b - - 0 12,e3e2,-523,endgame
rn1R4/p7/1p1Bp1p1/1P6/3Pk1p1/1P3r2/2K5/6R1 b - - 11 37,b8c6,190,endgame
2k5/p4pBb/7p/3p4/Np2n1P1/1P3N1P/4PPK1/8 b - - 0 24,h6h5,476,endgame
2r5/5kp1/1b2pp1p/8/pBprRP1P/P2p2P1/1P1N2K1/2R5 b - - 2 34,d4e4,314,endgame
r6r/1pkb1Bp1/p1n1p3/7P/P7/2N1P3/1P5P/3R1RK1 w - - 1 23,c3e4,124,endgame
8/B3kppp/8/R3P3/8/2r3N1/5PPP/1B2K2R b K - 0 26,c3c1,927,endgame
1Q6/pp2bN2/1k6/5bP1/2pP4/P1N1P3/1PP2P2/R1B1K3 b Q - 0 26,b6a6,1184,endgame
4rk2/2R3pp/8/pp6/Pnb2P2/7P/1P1R2PK/8 b - - 3 33,b4d5,26,endgame
4r3/4kp1R/2pb2p1/2p3P1/P7/4B3/P3KP2/8 b - - 0 30,e8b8,-18,endgame
r3k2r/1p3p2/3p1bpp/p1pP4/2P2P2/N2B2P1/PP3RKP/5R2 b kq - 4 22,e8c8,474,endgame
8/p2k4/3n1n2/5bR1/3P3P/PP2R3/3r4/K7 w - - 7 50,e3e5,-263,endgame
1r2k3/8/1p1p1Rn1/p1pN4/2P1B2p/3P2rP/P4B2/5K2 b - - 4 39,g6e7,542,endgame
3b4/5k2/p2p1p2/P1pP1Pp1/4r1Pp/2B1p2P/4K3/1R1N4 w - - 4 61,b1b8,458,endgame
r7/p3kp1p/1pp1n3/3pP3/R7/2PPB3/P1P3PP/6K1 w - - 11 23,e3b6,306,endgame
8/8/3Bbk2/1pK3p1/p5B1/P4P2/8/3r4 w - - 7 78,d6e5,-462,endgame
4R3/R7/1np2pk1/8/7r/PP3pKP/2P2P2/8 b - - 1 33,h4d4,475,endgame
7r/2k5/ppn1r2p/2p1p1p1/6P1/2P2PN1/P1P3PR/2K1R3 w - - 2 24,e1h1,23,endgame
4Q3/k7/3P4/4pK1P/1P6/8/1p6/3b1B2 w - - 0 4,e8f7,99995,endgame
6Q1/4Q3/1K4p1/2p5/q2p4/2k5/8/8 b - - 4 11,a4b4,279,endgame
8/1k6/2p1p3/R1p1Bp1n/NrP5/1P2bK2/P7/8 b - - 1 45,e3d2,105,endgame
3q2k1/1Qp3pp/1p3p2/3pP3/3P3B/2PK3P/r4P2/7R b - - 0 23,d8d7,24,midgame
3r3k/p4q1p/5ppP/4n3/1p1rN3/6P1/1B2QPB1/4R1K1 b - - 3 36,h8g8,496,midgame
2q5/1p6/1P1rppkp/3p4/3PnQ2/2r3PP/5P2/1RR3K1 w - - 0 37,c1e1,-305,midgame
3qkn2/3r1pp1/4p3/1Q6/2R1N2p/7P/P2R1PP1/6K1 b - - 0 36,f7f6,701,midgame
3r1rk1/4pp1p/6p1/p7/1q1b2Q1/6PP/b1P2PB1/3R1R1K w - - 0 28,g4f4,-519,midgame
3R1bk1/pp4pp/n7/8/2N1P3/P1N5/1PP2rqP/2K1R3 b - - 4 24,g2g5,-504,midgame
4r1k1/p4pp1/5b1p/2Pp4/N1b2qP1/P2pN2P/1B2nPB1/4Q2K b - - 11 30,d3d2,-654,midgame
5k1r/1Q4b1/4p1p1/p2p4/P3N1n1/3PP1Pp/1P3P1P/R1B1K2R w KQ - 3 31,e4g5,1132,midgame
4rbk1/2Q2pp1/6Bp/p2r4/Np1P4/4BN1P/PP3PP1/6K1 b - - 0 28,e8e7,692,midgame
6k1/5pp1/7p/3pPb2/3P3P/1BP1P1P1/qr3R2/2Q1K3 b - - 14 40,a2b1,0,midgame
2q2k1r/p4n1p/1p1p2p1/2nN4/2R1BPP1/1P5P/P2B4/3Q2K1 b - - 0 29,h7h5,532,midgame
6r1/5k2/p3p1r1/1pqp4/P3pP2/4PnP1/4Q2P/3R1K1R b - - 1 38,g8c8,-463,midgame
2q5/1p3pk1/1P1rp1pp/3pN3/3Pn3/2r1Q1PP/5P2/1RR3K1 w - - 0 35,c1c3,14,midgame
5k2/1R1b3r/5p1p/2p1qp2/3p4/3P1BP1/2Q1PP1P/6K1 w - - 2 34,f3c6,429,midgame
4rrk1/pp2bpp1/1q1p3p/2pP4/4P3/PPR1PNP1/4P3/2Q1K2B b - - 0 23,e7f6,-446,midgame
3r2k1/6pp/p1n1q3/1pQ1p3/4pP2/1PP3PP/P6N/2K1R3 b - - 0 27,e5f4,-115,midgame
r5k1/5ppp/4p3/1bB1P1b1/4P3/5P2/2q3PP/4R1QK b - - 17 41,g5d2,-437,midgame
1k1r4/p5pp/QN1rqp2/2p5/3Pn3/4P3/PR3PPP/1R4K1 b - - 0 27,d6b6,710,midgame
rn2k1r1/3b2pp/2p1p3/2N2pB1/1b1P4/pP3B2/P4PPP/R4RK1 w q - 1 21,a1c1,198,midgame
2r3k1/1p3ppp/p5q1/3p4/PP1P4/2Pnr2P/2Q3P1/3R1R1K w - - 0 31,d1d2,-497,midgame
r1brn1k1/1p2b2p/4p1p1/p1P1Np2/3P4/P3QP2/1R4PP/4R1K1 w - - 4 31,c5c6,431,midgame
8/8/5k1p/2PQ4/3P1P1q/p4R1P/P6K/5qr1 w - - 1 65,d5d8,0,midgame
2kr4/pb5p/rPp1pq2/5pp1/1QBP4/P3P3/5PPK/1R3R2 w - - 2 23,c4a6,537,midgame
6r1/7k/4p1pP/p2bP3/5PR1/P3q3/1P6/KQ6 w - - 6 54,b1d1,-417,midgame
1n2r1k1/p4ppp/8/3pN3/N7/1P2K3/P1q2nPP/1R3B1R w - - 1 20,e3d4,-841,midgame
2r3k1/r2b1p2/2p1pBp1/1pNpP2p/pP1q1P2/P4RN1/7K/2Q5 w - - 6 56,g3e2,539,midgame
2k1rb1n/ppp2p2/2np1q1p/8/5NP1/1P2P3/P1P1Q2P/R2NK2R w KQ - 1 19,c2c3,134,midgame
r1b1nk2/1p3p2/pn4pr/3pP2p/1P1N1P2/3B4/PBRN2PP/5RK1 w - - 7 21,d2f3,599,midgame
r1b2rk1/pp5p/6q1/2p1bP2/2P5/P5n1/1P4B1/3K3Q b - - 0 30,g3h1,-983,midgame
2kr3r/1pp2Npp/p7/5b1B/1bP5/4P3/PP3nPP/R1KR4 b - - 3 20,f2d1,-782,midgame
2r1kb1r/5pp1/p2pb3/1p2n2p/3B4/7P/PP3PP1/R2QR1K1 b k - 5 21,e5c6,395,midgame
knn1rq2/7p/P1p1P3/3p1p2/5P2/1P6/1B2Q1PP/3RR1K1 w - - 1 31,b2d4,583,midgame
6r1/1N2Qpbk/4b1pp/7n/p7/5NP1/PP2PPBP/3R2K1 w - - 1 30,e7a3,675,midgame
5rk1/7p/q1p3pb/2Pp4/3Ppn1P/1Q2B3/3NbP2/2K2B1R w - - 0 29,c1c2,-336,midgame
1q2k1n1/2p1n1Br/3pp3/2p3Qp/p1P5/3R2P1/PP2PP1P/R5K1 b - - 6 23,b8a8,332,midgame
1r4k1/1bn1q1pp/3p1b2/B6P/2P2P2/P2QP3/6PR/1R2K3 b - - 4 27,c7a6,-167,midgame
3rk2r/1pp2pp1/2n5/3pbN1p/Q3p3/2P3P1/PP2PP1P/2KR3R w k - 4 19,a4a3,568,midgame
1k3b1r/p4p1p/1q3np1/2N5/QPP5/3r2P1/P4PBP/4R2K w - - 0 23,c5d3,636,midgame
5k2/r4ppp/5q2/8/2B1p3/1P5P/p4rP1/R2R3K b - - 1 44,f6a1,-690,midgame
B5k1/p2b1pp1/1r1P1b1p/2p1p3/P1P3P1/2q4P/2R2P2/R5K1 w - - 0 27,c2c3,-11,midgame
r7/4bpkr/5p1p/1p3P2/p2pN2Q/1B1P3P/PP4P1/1KR5 w - - 0 27,b3d5,707,midgame
4kqr1/1p3p1p/2p1bQp1/p3N3/8/8/PP3PPP/R3R1K1 b - - 7 26,f8e7,592,midgame
2k2b2/pp1bqP2/2n1p2r/6Np/2pP1P1Q/2P3Pp/P6P/R4RK1 w - - 0 26,f4f5,24,midgame
4r1k1/5ppp/1p6/8/5q1P/pP1Q4/r5P1/3R3K w - - 0 35,d3d4,-774,midgame
4r1k1/6p1/2qp1rN1/p3p2Q/4R3/8/1PP2PPP/4B1K1 w - - 7 36,e4g4,402,midgame
5rk1/1p3pp1/p3b1q1/N6p/P7/2PrP3/1P3bP1/R1BQ3K w - - 0 29,d1f3,-811,midgame
3nk2r/R4ppp/1Q1B4/5q2/2P5/2NPPP2/7K/8 b k - 4 30,f5h5,772,midgame
2k1r2r/8/1p4p1/p1q2p1p/3NbB2/2P5/PQ3PPP/R3R1K1 b - - 1 27,g6g5,386,midgame
nk1r4/8/1p1r1n2/P7/3Pp2Q/1R2P2P/6P1/2R3K1 w - - 1 46,h4f4,664,midgame
2r1k1r1/2bb2p1/p3pn2/5PNp/p7/1P3P2/1B1QB1P1/5R1K b - - 0 26,a4b3,560,midgame
5n2/1p1r1kpp/pQn5/2P2r2/3p1B2/6P1/PP2RP1P/6K1 b - - 2 28,f5f6,366,midgame
2rr2k1/p3pp2/4p1p1/1p5p/2q4P/4RPP1/P4P2/Q5KR b - - 0 27,d8d2,-430,midgame
3r1rk1/p2qnpp1/1p6/2b1P1BQ/2P1P3/1Rp3P1/P4P1P/4K1R1 b - - 0 21,c3c2,-778,midgame
2r1k2r/1p3p2/1pnbp1bp/1B1pN1p1/3Pn1P1/1N2P2P/PP1B1P2/2R2RK1 b k - 2 16,d6e5,-58,midgame
r5k1/ppp3pp/8/2Pb1pB1/3p3P/P2q4/1P3P2/R2NR1K1 b - - 2 22,d3f3,-99996,midgame
3r1kr1/1pqnR1bp/6p1/2B5/p1PP1P2/8/PP1Q2PP/4R1K1 b - - 0 31,g7d4,655,midgame
2rk3r/pp1b1p1p/2n1pp2/2p5/4PNN1/8/PPP3PP/2KR1B1R b - - 2 17,d8e7,412,midgame
r3q1k1/1pp2p1p/6p1/p6n/2P2P2/4r2P/P5P1/R1Q2RK1 w - - 0 24,c1b2,-510,midgame
1r4k1/4q2p/1p2p1p1/p7/Q2RPP2/P3r3/7P/5R1K w - - 2 32,a4c6,-43,midgame
1r3rk1/Rp2bpp1/1p1p1n1p/2pN4/4P1b1/2N3P1/1PPB1PBP/2R3K1 b - - 8 19,f6d5,488,midgame
2r2nk1/5p2/Qn3r1p/2p2p2/P7/4PB1P/1P3PP1/3R2K1 b - - 0 30,c8b8,498,midgame
r3kb1r/2B2p2/p2pbn2/2p1p1p1/2N1P3/N4PPp/PPP4P/3R1RK1 b kq - 1 22,g5g4,96,midgame
3r2k1/5pbp/1Q3np1/p3p3/1pP5/4PqP1/3r1P1P/BR2KR2 w - - 2 30,b6d8,-890,midgame
5rk1/1p2p3/2q1b1pp/5p2/2PQpBn1/6P1/PP2PPBP/2R3K1 b - - 0 23,g6g5,168,midgame
2nq1k2/8/QP2p1p1/3p4/1p1P1P1r/2p1P2p/2P4P/1NR3K1 w - - 1 36,a6a8,97,midgame
4r1k1/pp3pp1/7p/2p1rq2/P1P3n1/1P1p1BP1/3N3P/1RQ3K1 b - - 5 28,e5e2,-722,midgame
8/1p3qkp/3Q4/3P2p1/p4p2/4bB2/1r6/5R1K w - - 0 52,d6d8,-275,midgame
r4rk1/1p3ppp/1p1p4/2p2Q2/3q4/5P2/PPP3PP/1R3K1R b - - 4 20,f8e8,-372,midgame
1r6/4R2p/2q4k/5q2/8/6P1/5P1P/4R1K1 w - - 2 38,e7c7,-99992,midgame
5kr1/Q3R3/2n2p1p/1pp2N2/8/1P4P1/5P1P/3q1BK1 w - - 5 28,a7c5,902,midgame
3r1rk1/2p2pp1/1p2p2p/4P2P/2P1RR2/5BP1/p4P1K/q7 b - - 1 33,a1c1,-817,midgame
3k4/1pr2p2/p2p4/q1p1pB2/2P1P1Qb/P2P4/1P3PK1/1R6 b - - 1 31,h4f6,416,midgame
rq4k1/3R2p1/5p2/pp2r3/8/P3PQ1P/1P3PP1/3R2K1 w - - 0 33,d7g7,941,midgame
r1bk3r/p4pp1/1ppbpn2/7p/2P1P3/P1N3P1/1P2BP1P/R1B1K2R w KQ - 0 12,h2h4,-4,midgame
r4rk1/p3bppp/b3pn2/8/2NB4/P3PN2/5PPP/R3K2R w KQ - 1 18,c4a5,-265,midgame
1k1r4/pp1n4/5rp1/1Pp1p2p/q1N1P2P/P1PP1p1Q/4RPP1/1R4K1 w - - 0 29,g2f3,233,midgame
3r1rk1/pp4pp/6q1/4Qp2/1P2bR2/2P3P1/7P/5RK1 w - - 1 28,c3c4,-495,midgame
r2r4/pp2kppp/2b1p3/2n1P3/2B3n1/2N2N2/PP4PP/R1K4R w - - 8 19,h1e1,-388,midgame
r2q1rk1/p4pbp/3pp1p1/2p5/2P1R3/NNB3P1/PP2PP1P/4K2R b K - 0 20,g7c3,-420,midgame
Bn3rk1/p3pp1p/1p4p1/q7/3b4/2N3P1/PPQ2P1P/R4RK1 b - - 2 16,f8c8,494,midgame
2r1k2r/1p1b1p2/p3p1pp/3pq3/P2N3P/1PP2B2/5PP1/3R2KR w k - 4 27,h4h5,-588,midgame
4r1k1/1pp2ppp/p1b1r3/2qp4/3n3P/2NB1PN1/3Q2P1/5K1R w - - 1 27,c3d1,-690,midgame
5r1k/5rpp/3pp3/8/2P3N1/Pq3NbP/3Q2P1/5RK1 b - - 3 35,b3c4,-459,midgame
2k2b1r/pp1r1pp1/3p4/7p/2B1nB2/5N1P/PQP2PP1/1R4K1 w - - 0 20,c4d5,768,midgame
1r4k1/pp4pp/2n1p3/1Q2P1q1/P5R1/2P2P2/1P1r2PP/4R1K1 b - - 2 23,g5e7,-364,midgame
6Q1/pp3p1p/2k1bP2/3p4/3Pp3/4P2P/q1r1BP2/4RK1R w - - 2 29,g8e8,426,midgame
r1b5/1pp3kB/p2b4/5pN1/P4PnR/1n4P1/RPr5/1N4K1 b - - 7 27,d6c5,-717,midgame
rn2kbnr/pp2pp1p/6p1/3p4/3P1P2/1PN4P/1PP3P1/R1B1KB1R b KQkq - 1 10,g8f6,64,midgame
1rbr3k/Rn4p1/1pBp3p/3Npp2/1P6/2B1PP2/6KP/3R4 b - - 1 34,b7c5,468,midgame
1q2r1k1/5pp1/1Bb2b1p/1R6/2P5/1N1p1P1P/p5P1/5QK1 w - - 3 36,b5b4,-662,midgame
3k1b1r/pp4pp/4pp2/1qp5/8/1P2B1P1/P1Q2KB1/1R6 b - - 1 22,f8d6,263,midgame
2r5/4q3/k2rpp2/pp6/4P1P1/b1P1Q2P/P1R2P2/1K5R w - - 8 35,c2d2,-411,midgame
r5k1/pp1n3p/3p2p1/3Pp3/2R1B3/6Nq/PP3P1r/4R1K1 b - - 0 24,h2f2,-653,midgame
4rknr/1p4bp/p1np4/3NpNB1/8/2P4P/PP3PP1/R3R1K1 w - - 0 24,d5c7,498,midgame
r4k1r/1p1b2p1/p2b1p1p/3pnn1P/P7/1N6/1PPB1P2/1K1R1Q1B w - - 0 21,h1d5,477,midgame
5k2/p3r3/P1pqpppr/7p/3PQ2P/5NPB/1R3P2/6K1 w - - 0 49,b2b7,430,midgame
r3n1k1/2q2pbp/3p2p1/1p1P4/p7/P1p2NPP/RP3PB1/2B2K1R w - - 2 23,b2c3,-449,midgame
r5k1/5p1p/r2p2p1/3Pp3/P1Q1Pn1P/3PqP2/R3B2R/4K3 b - - 0 30,a6a5,-632,midgame
r2qr3/pp4p1/n4nkp/P3R3/8/2BP3P/1PP2PP1/RQ4K1 w - - 1 22,b1e1,-33,midgame
5rk1/6p1/pp3pr1/3pp1Bp/P1n1b1qP/P1P2N2/R3PPB1/2Q2K2 w - - 2 28,a4a5,-712,midgame
r1bB1rk1/5p1p/1p4pb/p2P4/2n5/2N2N1P/PP3PP1/1K1R3R b - - 0 18,c8f5,-445,midgame
rn3rk1/pp3p2/2pPp1pb/8/2N5/1q2PNpP/1B2K1B1/2R4R w - - 0 20,f3d2,-374,midgame
1q1r2k1/p1pP1p2/2B3pp/1P2Q3/P7/4R3/5P2/5K2 w - - 2 46,e5f6,758,midgame
4r2k/1p4p1/2p1n3/7r/p3p3/P1Q5/R5N1/B5K1 b - - 7 60,c6c5,383,midgame
2q1k1r1/5p2/ppnpp2p/2pNb2n/Q1P5/3PPRP1/PP1B3P/1R4K1 w - - 0 22,a4a6,218,midgame
1r3r2/1b2ppkp/p1q3p1/2P5/5P2/4Q3/PP2N1PP/R3KB1R b KQ - 1 18,f8d8,315,midgame
1k2r2r/pp1q4/3p1R1p/3N4/2P1nQp1/P3B1P1/1P5P/3R2K1 w - - 9 30,c4c5,460,midgame
2bqnrk1/6p1/3p1n1p/2pP1p1P/2P4R/N1Q1PN2/5PP1/5K2 b - - 10 30,f6e4,-471,midgame
2r2rk1/5p1p/3p2pP/p2Pp1b1/P7/qB1QPP2/3P2P1/1R2K2R b K - 0 27,c8c1,24,midgame
r1b2r1k/2p3p1/ppq4p/8/2N2p2/2P5/PPQ2PPP/R4RK1 w - - 0 21,c4e5,374,midgame
1k5r/pn3R2/2p2p2/1pq1bN1p/8/2P2QP1/PP2BPP1/6K1 w - - 1 32,f3d3,300,midgame
3q1r2/5ppk/3b4/1p6/3pbPP1/3nP3/1P5P/2BQ1RK1 w - - 1 21,g4g5,-620,midgame
3r4/1p3ppk/4p2p/1Pb1p3/2P1P3/3B1P1P/4Q1Pq/3RK3 w - - 9 46,e1d2,-316,midgame
3rk2r/p6p/2qP1pp1/1RPnB3/8/7Q/P4P1P/1R4K1 w - - 3 33,h3e6,1138,midgame
rn5r/1p1k1Bpp/2p5/Q3Pb2/3Nn3/4PN2/Pp3PPP/R3K2R w KQ - 1 16,a1b1,442,midgame
rr1n1k2/p4pnp/B2pb1p1/P1p3P1/3P1P2/2N2N1P/1PP2K2/2B4R w - - 0 24,d4c5,134,midgame
2krrb2/1p1q2p1/p4n1p/P1p1R3/2Q5/3P3P/1BP2PP1/R5K1 b - - 0 21,f8d6,-378,midgame
6k1/4ppbp/3p2p1/1PpP1b2/1q2NP2/2NQPnP1/1P3K2/r1BR4 b - - 2 25,g7c3,-384,midgame
r1b1kb1r/2pn1pp1/2pQ4/4p1B1/p3P2p/P1N2PNP/1PP3P1/R2R2K1 b kq - 0 21,f8d6,-60,midgame
6k1/5pp1/Q3p2p/2q1P3/1p1N3P/2n3P1/5P2/2R2K1b w - - 0 36,d4e2,-2,midgame
2r3k1/p2n1p1p/3pp1p1/6P1/8/PP3q1P/R3N2K/2BQ4 w - - 0 27,d1d4,49,midgame
1nr2k2/5p2/1Qp3pr/3b3p/R7/P4B1P/1P4P1/4R2K w - - 3 36,b6c5,826,midgame
r4k1r/pp1B1ppp/8/2p5/1q1p4/4Q3/P4PPP/2B2RK1 w - - 0 21,e3e5,274,midgame
4rk2/2p1rpp1/pbn3bp/1p2P3/PP6/1BP2NNP/5PP1/2R1R1K1 w - - 0 1,a4a5,103,midgame
2r3k1/pp3pp1/4q2p/4p3/bB2Pn2/P4P2/1P1Q2PP/2R2BK1 w - - 0 1,c1c8,59,midgame
rn1q1knr/2pbb1pp/p3p3/4Pp2/Np6/1P1BBN2/P1P1QPPP/R3K2R b KQ - 3 13,d7b5,332,opening
1r2kb1r/5pp1/p1n1b1qp/1p1Np3/7P/1QP5/1P1N1B2/K1R2B1R b k - 0 24,e6d5,48,opening
r4rk1/1bq1bpp1/1pn1p2p/p2n4/3P4/PP3NP1/1BQN1P1P/2R1KB1R w K - 2 15,f1g2,-61,opening
1r3rkb/1P2p2p/1Qpqp1p1/8/1p2PP2/4B1PB/1Pn4P/RN3RK1 w - - 2 22,e4e5,420,opening
r4rk1/pp1b3p/2p5/q3npp1/1bP1nP1N/1P2P1PP/P1Q1N1B1/R4K1R w - - 0 22,h4f3,-409,opening
1rb1kb1r/5pp1/p1n3qp/1p2p3/7P/1QP1N3/nP1N1B2/K2R1B1R b k - 3 22,c8e6,72,opening
rn1qkb1r/pp2np1p/2b1p1p1/2pp4/4P3/N1PP1NP1/PP3PBP/R1BQ1RK1 b kq - 5 8,f8g7,50,opening
rnbqk2r/1p1pbppp/p4n2/2pN4/2Pp4/4PNP1/PP3PBP/R1BQK2R b KQkq - 0 8,d4e3,11,opening
3r1rk1/2q1b2p/b2Npp2/p3Pp2/Pp1R4/2p4Q/4PPBP/R6K b - - 1 28,f6e5,-445,opening
r3kb1r/ppq2p2/b1np1np1/4p2p/4P3/PPN2PN1/2P3PP/R1BKQ2R b kq - 4 15,c6d4,-558,opening
r4k1r/pppb1pp1/2p2n2/4pq2/7P/1P2PPP1/PQPP4/RN2K1NR w KQ - 1 15,b1c3,166,opening
2k2b1r/ppqrnp1p/2p2p2/8/2N3Q1/3B3P/PP3P1P/R1B2RK1 w - - 2 15,c1f4,474,opening
2r2krb/p1P1qp1p/8/6pN/Q1n2Pb1/4P1P1/PP4BP/R1B2RK1 w - - 3 25,a4c4,313,opening
r1bqk2r/1p3p2/p1n1p3/2bp2p1/P3n2p/2p1PNPP/1PN1QPB1/R1B2RK1 w kq - 0 14,g3g4,-221,opening
3rk2r/1p1b1p2/3q2n1/4p1np/p2pP3/P2P2P1/1P1Q2BP/2RN1RK1 w k - 0 30,d2g5,-77,opening
r1bq1rk1/pp2ppbp/2Bp2p1/2p5/3PP1n1/2N1BN2/PPP2PPP/R2Q1RK1 b - - 0 9,g4e3,-77,opening
r1bqkb1r/1p1p3p/p1n1pp1n/8/6pN/2N3B1/PPPQPPPP/2KR1B1R b kq - 4 10,d7d5,67,opening
r4rk1/3p1ppp/2nPp3/2B5/1PP1n3/pQ1P1qPP/p4P2/R1N1K1R1 b - - 2 25,e4c5,-481,opening
r1b2rk1/1pp2pp1/n2p3p/p1bP1q2/4N3/3QP1P1/PPP1P1BP/R2NK2R w KQ - 8 14,e4c5,-17,opening
rnbqk3/2b3p1/ppp1pp1r/6N1/1PPPBP1p/P4Q2/1B4PP/R4RK1 w q - 0 17,d4d5,437,opening
r1bqk2r/1p3pb1/p3p3/2ppPnNp/3n1P2/2NP1B1P/PPPQ1P2/3RR1K1 w kq - 4 17,f3h1,-399,opening
r1b1r1k1/1pq2pp1/p1n2n1p/2bp4/3P4/2NBQN1P/PPP2PP1/R4RK1 w - - 0 15,c3d5,-75,opening
3rr1k1/1p3pp1/p4n1p/P1p2b1P/1qNP4/1PN2PP1/3Q4/R5KR w - - 0 25,h1h4,-223,opening
r3qrk1/pp1bbppp/4p3/8/2Ppn3/P5P1/1BQPPPBP/R3K2R w KQ - 0 15,g2e4,-78,opening
r2q1rk1/p2bbppp/1ppp1n2/3P4/2P1p3/2Q1P2P/PP1B1PP1/R3KBNR w KQ - 0 13,g1e2,-62,opening
r2qk2r/2p1n1b1/3p2pp/p1pPpb2/2P4N/4B2P/PPBQ1PP1/R4RK1 b kq - 1 15,e8g8,45,opening
3rkb2/1bp1q2r/p3Pnpp/1p3p2/5B2/1BP3NQ/PP3PPP/3RR1K1 w - - 3 22,d1d7,395,opening
3r1k2/1pq2ppB/p1p4p/2nr4/8/P1B1RN1P/1PQ2P2/R5K1 w - - 3 27,a1e1,596,opening
3r1k1r/pp1bqppp/8/3P4/1nP5/1N3R2/PP2B1PP/R2Q3K w - - 6 22,d1d2,388,opening
r1b1k2r/ppppqppp/2n2n2/2b5/3pP3/1N1B4/PPP1NPPP/R1BQK2R w KQkq - 10 8,b3c5,-9,opening
rnb1k2r/1pq1pp1p/2pp2p1/p2P3n/2P1P1P1/2bBBN1P/PP3P2/R2Q1RK1 w kq - 0 13,b2c3,194,opening
1kr4r/3p1pp1/pP2p3/4q3/Pb1pN1np/1P1B1bPP/1B1P1P2/R3QRK1 w - - 5 20,h3g4,-113,opening
rr4k1/2q2p1p/3n1b2/3p1p2/p3n2P/Q1P1PNP1/PP1N1P2/R1B2K1R b - - 5 27,d6b5,-479,opening
r2qk2r/pb3ppp/2n2n2/1p2p3/1b6/2NPQ1P1/PP2PPBP/1R2K1NR b Kkq - 0 12,e8g8,-485,opening
1r2k1r1/p3qpbp/1n4p1/Q1p2b2/5N2/4P1P1/PP1P1PBP/R1B1K2R w KQ - 3 17,d2d4,278,opening
2kr1b1r/pppnppp1/8/3pPq2/P6p/1P1QP2P/1BP2PP1/RN2K2R b KQ - 2 12,f5d3,-142,opening
rn2k1nr/1p1qp1bp/2p3p1/p2pPB2/3P4/N1P2N2/PP4PP/R1BQK2R b KQkq - 0 10,d7f5,261,opening
r1bq1rk1/1p2ppbp/n2p1np1/p1p5/2PPPB2/1QN2NPP/PP3P2/3RKB1R b K - 1 10,c5d4,-128,opening
r3kb1r/1p3p1p/2p3p1/N1Pq1b2/Q3p3/P3P3/3B1PPP/R3KB1R b KQkq - 0 16,f8c5,290,opening
1k3r2/pp1rb1q1/2p1n1p1/B2pP2p/N3nP2/3QP3/PP2B1PP/2R2RK1 w - - 5 30,b2b4,208,opening
3qk2r/3bpp2/3p2pp/1pnP4/4P3/Q2PB2P/P1r1NPP1/b3KB1R w Kk - 5 19,e2d4,-504,opening
r1r5/pp2bppk/3pp3/1Nn1n3/1qPR1B2/5P2/P4PPP/2KQR3 w - - 0 20,e1e5,-444,opening
r4r1k/1pp1n1pp/p1b5/2PBP1Pq/4Qp1P/4nN2/PP3P2/3RK1R1 b - - 2 24,e7d5,-613,opening
rk4r1/p1qp2pp/Q2N1n1b/2B5/1PPnp3/2N3P1/P3BP1P/R4RK1 b - - 0 24,d4e2,623,opening
r3r1k1/1b1pq2p/1B2n1pQ/p1Pp1p2/8/P2B1N2/1P3PPP/R4RK1 b - - 0 23,d5d4,408,opening
r1r3k1/3npp1p/p3qn2/3p1Nb1/3P2P1/R2QP2P/1BPN4/4K1R1 w - - 0 25,h3h4,124,opening
r1b1r3/pppp1kp1/2q4p/8/1bn1P2P/2N2P2/PP2Q1P1/2R1K1NR b K - 6 15,d7d5,-494,opening
rnb2rk1/pp2ppbp/q1pp2p1/P7/3PBP1N/2P4P/1PQ1PP2/RN2K2R b KQ - 0 13,c6c5,-74,opening
r2qk2r/pb1p1p2/1p2pb1p/2pn2p1/8/PPN1PNP1/1B1Q1PBP/R4RK1 b kq - 3 14,d5c3,284,opening
r3k2r/1p2bppp/p1n2n2/7b/2P4N/q2PP3/3B1PPP/1R1QKB1R w Kkq - 2 14,f1e2,-266,opening
r1b2rk1/4ppbp/p2p1np1/qp1P4/3N1B2/2N5/P1PQ1PPP/2KR1B1R b - - 1 13,a5a3,-236,opening
1k1r3r/1bpq1ppp/Bpn1p3/8/3PN3/P4N2/1P2QPPP/2R2RK1 b - - 0 21,b7a6,466,opening
r1b1kb1r/pp2pp2/2n2npp/2p2q2/4N3/N2P2P1/PPP2PBP/R1BQ1K1R w kq - 4 11,a3b5,112,opening
rn1qk2r/ppp1npp1/2b5/4b2p/2Pp4/P2B4/1PQP1PPP/RNB1R1K1 w kq - 0 12,e1e5,-162,opening
r5k1/pp1nqpbp/2p3p1/P2p4/1P1NrP2/2PQP1P1/B6P/1R1KR3 b - - 0 22,a8e8,-222,opening
rnb1k2r/ppq1ppbp/3p2p1/2pP3n/P1B2B2/4PP1P/1PP3P1/RN1QK1NR w KQkq - 1 9,c2c3,-100,opening
r4rk1/1pp2pp1/3qbn2/4N2p/pb2PP2/3P2PP/3BN1B1/2Q1K2R b K - 1 21,a4a3,-441,opening
r1b2rk1/1pppqppp/1pn5/4P3/P2Pn3/6P1/1PP1B2P/R1BQK1NR w KQ - 1 13,g1f3,-67,opening
4kbnr/pp3ppp/2n1p3/2p2q2/2P5/3rBB1P/PP3PP1/RN1Q1RK1 w k - 0 12,f3c6,250,opening
r2qk1nr/5ppp/p2P1b2/n1pP4/8/1Pp5/2PPB1P1/R1BQ1K1R w kq - 1 16,d6d7,-183,opening
rn1qkbr1/pp3p2/2p1pp1p/3p4/3P3N/1PN1P2b/P1P1BPPP/R2Q1RK1 w q - 0 11,e2h5,-42,opening
3r1rk1/pq2bppp/b4n2/2p1B3/N7/P3PN2/2Q2PPP/2R1K2R b - - 2 21,f6e4,-313,opening
1k1rrb2/pP3qpp/2Pp2b1/1N1Pn3/8/1B4B1/2PQ1PPP/R4RK1 b - - 2 26,d8d7,882,opening
1r2k2r/q4pp1/3p1b2/1p2n2p/4P2P/PQ1P2P1/3NBP2/2R2RK1 w k - 2 25,b3d5,197,opening
2rqk1nr/1Q1n4/3BB1p1/p7/2p5/2N4P/P4PP1/1R1R2K1 b k - 0 32,g8e7,932,opening
r2q1rk1/6b1/p2p2pp/1P2np1n/1Q5P/P1N1P3/1PB5/R1BK2Nb b - - 3 22,a6b5,-676,opening
rn2k1b1/3qp2p/p1p2bp1/6N1/3pB3/B1p3Q1/2P3PP/3R1RK1 b q - 7 25,e8d8,500,opening
2q2k1r/p4n1p/1p1p2p1/3Nn3/2b1BRPb/4P2P/PP1B4/R2Q2K1 b - - 5 25,f8g7,281,opening
1r3rk1/4n1b1/3qb2p/2pp4/Q2n1p2/1PNP3P/P2NPPB1/2R2K1R b - - 0 29,b8a8,-558,opening
2r3k1/1bq2pP1/3Nnb2/4p3/1p2P2P/1P2B3/r1PQ1PB1/1NK1R2R w - - 1 28,d6c8,332,opening
rn1qk2r/4ppbp/2ppb1p1/7n/p1pP4/2Q1BNPP/PP1NPPB1/R3K2R w KQkq - 0 12,d2c4,-42,opening
r6r/ppqk1ppp/3b1n2/2pp4/3Pp3/1P2P3/P1P2PPP/RNBQ1RK1 w - - 0 11,h2h3,-10,opening
r2q1rk1/pppbb1p1/3p3p/1PnN4/2PpP2P/P5P1/3Q1PB1/1R2K1NR b K - 0 19,e7f6,-42,opening
2r2rk1/p1qp2pp/1p2p3/5p2/1PPP1Pn1/P2BB3/3Q1P1b/2KR3R b - - 2 19,a7a5,-82,opening
r2k3r/4p1bp/2pp1np1/p4b2/1q6/1BN2N2/PP1B1PPP/2RQ1RK1 w - - 0 16,c3e2,559,opening
2r2rk1/pp2bppp/q4n2/nN3b2/B1P5/P2pBN2/QP3PPP/2R2K1R b - - 13 21,a5c4,-506,opening
r1bq1rk1/5ppp/p2b1n2/2Bp4/Nn6/1P3N2/P1Q1PPPP/2R1KB1R w K - 3 13,c2d2,-36,opening
r1b2rk1/pp1pppb1/n1p2npp/2P5/3P4/1P3NP1/Pq1BPPBP/RN1Q1RK1 w - - 5 12,d2c3,498,opening
r2qk2r/p3ppb1/bp1p1Bp1/2p4p/1nPPP2P/2N2NP1/PP3PB1/R2QK2R b KQkq - 0 11,g7f6,218,opening
1rbq1k1r/R7/2Bp1bpn/1p2ppp1/7P/1QNPB1P1/4PP2/5RK1 w - - 1 21,b3d5,388,opening
r2q1rk1/3n1ppp/b2b1n2/p1pP4/Q7/2N1BN2/PP3PPP/3R1RK1 b - - 3 15,a6f1,-436,opening
rnb1k1nr/1p2pp1p/pq1p2p1/8/4P3/1Nb1B3/PPP1BPPP/R2Q1RK1 b kq - 1 9,b6c7,42,opening
2kr1b1r/pp2pp1p/2b3p1/q1pnP3/2B5/1P2PN1P/P2N1PP1/R2QK2R b KQ - 2 13,f8h6,-92,opening
r6r/P2qnkp1/2n2p2/1QBp3p/6bN/6P1/1PP2PBP/R3R1K1 w - - 5 25,c5e7,633,opening
3r1rk1/pb3ppp/1p2p3/2b5/2BN2nq/PP1QB3/4NPP1/R4RK1 w - - 0 20,e3f4,-207,opening
r1b1k2r/ppp2p1p/4p1p1/3nQ3/3P4/q1P5/P1PB2PP/1K1R1B1R b kq - 0 15,e8g8,-91,opening
1r2r1k1/2pb1ppp/2pp2q1/p3n3/4PR1P/1PN1P3/P1BQ2P1/2R4K w - - 9 24,c1f1,-260,opening
1qr1r2k/p3b1pp/b3Bn2/P7/1p2P3/4nNP1/1P2N2P/R2QR1K1 w - - 1 26,d1b3,-391,opening
r4rk1/3bbpp1/p2p3p/qp1Pp3/3pP3/1Q1P1NP1/PP3PBP/3RR1K1 b - - 3 17,f8c8,-121,opening
2r1k2r/p2npp2/1pqp4/4bQNp/2P4p/6P1/PP2PP2/R1BR2K1 b k - 1 20,h8f8,-207,opening
4rrk1/pp3bpp/2pp4/3n1p2/q4B1P/3B1n2/4N3/1RQ2K1R b - - 0 30,d5f4,-633,opening
1rq2rk1/pp3pbp/3p1np1/4p3/bPP1n1P1/PN2PN1P/1BB2P2/RQ2K2R w KQ - 1 17,g4g5,-107,opening
r2qk2r/1b2bppp/p2pn3/1p1N4/2p1PB2/P4N1P/1P2BPP1/1R1QR1K1 w - - 6 20,f4e3,515,opening
r1bqkb1r/1p3p1p/n1pp1np1/p5B1/2PpP3/3B1N2/PP2NPPP/R2QK2R b KQkq - 1 9,c6c5,-128,opening
rn2kb1r/pb1pp2p/3P1pp1/2pq4/2N5/3B2PN/PB3K1P/R2Q2R1 w kq - 2 16,h3f4,484,opening
r2k3r/2p1q1b1/2n1pn1p/p2p4/3P1Bp1/2P1P1P1/3NNPB1/R2Q1RK1 b - - 5 23,h6h5,511,opening
1r3rk1/pp1bbppp/4p3/q2pP3/n2N4/PRPB1PPP/2PB4/2Q1R1K1 w - - 3 20,d3f1,-106,opening
r1b2rk1/ppp1qppp/2nppn2/4P3/3P4/2PQ1N2/P1P1BPPP/R1B2RK1 b - - 0 9,d6e5,114,opening
r1bq1rk1/1p2b1pp/p3p3/2pp4/P7/2PP1nPP/1P2QP2/RNBK1B1R b - - 3 14,c5c4,-183,opening
r2qr1k1/1ppb1pp1/p1nbp2p/8/2PPN3/4PB2/PB3PPP/R2Q1RK1 b - - 0 14,a8b8,89,opening
7k/p6p/1nr1pPp1/2N4n/p1Pr2N1/4Q1PP/2q2P2/RR3BK1 b - - 0 31,d4g4,645,opening
r1b2rk1/1p1p1p1p/p1n2p2/5N2/2q5/6P1/PP3PBP/R2Q1RK1 b - - 1 15,d7d6,299,opening
r1bq1rk1/4bppp/p2ppn2/1npP4/2B5/P1NQPN2/1P1B1PPP/R3K2R b KQ - 2 13,b5c3,-52,opening
r2qkb1r/5ppp/p2pbn2/Ppp1n1N1/4P3/2N1Q2P/1PP2PP1/R1B1KB1R w KQkq b6 0 11,a5b6,191,opening
r1bqr1k1/pp3ppp/1b3n2/1P2N3/N2p4/P2BP3/5PPP/R1BQ1K1R b - - 0 14,e8e5,-75,opening
rnb2rk1/1p3ppp/pq2p3/2b5/4B3/5N1P/PPPQ1PP1/R1B1K2R w KQ - 1 11,e1g1,35,opening
2k4r/pp1npp2/2prqnp1/P3Nb1p/3P1B1P/4PP2/1P1N2P1/R1Q1KB1R w KQ - 3 18,a5a6,538,opening
rr4k1/4bpp1/2q1p2p/2P4P/p2P2n1/Qp1nBN2/1P1R1PP1/K6R w - - 0 30,d2d3,-310,opening
3q1rk1/1p2ppbp/1n2b1p1/p1Pp4/1P1N1n2/P6P/2P1PPP1/R2QKB1R w KQ - 0 14,c5b6,59,opening
5rk1/pp3pp1/3b3p/qN3b2/8/P2r2P1/1Q1BNP1P/R3K2R b KQ - 2 20,a5b6,-58,opening
r2q1bnr/2pb1kpp/p3pp2/1p6/Pn1PP3/1pN2N2/3B1PPP/R2QKB1R w KQ - 0 12,d1b3,77,opening
r4rk1/pp2bppp/4p3/1q1pP3/1Pb2PB1/P1P3PP/2Q2R2/2B1R1K1 w - - 3 28,a3a4,90,opening
1rbqk2r/pp2bppp/2n5/2pn4/5P2/1B1P1N2/PPP3PP/R1BQ1RK1 w k - 0 11,f3g5,-342,opening
2r4r/4n1k1/p1q2np1/1p2p2p/4P1bP/1N1B2Q1/PPP3P1/1K2RR2 w - - 0 27,g3e5,-218,opening
rnbq1rk1/1pp1p1bp/3p2p1/p4p1n/2PP3P/1Q1BPN2/PP3PPB/RN2K2R b KQ - 6 9,a5a4,-59,opening
r4k1r/2p1bppp/4p2n/p2pP3/3P1N1q/Pb3PN1/1Q4PP/2B1K2R w K - 1 24,b2b3,-273,opening
rn1qk1r1/pp2bp2/2p1p2p/3p1p2/3P3N/1PN1PP1b/P1P1B1PP/R3QRK1 w q - 2 13,h4f5,-400,opening
r1b1kb1r/2p1n1pp/p3P3/n4pN1/q6P/P4N2/BP2QPP1/R1B2RK1 b kq - 4 16,c8b7,524,opening
r2qk1nr/pp1nppbp/2pp2p1/8/2PP2b1/1P2BNP1/P3PPBP/RN1QK2R b KQkq - 4 7,g8h6,15,opening
r3qrk1/p4pbp/Pp1Bb1p1/2p1n3/R7/1N1Q1NPP/4PPB1/5K1R w - - 8 23,d6e5,-114,opening
r1bq1rk1/pp2bppp/4p3/2Pp4/1n1P2n1/2N1BN2/PP2BPPP/R2Q1RK1 w - - 3 12,e3f4,163,opening
r2k2n1/ppp3pr/2P2pNp/1B2pQ2/8/8/3q1bPP/R4R1K w - - 0 20,c6b7,99990,opening
3rr1k1/1p3pbp/1PpB2p1/8/p2p2nP/3RP2q/P1P1N3/2QNK1R1 w - - 12 27,c1a3,-178,opening
r1bq1k1r/1p2bpp1/pn3n1p/2pP2B1/B7/2N2N2/PP3PPP/R2Q1RK1 w - - 0 15,g5f6,118,opening
rn1qk2r/2p2pbp/1p4p1/p2n1PN1/3p4/1Q6/PP1N1PPP/R1B1KB1R w KQkq - 0 12,f1c4,403,opening
